timestamp,open,high,low,close,volume
2026-02-11 19:00:00,610.06,613.45,609.28,612.57,2789.254
2026-02-11 19:15:00,612.57,613.35,610.64,610.68,706.35
2026-02-11 19:30:00,610.68,612.98,609.2,612.44,725.362
2026-02-11 19:45:00,612.44,612.88,610.17,610.47,638.72
2026-02-11 20:00:00,610.46,611.27,608.59,610.62,639.1
2026-02-11 20:15:00,610.61,611.33,606.4,606.58,1949.384
2026-02-11 20:30:00,606.57,608.79,606.36,608.47,674.744
2026-02-11 20:45:00,608.45,611.25,608.36,609.9,764.536
2026-02-11 21:00:00,609.91,611.68,609.13,610.92,603.176
2026-02-11 21:15:00,610.92,614.34,610.02,614.06,1987.963
2026-02-11 21:30:00,614.06,617.9,612.29,614.59,3188.172
2026-02-11 21:45:00,614.59,615.25,613.41,613.73,610.417
2026-02-11 22:00:00,613.74,613.8,609.41,610.68,1218.423
2026-02-11 22:15:00,610.69,611.37,609.04,610.56,809.511
2026-02-11 22:30:00,610.56,611.25,608.85,610.82,523.973
2026-02-11 22:45:00,610.81,610.92,608.46,608.97,785.12
2026-02-11 23:00:00,608.98,610.26,607.5,608.3,1325.076
2026-02-11 23:15:00,608.29,608.44,604.51,605.84,1453.43
2026-02-11 23:30:00,605.84,607.69,604.68,607.66,569.036
2026-02-11 23:45:00,607.65,608.32,606.97,608.11,572.136
2026-02-12 00:00:00,608.11,611.16,608.11,611.09,1382.368
2026-02-12 00:15:00,611.08,612.62,610.88,611.99,1161.078
2026-02-12 00:30:00,612.0,612.85,610.0,611.8,2507.942
2026-02-12 00:45:00,611.79,612.79,611.29,611.48,635.885
2026-02-12 01:00:00,611.48,613.01,611.39,612.7,1001.331
2026-02-12 01:15:00,612.69,613.69,611.28,612.7,874.381
2026-02-12 01:30:00,612.7,614.16,611.79,612.97,957.713
2026-02-12 01:45:00,612.97,613.1,611.52,611.68,478.159
2026-02-12 02:00:00,611.69,613.83,610.99,611.85,1506.618
2026-02-12 02:15:00,611.85,613.08,610.78,612.82,1259.276
2026-02-12 02:30:00,612.81,616.07,612.65,615.27,965.925
2026-02-12 02:45:00,615.28,615.28,612.91,613.01,638.349
2026-02-12 03:00:00,613.01,614.49,612.49,614.37,818.333
2026-02-12 03:15:00,614.36,614.57,613.18,613.68,531.372
2026-02-12 03:30:00,613.67,615.24,613.36,614.89,570.978
2026-02-12 03:45:00,614.89,617.3,614.69,616.6,1158.835
2026-02-12 04:00:00,616.61,618.25,615.7,617.49,2281.735
2026-02-12 04:15:00,617.49,617.49,614.53,614.73,873.887
2026-02-12 04:30:00,614.72,616.06,613.65,615.54,2131.27
2026-02-12 04:45:00,615.53,615.99,613.49,613.58,779.577
2026-02-12 05:00:00,613.57,614.95,611.5,611.71,1197.011
2026-02-12 05:15:00,611.71,614.03,611.21,613.63,1149.483
2026-02-12 05:30:00,613.62,615.25,613.35,614.64,742.308
2026-02-12 05:45:00,614.64,615.85,614.64,615.66,694.151
2026-02-12 06:00:00,615.65,616.73,615.0,616.0,649.481
2026-02-12 06:15:00,616.01,618.08,615.33,617.76,685.006
2026-02-12 06:30:00,617.77,618.07,615.75,615.91,632.464
2026-02-12 06:45:00,615.91,616.34,615.36,615.84,723.662
2026-02-12 07:00:00,615.84,616.27,614.25,614.59,1020.921
2026-02-12 07:15:00,614.6,617.92,614.38,617.54,1325.373
2026-02-12 07:30:00,617.53,617.62,614.45,614.87,5912.879
2026-02-12 07:45:00,614.86,615.41,614.51,615.25,759.961
2026-02-12 08:00:00,615.25,616.04,614.29,615.14,532.499
2026-02-12 08:15:00,615.14,615.14,611.51,612.22,1561.176
2026-02-12 08:30:00,612.23,612.28,611.08,611.08,993.403
2026-02-12 08:45:00,611.07,612.09,610.85,611.53,753.406
2026-02-12 09:00:00,611.54,613.37,610.53,612.56,1647.684
2026-02-12 09:15:00,612.56,614.1,612.56,613.92,1266.345
2026-02-12 09:30:00,613.92,617.45,613.91,614.68,4401.027
2026-02-12 09:45:00,614.68,615.9,613.94,614.45,2411.673
2026-02-12 10:00:00,614.45,615.75,613.8,614.88,1866.524
2026-02-12 10:15:00,614.87,615.07,613.64,615.07,749.518
2026-02-12 10:30:00,615.06,617.16,615.06,616.18,1246.456
2026-02-12 10:45:00,616.19,619.06,616.02,619.06,1155.795
2026-02-12 11:00:00,619.06,619.17,616.35,616.87,1052.412
2026-02-12 11:15:00,616.88,619.97,616.65,619.69,1097.344
2026-02-12 11:30:00,619.69,620.87,618.0,618.43,1401.023
2026-02-12 11:45:00,618.42,618.74,617.26,617.69,510.544
2026-02-12 12:00:00,617.69,618.15,616.49,617.74,679.118
2026-02-12 12:15:00,617.74,617.82,616.71,617.5,461.134
2026-02-12 12:30:00,617.5,617.52,616.33,616.44,520.281
2026-02-12 12:45:00,616.44,616.76,614.16,615.41,794.869
2026-02-12 13:00:00,615.4,615.68,614.24,614.97,892.832
2026-02-12 13:15:00,614.97,616.03,613.44,614.0,3180.377
2026-02-12 13:30:00,613.99,617.22,613.68,616.84,921.456
2026-02-12 13:45:00,616.85,618.27,615.76,618.24,995.379
2026-02-12 14:00:00,618.24,618.28,613.0,613.53,1452.531
2026-02-12 14:15:00,613.53,613.8,611.98,612.67,1230.335
2026-02-12 14:30:00,612.67,614.86,611.59,611.76,1608.089
2026-02-12 14:45:00,611.71,614.38,611.0,612.24,1280.46
2026-02-12 15:00:00,612.23,613.6,607.72,610.84,4360.08
2026-02-12 15:15:00,610.85,614.36,610.37,613.62,1808.944
2026-02-12 15:30:00,613.58,614.39,609.5,610.39,1585.622
2026-02-12 15:45:00,610.4,611.79,608.76,609.2,1501.086
2026-02-12 16:00:00,609.21,610.15,604.51,604.83,3371.044
2026-02-12 16:15:00,604.83,607.14,601.1,601.79,3621.477
2026-02-12 16:30:00,601.8,608.59,600.6,607.26,3427.309
2026-02-12 16:45:00,607.26,608.12,602.29,604.23,2172.94
2026-02-12 17:00:00,604.24,607.04,603.36,605.16,1785.112
2026-02-12 17:15:00,605.16,608.31,604.16,607.21,1453.213
2026-02-12 17:30:00,607.21,609.02,606.15,606.69,1288.643
2026-02-12 17:45:00,606.7,607.15,603.14,603.45,1126.23
2026-02-12 18:00:00,603.45,606.29,603.28,605.66,725.85
2026-02-12 18:15:00,605.68,605.95,602.48,603.05,1328.426
2026-02-12 18:30:00,603.05,605.35,602.03,604.99,731.333
2026-02-12 18:45:00,604.99,607.73,604.97,606.95,648.164
2026-02-12 19:00:00,606.95,607.68,604.99,606.39,588.659
2026-02-12 19:15:00,606.39,611.0,606.38,609.56,1707.568
2026-02-12 19:30:00,609.55,612.32,609.37,610.45,644.764
2026-02-12 19:45:00,610.47,611.42,607.71,608.13,674.293
2026-02-12 20:00:00,608.17,609.83,606.77,607.7,599.479
2026-02-12 20:15:00,607.72,608.21,606.47,606.76,463.11
2026-02-12 20:30:00,606.8,607.89,606.16,607.09,628.123
2026-02-12 20:45:00,607.1,607.23,604.0,604.95,759.795
2026-02-12 21:00:00,604.94,606.78,604.82,606.67,374.279
2026-02-12 21:15:00,606.66,607.42,605.57,606.26,427.723
2026-02-12 21:30:00,606.28,608.26,605.91,607.6,618.303
2026-02-12 21:45:00,607.6,608.26,606.92,607.34,975.955
2026-02-12 22:00:00,607.36,607.56,605.95,607.08,415.962
2026-02-12 22:15:00,607.1,608.24,605.97,608.11,650.632
2026-02-12 22:30:00,608.11,610.9,607.91,610.79,1151.501
2026-02-12 22:45:00,610.79,612.55,610.79,612.24,692.094
2026-02-12 23:00:00,612.24,614.0,611.62,613.47,1311.889
2026-02-12 23:15:00,613.48,616.0,612.91,614.46,1588.09
2026-02-12 23:30:00,614.47,615.1,613.36,613.68,873.366
2026-02-12 23:45:00,613.68,614.65,613.45,614.29,545.997
2026-02-13 00:00:00,614.29,616.64,613.68,614.91,1348.384
2026-02-13 00:15:00,614.9,614.91,612.07,612.26,1214.805
2026-02-13 00:30:00,612.27,612.73,611.03,611.03,596.339
2026-02-13 00:45:00,611.04,611.86,609.8,611.0,1182.114
2026-02-13 01:00:00,610.99,613.52,610.84,613.25,855.491
2026-02-13 01:15:00,613.25,613.48,611.71,613.05,634.957
2026-02-13 01:30:00,613.05,615.5,613.05,615.14,974.467
2026-02-13 01:45:00,615.15,616.37,614.67,615.5,968.474
2026-02-13 02:00:00,615.5,616.3,613.24,613.96,5231.42
2026-02-13 02:15:00,613.95,613.95,610.03,611.14,8144.472
2026-02-13 02:30:00,611.14,612.08,609.0,610.79,5669.7
2026-02-13 02:45:00,610.78,611.54,609.87,610.18,2965.894
2026-02-13 03:00:00,610.18,610.44,607.5,607.83,2277.275
2026-02-13 03:15:00,607.83,610.2,607.68,610.07,1824.489
2026-02-13 03:30:00,610.07,612.0,609.8,609.81,2262.974
2026-02-13 03:45:00,609.81,609.98,608.33,608.85,1745.776
2026-02-13 04:00:00,608.86,608.86,607.5,608.56,1716.041
2026-02-13 04:15:00,608.56,609.5,607.1,607.17,1717.161
2026-02-13 04:30:00,607.17,607.43,606.41,606.5,1400.396
2026-02-13 04:45:00,606.5,606.85,605.71,605.9,1007.108
2026-02-13 05:00:00,605.9,606.17,603.04,603.14,2144.459
2026-02-13 05:15:00,603.14,604.0,602.3,603.04,1222.375
2026-02-13 05:30:00,603.03,603.7,601.52,602.15,1681.695
2026-02-13 05:45:00,602.16,602.4,598.46,598.87,3728.172
2026-02-13 06:00:00,598.87,598.92,596.72,597.01,3259.482
2026-02-13 06:15:00,597.02,598.06,592.49,593.14,4551.671
2026-02-13 06:30:00,593.15,596.48,592.6,596.0,1972.059
2026-02-13 06:45:00,596.0,598.25,595.82,597.83,1729.391
2026-02-13 07:00:00,597.84,601.12,597.29,600.16,2272.125
2026-02-13 07:15:00,600.15,600.66,599.35,599.89,3049.25
2026-02-13 07:30:00,599.89,599.89,596.16,596.92,1729.733
2026-02-13 07:45:00,596.92,598.71,596.68,598.11,1342.913
2026-02-13 08:00:00,598.12,599.89,597.68,598.36,1038.356
2026-02-13 08:15:00,598.37,601.35,597.88,601.2,1201.748
2026-02-13 08:30:00,601.21,602.84,600.98,602.68,1753.742
2026-02-13 08:45:00,602.68,604.36,601.54,602.39,1888.018
2026-02-13 09:00:00,602.39,602.49,599.48,600.11,1102.72
2026-02-13 09:15:00,600.12,602.0,600.12,601.67,1081.765
2026-02-13 09:30:00,601.67,602.5,601.27,601.54,1055.783
2026-02-13 09:45:00,601.53,603.3,601.46,602.15,1365.109
2026-02-13 10:00:00,602.16,602.81,599.28,599.98,1410.982
2026-02-13 10:15:00,599.99,602.43,599.92,600.52,1349.433
2026-02-13 10:30:00,600.52,602.06,600.11,601.69,1008.059
2026-02-13 10:45:00,601.7,602.43,600.88,601.37,1516.316
2026-02-13 11:00:00,601.36,601.42,599.23,599.71,1443.269
2026-02-13 11:15:00,599.72,600.41,598.9,600.22,990.784
2026-02-13 11:30:00,600.22,601.04,598.24,600.43,1605.77
2026-02-13 11:45:00,600.43,601.67,600.0,601.58,522.713
2026-02-13 12:00:00,601.58,601.64,598.29,598.3,1966.499
2026-02-13 12:15:00,598.29,598.78,596.84,598.62,3099.379
2026-02-13 12:30:00,598.62,599.33,598.35,598.77,640.388
2026-02-13 12:45:00,598.76,600.26,598.66,599.06,797.781
2026-02-13 13:00:00,599.06,599.78,597.54,598.03,836.555
2026-02-13 13:15:00,598.03,601.77,597.81,601.06,1172.664
2026-02-13 13:30:00,601.06,603.1,599.26,599.67,4984.541
2026-02-13 13:45:00,599.66,599.81,596.51,598.65,3847.15
2026-02-13 14:00:00,598.65,598.65,595.38,595.53,3028.525
2026-02-13 14:15:00,595.54,599.56,595.52,598.66,6384.319
2026-02-13 14:30:00,598.67,602.3,596.18,599.63,6265.503
2026-02-13 14:45:00,599.63,605.36,599.63,602.62,5737.49
2026-02-13 15:00:00,602.63,608.47,600.7,606.6,8015.878
2026-02-13 15:15:00,606.59,612.52,604.28,612.52,7433.693
2026-02-13 15:30:00,612.51,615.38,609.44,609.75,9250.091
2026-02-13 15:45:00,609.75,610.41,607.52,610.33,2638.199
2026-02-13 16:00:00,610.33,614.78,609.04,614.74,4686.71
2026-02-13 16:15:00,614.73,616.24,612.72,615.71,5069.426
2026-02-13 16:30:00,615.71,619.39,615.01,616.8,5653.505
2026-02-13 16:45:00,616.81,618.6,615.17,615.98,2166.455
2026-02-13 17:00:00,615.98,616.56,613.41,616.4,1931.04
2026-02-13 17:15:00,616.4,617.0,614.93,616.42,1978.046
2026-02-13 17:30:00,616.42,618.72,616.33,617.19,2124.803
2026-02-13 17:45:00,617.18,618.36,615.75,615.99,1407.979
2026-02-13 18:00:00,615.98,616.4,614.01,614.43,2184.02
2026-02-13 18:15:00,614.42,616.91,614.16,616.08,1358.124
2026-02-13 18:30:00,616.08,618.8,615.67,617.25,1888.554
2026-02-13 18:45:00,617.25,618.57,617.1,617.65,1778.796
2026-02-13 19:00:00,617.66,619.44,617.15,619.14,1148.731
2026-02-13 19:15:00,619.14,621.29,618.42,618.42,2600.56
2026-02-13 19:30:00,618.43,618.98,617.07,617.63,1684.574
2026-02-13 19:45:00,617.63,619.45,617.63,618.14,713.142
2026-02-13 20:00:00,618.14,618.25,616.13,616.29,713.048
2026-02-13 20:15:00,616.29,617.41,615.65,616.63,1057.358
2026-02-13 20:30:00,616.64,617.7,616.06,617.35,710.279
2026-02-13 20:45:00,617.34,618.88,617.21,618.34,737.844
2026-02-13 21:00:00,618.33,622.17,618.09,621.87,2095.625
2026-02-13 21:15:00,621.87,622.81,621.11,621.49,1567.858
2026-02-13 21:30:00,621.49,621.67,620.6,621.65,560.545
2026-02-13 21:45:00,621.65,621.65,620.17,621.15,788.581
2026-02-13 22:00:00,621.14,621.39,617.88,618.01,1310.485
2026-02-13 22:15:00,618.01,619.42,618.01,619.36,351.538
2026-02-13 22:30:00,619.35,619.35,618.11,618.89,797.927
2026-02-13 22:45:00,618.89,620.16,618.78,620.1,673.018
2026-02-13 23:00:00,620.09,620.2,619.03,620.2,567.065
2026-02-13 23:15:00,620.2,620.88,619.35,619.41,1322.767
2026-02-13 23:30:00,619.42,619.97,618.28,618.29,458.612
2026-02-13 23:45:00,618.29,619.68,618.29,618.94,478.515
2026-02-14 00:00:00,618.93,619.64,618.64,619.41,763.242
2026-02-14 00:15:00,619.42,619.66,618.45,619.63,846.787
2026-02-14 00:30:00,619.64,621.53,619.57,621.53,1012.558
2026-02-14 00:45:00,621.53,623.77,620.93,623.18,2267.029
2026-02-14 01:00:00,623.18,624.8,622.82,624.22,1998.032
2026-02-14 01:15:00,624.22,624.68,622.95,623.89,1292.896
2026-02-14 01:30:00,623.88,624.8,623.06,624.51,1786.202
2026-02-14 01:45:00,624.52,625.63,623.62,624.07,1298.772
2026-02-14 02:00:00,624.06,624.06,622.7,622.9,1502.173
2026-02-14 02:15:00,622.9,622.9,620.76,620.82,996.507
2026-02-14 02:30:00,620.83,621.78,620.36,621.42,554.513
2026-02-14 02:45:00,621.41,621.41,620.51,620.92,569.33
2026-02-14 03:00:00,620.91,621.39,620.56,620.57,799.805
2026-02-14 03:15:00,620.56,621.44,619.89,620.31,1620.47
2026-02-14 03:30:00,620.3,621.57,620.29,621.28,759.159
2026-02-14 03:45:00,621.29,621.29,616.72,617.5,3741.702
2026-02-14 04:00:00,617.5,617.6,616.01,616.74,1143.846
2026-02-14 04:15:00,616.74,617.64,616.44,617.46,791.258
2026-02-14 04:30:00,617.47,617.68,616.94,617.3,551.192
2026-02-14 04:45:00,617.3,617.51,617.0,617.17,461.459
2026-02-14 05:00:00,617.17,617.17,615.7,617.07,1033.421
2026-02-14 05:15:00,617.08,618.45,617.08,618.11,614.85
2026-02-14 05:30:00,618.12,618.2,617.11,617.27,417.814
2026-02-14 05:45:00,617.27,617.76,616.44,616.57,437.613
2026-02-14 06:00:00,616.57,617.13,615.97,616.42,848.859
2026-02-14 06:15:00,616.42,617.39,616.36,617.39,601.15
2026-02-14 06:30:00,617.38,618.01,617.23,617.69,636.049
2026-02-14 06:45:00,617.7,619.36,617.58,619.35,639.656
2026-02-14 07:00:00,619.36,620.97,618.9,620.71,1250.174
2026-02-14 07:15:00,620.72,621.25,620.2,620.64,687.278
2026-02-14 07:30:00,620.63,621.33,620.18,621.19,596.25
2026-02-14 07:45:00,621.19,622.39,620.83,622.35,2112.602
2026-02-14 08:00:00,622.35,624.93,622.01,624.19,2536.87
2026-02-14 08:15:00,624.18,625.79,623.21,623.98,3590.192
2026-02-14 08:30:00,623.98,627.3,623.98,627.09,1925.953
2026-02-14 08:45:00,627.09,627.7,626.12,627.08,1964.064
2026-02-14 09:00:00,627.08,627.99,626.46,626.67,1716.22
2026-02-14 09:15:00,626.67,627.88,626.18,626.72,744.267
2026-02-14 09:30:00,626.73,627.98,626.52,627.93,782.896
2026-02-14 09:45:00,627.93,629.33,627.92,628.96,2118.637
2026-02-14 10:00:00,628.96,628.99,626.87,627.14,1356.067
2026-02-14 10:15:00,627.15,627.5,626.32,626.82,727.673
2026-02-14 10:30:00,626.83,627.5,626.33,627.08,729.879
2026-02-14 10:45:00,627.08,627.54,626.56,627.45,1597.727
2026-02-14 11:00:00,627.45,631.0,627.28,630.56,1938.944
2026-02-14 11:15:00,630.56,633.79,630.14,631.8,3031.944
2026-02-14 11:30:00,631.79,632.75,630.87,632.72,1445.127
2026-02-14 11:45:00,632.71,633.62,632.13,633.37,2035.185
2026-02-14 12:00:00,633.37,634.2,632.67,633.16,1836.458
2026-02-14 12:15:00,633.16,633.17,631.3,631.87,1184.117
2026-02-14 12:30:00,631.88,631.98,628.53,629.2,1706.954
2026-02-14 12:45:00,629.2,629.73,626.86,627.6,2075.994
2026-02-14 13:00:00,627.6,629.0,626.98,628.73,1150.817
2026-02-14 13:15:00,628.74,628.94,626.94,627.12,1288.221
2026-02-14 13:30:00,627.13,630.0,626.76,629.66,1599.234
2026-02-14 13:45:00,629.66,630.62,629.15,629.98,1522.058
2026-02-14 14:00:00,629.98,631.71,629.4,631.66,986.905
2026-02-14 14:15:00,631.66,632.5,630.79,631.41,1359.862
2026-02-14 14:30:00,631.41,633.5,631.4,633.23,1048.493
2026-02-14 14:45:00,633.24,637.24,632.87,635.85,2856.78
2026-02-14 15:00:00,635.86,635.86,633.7,633.72,2533.085
2026-02-14 15:15:00,633.72,636.74,633.5,635.64,1256.444
2026-02-14 15:30:00,635.64,636.27,633.98,634.69,1270.319
2026-02-14 15:45:00,634.69,635.0,633.76,634.73,740.192
2026-02-14 16:00:00,634.74,634.74,632.81,633.13,1063.158
2026-02-14 16:15:00,633.13,633.13,629.93,630.75,1451.972
2026-02-14 16:30:00,630.76,632.0,629.19,631.75,3190.644
2026-02-14 16:45:00,631.74,633.72,631.21,633.28,1994.12
2026-02-14 17:00:00,633.28,634.32,632.62,633.95,503.291
2026-02-14 17:15:00,633.94,634.48,633.18,633.61,765.09
2026-02-14 17:30:00,633.61,633.89,631.21,632.5,913.777
2026-02-14 17:45:00,632.51,632.71,631.62,632.03,571.412
2026-02-14 18:00:00,632.03,632.35,631.25,631.78,613.651
2026-02-14 18:15:00,631.77,632.9,631.33,631.77,450.248
2026-02-14 18:30:00,631.77,632.32,631.3,631.31,701.617
2026-02-14 18:45:00,631.31,632.0,631.05,631.77,273.84
2026-02-14 19:00:00,631.78,632.27,630.93,631.02,382.034
2026-02-14 19:15:00,631.01,632.17,629.97,631.63,503.316
2026-02-14 19:30:00,631.63,632.68,631.62,632.34,682.649
2026-02-14 19:45:00,632.33,633.31,632.07,632.84,816.363
2026-02-14 20:00:00,632.84,633.93,631.45,631.72,879.01
2026-02-14 20:15:00,631.71,632.39,630.42,631.03,710.255
2026-02-14 20:30:00,631.04,631.67,630.59,631.46,345.465
2026-02-14 20:45:00,631.46,632.58,631.31,632.42,466.739
2026-02-14 21:00:00,632.42,634.61,632.3,634.13,710.046
2026-02-14 21:15:00,634.13,634.41,631.18,631.19,817.35
2026-02-14 21:30:00,631.2,631.44,628.58,630.26,2092.132
2026-02-14 21:45:00,630.25,631.19,630.04,631.12,262.006
2026-02-14 22:00:00,631.11,632.97,630.87,632.1,708.168
2026-02-14 22:15:00,632.11,632.11,630.8,631.51,270.958
2026-02-14 22:30:00,631.5,633.69,631.46,633.57,719.041
2026-02-14 22:45:00,633.56,633.57,632.06,632.4,443.152
2026-02-14 23:00:00,632.39,633.2,631.92,633.16,469.831
2026-02-14 23:15:00,633.17,634.48,631.4,632.38,960.896
2026-02-14 23:30:00,632.37,633.34,631.99,633.03,706.902
2026-02-14 23:45:00,633.02,634.13,632.5,632.77,1116.565
2026-02-15 00:00:00,632.77,633.49,631.58,631.95,2032.899
2026-02-15 00:15:00,631.95,633.19,630.93,631.06,679.276
2026-02-15 00:30:00,631.05,631.26,630.0,630.39,1063.04
2026-02-15 00:45:00,630.38,632.21,629.76,631.89,646.532
2026-02-15 01:00:00,631.88,633.97,631.67,633.48,678.189
2026-02-15 01:15:00,633.49,633.72,629.0,630.1,1460.361
2026-02-15 01:30:00,630.1,631.78,629.02,630.11,1110.369
2026-02-15 01:45:00,630.11,632.97,630.02,632.82,686.866
2026-02-15 02:00:00,632.82,633.93,630.04,630.77,3152.57
2026-02-15 02:15:00,630.76,631.26,629.23,629.44,1769.138
2026-02-15 02:30:00,629.43,630.81,627.0,629.68,2429.653
2026-02-15 02:45:00,629.68,631.18,629.31,630.46,475.958
2026-02-15 03:00:00,630.45,631.73,630.37,630.39,589.631
2026-02-15 03:15:00,630.39,631.7,630.38,630.49,323.683
2026-02-15 03:30:00,630.49,631.42,627.13,628.48,2993.517
2026-02-15 03:45:00,628.49,633.8,628.49,633.4,2049.878
2026-02-15 04:00:00,633.39,638.99,633.39,638.08,3290.35
2026-02-15 04:15:00,638.09,639.18,634.47,634.68,1986.491
2026-02-15 04:30:00,634.68,636.71,634.55,636.36,830.522
2026-02-15 04:45:00,636.37,637.39,634.65,635.62,574.079
2026-02-15 05:00:00,635.64,636.95,635.4,636.54,605.418
2026-02-15 05:15:00,636.54,638.27,636.11,637.36,979.353
2026-02-15 05:30:00,637.36,638.5,636.81,637.67,947.052
2026-02-15 05:45:00,637.68,638.5,635.86,636.44,901.357
2026-02-15 06:00:00,636.45,636.82,635.2,635.39,575.423
2026-02-15 06:15:00,635.44,638.1,634.8,636.73,1117.497
2026-02-15 06:30:00,636.72,638.41,636.29,636.91,1624.868
2026-02-15 06:45:00,636.91,637.41,635.26,636.44,447.736
2026-02-15 07:00:00,636.44,637.84,635.78,637.42,816.643
2026-02-15 07:15:00,637.42,639.7,637.3,638.75,1403.939
2026-02-15 07:30:00,638.76,642.49,638.26,639.77,2854.933
2026-02-15 07:45:00,639.76,640.2,639.25,639.86,738.748
2026-02-15 08:00:00,639.86,641.28,637.62,637.93,1323.897
2026-02-15 08:15:00,637.94,638.24,633.98,634.04,1793.953
2026-02-15 08:30:00,634.04,634.19,628.22,630.61,3451.775
2026-02-15 08:45:00,630.58,631.63,629.61,631.6,928.563
2026-02-15 09:00:00,631.6,633.57,630.6,632.51,1726.176
2026-02-15 09:15:00,632.51,632.78,631.11,632.36,534.302
2026-02-15 09:30:00,632.36,632.77,630.03,630.9,1852.239
2026-02-15 09:45:00,630.87,631.15,629.65,630.66,453.689
2026-02-15 10:00:00,630.67,630.91,627.3,627.58,2155.986
2026-02-15 10:15:00,627.57,629.21,626.21,629.06,1031.535
2026-02-15 10:30:00,629.07,629.72,628.2,629.63,1056.429
2026-02-15 10:45:00,629.64,630.4,628.99,629.81,867.529
2026-02-15 11:00:00,629.81,630.8,629.56,630.2,500.782
2026-02-15 11:15:00,630.2,631.11,629.19,630.12,727.75
2026-02-15 11:30:00,630.13,630.73,629.6,630.16,717.728
2026-02-15 11:45:00,630.16,630.53,628.79,629.26,652.698
2026-02-15 12:00:00,629.27,629.89,627.0,627.87,2230.514
2026-02-15 12:15:00,627.88,630.06,626.99,629.79,1009.519
2026-02-15 12:30:00,629.79,630.05,627.79,628.51,800.492
2026-02-15 12:45:00,628.52,628.52,619.33,619.38,6537.393
2026-02-15 13:00:00,619.38,623.71,619.38,623.57,3161.691
2026-02-15 13:15:00,623.57,624.29,620.01,620.33,2215.241
2026-02-15 13:30:00,620.33,621.34,617.57,617.93,2941.1
2026-02-15 13:45:00,617.94,619.45,615.71,617.57,2554.54
2026-02-15 14:00:00,617.57,620.06,617.07,618.53,2497.254
2026-02-15 14:15:00,618.52,619.91,618.52,619.42,875.555
2026-02-15 14:30:00,619.42,621.99,618.87,621.86,1006.679
2026-02-15 14:45:00,621.87,622.04,620.65,621.02,911.939
2026-02-15 15:00:00,621.02,623.4,620.55,622.68,1764.903
2026-02-15 15:15:00,622.68,622.68,619.73,619.77,795.023
2026-02-15 15:30:00,619.76,621.28,619.58,621.28,646.395
2026-02-15 15:45:00,621.28,621.7,620.22,621.52,506.501
2026-02-15 16:00:00,621.53,621.54,617.68,619.85,1857.523
2026-02-15 16:15:00,619.85,620.4,618.33,619.88,1091.896
2026-02-15 16:30:00,619.89,619.97,618.19,619.26,593.8
2026-02-15 16:45:00,619.28,620.28,619.06,619.84,464.665
2026-02-15 17:00:00,619.84,620.78,619.76,620.15,415.217
2026-02-15 17:15:00,620.14,620.14,618.08,618.52,446.778
2026-02-15 17:30:00,618.53,618.87,616.08,616.27,1122.462
2026-02-15 17:45:00,616.26,616.26,610.17,613.91,10336.79
2026-02-15 18:00:00,613.91,614.76,611.67,614.21,1516.375
2026-02-15 18:15:00,614.22,615.31,612.86,612.87,1010.29
2026-02-15 18:30:00,612.87,613.31,610.86,613.29,2025.486
2026-02-15 18:45:00,613.3,613.38,610.78,611.53,1159.252
2026-02-15 19:00:00,611.52,612.64,608.82,610.15,4935.624
2026-02-15 19:15:00,610.16,613.46,610.0,613.46,1219.184
2026-02-15 19:30:00,613.46,613.46,609.74,610.65,1091.394
2026-02-15 19:45:00,610.65,612.45,610.65,611.79,1122.167
2026-02-15 20:00:00,611.79,613.2,609.86,613.03,900.955
2026-02-15 20:15:00,613.02,613.26,611.22,613.23,886.121
2026-02-15 20:30:00,613.22,614.47,612.9,613.36,963.976
2026-02-15 20:45:00,613.36,614.09,612.81,613.74,310.621
2026-02-15 21:00:00,613.74,615.92,613.5,615.71,804.102
2026-02-15 21:15:00,615.7,616.26,615.1,615.72,566.876
2026-02-15 21:30:00,615.73,617.44,615.61,615.72,547.926
2026-02-15 21:45:00,615.72,616.45,615.56,615.82,351.888
2026-02-15 22:00:00,615.82,616.21,614.41,614.47,558.63
2026-02-15 22:15:00,614.48,616.69,614.48,615.76,484.854
2026-02-15 22:30:00,615.75,616.89,615.48,616.66,379.427
2026-02-15 22:45:00,616.65,617.04,615.78,616.57,448.418
2026-02-15 23:00:00,616.57,616.67,611.66,612.96,986.942
2026-02-15 23:15:00,612.96,613.71,612.2,613.62,652.876
2026-02-15 23:30:00,613.61,615.33,612.98,613.83,723.483
2026-02-15 23:45:00,613.82,615.46,613.69,615.16,384.854
2026-02-16 00:00:00,615.17,616.37,613.92,616.03,791.694
2026-02-16 00:15:00,616.04,616.89,613.99,614.68,575.052
2026-02-16 00:30:00,614.69,615.84,614.19,614.19,478.306
2026-02-16 00:45:00,614.19,616.69,613.8,616.23,655.267
2026-02-16 01:00:00,616.23,618.37,616.18,616.99,515.434
2026-02-16 01:15:00,616.98,617.7,614.58,615.12,477.262
2026-02-16 01:30:00,615.07,615.78,612.68,613.78,652.004
2026-02-16 01:45:00,613.79,615.06,613.73,614.94,355.944
2026-02-16 02:00:00,614.94,616.48,614.34,615.54,681.675
2026-02-16 02:15:00,615.53,615.78,612.77,612.96,357.761
2026-02-16 02:30:00,612.96,614.15,612.67,613.29,463.679
2026-02-16 02:45:00,613.29,613.83,611.69,612.35,645.369
2026-02-16 03:00:00,612.35,613.57,612.28,612.94,384.934
2026-02-16 03:15:00,612.94,613.46,611.38,611.84,433.964
2026-02-16 03:30:00,611.84,613.02,611.84,612.92,382.799
2026-02-16 03:45:00,612.91,613.56,612.6,613.46,413.01
2026-02-16 04:00:00,613.46,615.84,613.44,615.66,488.501
2026-02-16 04:15:00,615.66,616.76,615.47,616.39,721.163
2026-02-16 04:30:00,616.38,616.62,616.06,616.18,298.801
2026-02-16 04:45:00,616.17,618.22,616.04,618.21,655.501
2026-02-16 05:00:00,618.22,618.75,613.79,613.8,941.714
2026-02-16 05:15:00,613.8,614.11,612.0,612.69,687.485
2026-02-16 05:30:00,612.69,613.26,610.7,611.62,1072.41
2026-02-16 05:45:00,611.63,612.78,611.62,612.42,665.597
2026-02-16 06:00:00,612.42,613.08,612.15,612.28,372.751
2026-02-16 06:15:00,612.28,612.97,610.4,611.94,872.979
2026-02-16 06:30:00,611.94,614.0,611.71,613.2,653.123
2026-02-16 06:45:00,613.2,613.57,612.57,612.81,622.974
2026-02-16 07:00:00,612.81,613.74,611.52,613.45,585.004
2026-02-16 07:15:00,613.45,615.06,613.13,614.09,798.583
2026-02-16 07:30:00,614.09,614.47,611.52,612.1,904.716
2026-02-16 07:45:00,612.1,613.75,612.1,613.39,540.278
2026-02-16 08:00:00,613.39,614.17,612.6,612.91,646.122
2026-02-16 08:15:00,612.9,615.06,612.67,614.13,548.039
2026-02-16 08:30:00,614.13,614.32,612.87,614.07,925.025
2026-02-16 08:45:00,614.06,615.09,613.81,614.78,415.096
2026-02-16 09:00:00,614.78,617.0,614.77,616.65,706.019
2026-02-16 09:15:00,616.65,618.29,615.95,618.23,1249.311
2026-02-16 09:30:00,618.23,619.87,617.23,619.22,2360.145
2026-02-16 09:45:00,619.22,619.22,618.06,618.57,547.459
2026-02-16 10:00:00,618.57,618.87,617.79,618.56,786.551
2026-02-16 10:15:00,618.56,618.99,616.73,617.53,603.342
2026-02-16 10:30:00,617.52,618.48,617.22,618.35,630.277
2026-02-16 10:45:00,618.35,619.37,618.35,618.76,607.875
2026-02-16 11:00:00,618.76,620.0,615.57,616.36,1221.335
2026-02-16 11:15:00,616.36,617.26,613.53,617.16,1077.795
2026-02-16 11:30:00,617.15,617.47,616.47,617.0,499.915
2026-02-16 11:45:00,617.0,619.28,616.85,618.75,657.598
2026-02-16 12:00:00,618.74,620.0,618.74,619.81,1169.55
2026-02-16 12:15:00,619.81,624.63,618.9,624.31,2510.349
2026-02-16 12:30:00,624.32,626.74,622.59,626.67,3524.743
2026-02-16 12:45:00,626.69,629.16,626.13,628.12,2636.758
2026-02-16 13:00:00,628.13,631.24,627.14,627.45,3008.729
2026-02-16 13:15:00,627.46,628.2,618.65,619.36,3946.177
2026-02-16 13:30:00,619.29,622.39,616.54,618.32,3623.333
2026-02-16 13:45:00,618.33,618.6,614.61,616.21,1783.659
2026-02-16 14:00:00,616.2,618.22,615.26,616.43,1640.109
2026-02-16 14:15:00,616.44,617.76,612.73,612.74,2236.287
2026-02-16 14:30:00,612.74,616.56,612.43,615.26,2705.967
2026-02-16 14:45:00,615.26,617.3,613.47,613.75,1551.974
2026-02-16 15:00:00,613.75,616.51,612.96,613.16,1468.037
2026-02-16 15:15:00,613.16,614.48,612.73,613.47,909.763
2026-02-16 15:30:00,613.46,613.64,604.49,608.04,10666.586
2026-02-16 15:45:00,608.05,609.42,607.12,607.51,1762.04
2026-02-16 16:00:00,607.51,612.0,607.23,610.39,2898.791
2026-02-16 16:15:00,610.38,611.77,609.04,610.86,1349.739
2026-02-16 16:30:00,610.86,612.16,609.34,612.15,1599.565
2026-02-16 16:45:00,612.15,613.22,611.67,613.05,1330.886
2026-02-16 17:00:00,613.05,614.68,612.73,613.66,1042.22
2026-02-16 17:15:00,613.66,615.44,612.08,615.14,693.51
2026-02-16 17:30:00,615.15,617.14,614.86,616.97,1634.748
2026-02-16 17:45:00,616.97,616.97,615.47,615.64,733.563
2026-02-16 18:00:00,615.64,617.51,615.53,617.44,904.946
2026-02-16 18:15:00,617.44,618.31,616.6,616.86,590.038
2026-02-16 18:30:00,616.85,617.35,615.44,615.96,501.25
2026-02-16 18:45:00,615.95,616.18,614.24,614.59,752.158
2026-02-16 19:00:00,614.59,615.84,614.24,615.67,634.076
2026-02-16 19:15:00,615.67,616.82,614.53,616.0,351.83
2026-02-16 19:30:00,616.0,617.91,615.85,617.58,574.972
2026-02-16 19:45:00,617.59,617.72,616.5,616.73,210.7
2026-02-16 20:00:00,616.74,617.18,616.04,616.54,320.775
2026-02-16 20:15:00,616.55,618.84,616.14,618.84,477.785
2026-02-16 20:30:00,618.84,619.92,618.63,619.24,859.39
2026-02-16 20:45:00,619.23,622.53,619.09,622.35,1333.94
2026-02-16 21:00:00,622.34,623.02,621.3,623.01,565.191
2026-02-16 21:15:00,623.02,624.0,622.03,622.5,894.551
2026-02-16 21:30:00,622.5,623.14,621.86,622.99,1006.598
2026-02-16 21:45:00,622.99,626.48,622.64,626.43,905.807
2026-02-16 22:00:00,626.42,628.2,626.22,627.05,1711.279
2026-02-16 22:15:00,627.05,627.41,625.62,625.86,890.654
2026-02-16 22:30:00,625.87,627.3,625.12,626.37,756.501
2026-02-16 22:45:00,626.36,626.7,625.32,626.21,434.555
2026-02-16 23:00:00,626.2,627.94,626.01,627.56,641.975
2026-02-16 23:15:00,627.56,628.09,625.75,625.88,459.086
2026-02-16 23:30:00,625.9,626.6,625.3,625.51,339.694
2026-02-16 23:45:00,625.51,627.73,625.51,627.19,488.411
2026-02-17 00:00:00,627.19,627.7,625.92,627.7,577.434
2026-02-17 00:15:00,627.69,628.4,626.07,627.81,526.205
2026-02-17 00:30:00,627.8,627.86,626.18,626.4,429.25
2026-02-17 00:45:00,626.41,628.15,626.19,626.63,340.671
2026-02-17 01:00:00,626.63,628.0,626.0,627.15,474.878
2026-02-17 01:15:00,627.15,628.15,626.41,627.16,335.849
2026-02-17 01:30:00,627.16,628.39,626.83,627.26,287.192
2026-02-17 01:45:00,627.26,627.42,624.24,624.57,610.578
2026-02-17 02:00:00,624.57,628.16,621.25,628.01,2573.309
2026-02-17 02:15:00,628.02,628.49,627.7,628.14,1044.984
2026-02-17 02:30:00,628.15,629.4,627.6,629.26,1292.566
2026-02-17 02:45:00,629.27,631.86,628.91,629.07,7979.467
2026-02-17 03:00:00,629.06,629.53,627.52,627.85,845.044
2026-02-17 03:15:00,627.86,628.54,626.9,627.36,760.847
2026-02-17 03:30:00,627.37,627.37,626.17,626.99,926.089
2026-02-17 03:45:00,626.99,627.33,626.52,626.99,708.902
2026-02-17 04:00:00,627.0,627.73,626.13,627.37,730.068
2026-02-17 04:15:00,627.38,628.28,626.43,627.98,443.384
2026-02-17 04:30:00,627.98,627.98,625.0,626.36,561.927
2026-02-17 04:45:00,626.36,626.77,625.46,626.24,614.733
2026-02-17 05:00:00,626.25,627.27,625.7,626.24,593.136
2026-02-17 05:15:00,626.24,626.47,622.9,622.9,925.378
2026-02-17 05:30:00,622.89,622.95,620.3,622.68,1282.309
2026-02-17 05:45:00,622.68,623.72,622.46,623.02,490.097
2026-02-17 06:00:00,623.01,624.65,623.01,624.02,376.119
2026-02-17 06:15:00,624.03,624.88,623.34,624.4,402.621
2026-02-17 06:30:00,624.41,624.91,623.96,624.76,345.183
2026-02-17 06:45:00,624.75,625.08,624.43,624.82,308.132
2026-02-17 07:00:00,624.82,624.82,622.99,623.38,854.62
2026-02-17 07:15:00,623.38,623.7,622.2,622.49,617.664
2026-02-17 07:30:00,622.49,623.6,622.02,622.83,1259.558
2026-02-17 07:45:00,622.83,622.96,622.37,622.74,1346.547
2026-02-17 08:00:00,622.74,623.89,622.68,622.87,676.529
2026-02-17 08:15:00,622.88,623.1,621.59,621.95,386.343
2026-02-17 08:30:00,621.95,622.36,619.51,620.1,867.215
2026-02-17 08:45:00,620.1,620.35,619.53,619.95,587.464
2026-02-17 09:00:00,619.94,620.67,619.08,619.29,392.097
2026-02-17 09:15:00,619.28,619.5,618.4,618.63,660.785
2026-02-17 09:30:00,618.64,618.83,618.05,618.65,520.181
2026-02-17 09:45:00,618.65,619.96,618.64,619.5,557.882
2026-02-17 10:00:00,619.5,620.0,619.0,619.26,537.897
2026-02-17 10:15:00,619.25,619.25,616.33,616.71,1196.126
2026-02-17 10:30:00,616.71,617.25,615.94,616.23,570.992
2026-02-17 10:45:00,616.24,616.54,615.17,616.54,857.488
2026-02-17 11:00:00,616.54,618.29,615.85,618.02,556.336
2026-02-17 11:15:00,618.01,618.32,616.82,618.27,361.991
2026-02-17 11:30:00,618.26,618.57,617.1,617.47,304.153
2026-02-17 11:45:00,617.46,618.49,616.83,618.34,479.252
2026-02-17 12:00:00,618.33,620.27,617.99,619.88,611.78
2026-02-17 12:15:00,619.89,620.5,619.31,620.04,377.913
2026-02-17 12:30:00,620.04,621.65,619.72,621.29,364.381
2026-02-17 12:45:00,621.28,621.52,618.74,619.43,707.464
2026-02-17 13:00:00,619.43,622.04,618.36,621.67,931.565
2026-02-17 13:15:00,621.67,624.47,620.96,622.71,1186.605
2026-02-17 13:30:00,622.71,622.8,621.8,622.14,526.376
2026-02-17 13:45:00,622.14,625.34,621.99,623.87,1753.167
2026-02-17 14:00:00,623.87,626.08,622.72,623.89,1982.492
2026-02-17 14:15:00,623.89,624.16,622.3,622.41,1494.009
2026-02-17 14:30:00,622.41,624.54,610.7,612.09,4463.847
2026-02-17 14:45:00,612.08,613.22,609.73,611.93,4273.829
2026-02-17 15:00:00,611.92,614.96,611.77,612.66,2540.159
2026-02-17 15:15:00,612.66,615.08,610.56,611.48,3886.463
2026-02-17 15:30:00,611.49,613.17,609.3,613.16,2205.616
2026-02-17 15:45:00,613.16,615.33,613.12,615.24,1244.958
2026-02-17 16:00:00,615.25,619.76,614.32,617.6,2717.351
2026-02-17 16:15:00,617.61,619.97,616.05,616.15,1773.266
2026-02-17 16:30:00,616.16,622.34,615.54,620.34,2098.686
2026-02-17 16:45:00,620.34,621.04,618.27,618.29,733.006
2026-02-17 17:00:00,618.29,619.66,613.49,615.42,997.546
2026-02-17 17:15:00,615.36,617.6,615.01,617.54,719.686
2026-02-17 17:30:00,617.56,617.77,613.03,613.11,832.199
2026-02-17 17:45:00,613.11,615.43,612.12,614.94,824.341
2026-02-17 18:00:00,614.94,616.53,614.3,616.18,521.637
2026-02-17 18:15:00,616.18,620.55,615.16,620.15,1278.558
2026-02-17 18:30:00,620.16,623.11,619.33,622.49,861.874
2026-02-17 18:45:00,622.49,623.98,622.15,622.17,998.107
2026-02-17 19:00:00,622.18,624.0,622.18,623.84,702.604
2026-02-17 19:15:00,623.84,624.28,621.23,621.57,804.5
2026-02-17 19:30:00,621.56,621.89,620.11,621.27,915.032
2026-02-17 19:45:00,621.27,622.02,619.53,620.1,429.963
2026-02-17 20:00:00,620.1,620.82,618.57,618.95,351.789
2026-02-17 20:15:00,618.94,619.37,617.84,618.82,427.104
2026-02-17 20:30:00,618.81,619.46,616.74,619.02,416.203
2026-02-17 20:45:00,619.0,619.49,618.31,618.62,478.549
2026-02-17 21:00:00,618.62,620.41,618.14,620.04,329.91
2026-02-17 21:15:00,620.03,620.27,617.31,617.41,360.455
2026-02-17 21:30:00,617.4,617.5,616.59,617.06,204.917
2026-02-17 21:45:00,617.06,618.83,616.9,618.79,685.113
2026-02-17 22:00:00,618.78,618.82,617.8,618.25,259.201
2026-02-17 22:15:00,618.25,619.07,617.77,618.9,174.374
2026-02-17 22:30:00,618.9,619.68,618.61,618.97,254.874
2026-02-17 22:45:00,618.96,619.11,617.71,617.91,279.264
2026-02-17 23:00:00,617.9,617.9,616.34,617.03,430.985
2026-02-17 23:15:00,617.03,617.88,616.88,616.88,138.658
2026-02-17 23:30:00,616.88,617.63,616.06,617.61,673.251
2026-02-17 23:45:00,617.62,618.29,617.29,617.74,332.985
2026-02-18 00:00:00,617.76,618.92,617.76,618.71,328.94
2026-02-18 00:15:00,618.71,618.94,617.0,617.79,449.419
2026-02-18 00:30:00,617.79,619.24,617.79,618.35,358.978
2026-02-18 00:45:00,618.34,618.34,616.32,616.48,569.264
2026-02-18 01:00:00,616.49,616.62,613.35,614.44,894.881
2026-02-18 01:15:00,614.45,615.61,614.2,614.39,369.86
2026-02-18 01:30:00,614.39,614.84,613.33,614.83,885.423
2026-02-18 01:45:00,614.83,615.62,613.78,614.75,367.789
2026-02-18 02:00:00,614.76,617.26,614.56,616.38,336.133
2026-02-18 02:15:00,616.37,616.78,615.76,615.85,296.232
2026-02-18 02:30:00,615.84,617.91,615.49,617.39,382.362
2026-02-18 02:45:00,617.4,617.59,616.68,617.13,184.239
2026-02-18 03:00:00,617.13,617.97,616.68,617.67,320.65
2026-02-18 03:15:00,617.66,618.96,617.59,618.91,762.981
2026-02-18 03:30:00,618.92,619.67,618.63,619.38,318.48
2026-02-18 03:45:00,619.39,619.46,618.58,618.86,284.621
2026-02-18 04:00:00,618.86,619.04,617.39,617.57,427.961
2026-02-18 04:15:00,617.57,618.51,617.34,617.6,287.434
2026-02-18 04:30:00,617.59,618.07,616.82,616.9,400.726
2026-02-18 04:45:00,616.9,618.07,616.56,617.38,464.893
2026-02-18 05:00:00,617.39,617.7,616.59,617.41,626.875
2026-02-18 05:15:00,617.41,618.12,616.56,616.65,393.669
2026-02-18 05:30:00,616.65,617.0,616.26,616.59,235.677
2026-02-18 05:45:00,616.59,617.17,615.93,616.09,350.015
2026-02-18 06:00:00,616.08,617.3,616.07,617.19,290.314
2026-02-18 06:15:00,617.2,617.97,616.66,617.97,291.207
2026-02-18 06:30:00,617.98,618.27,617.16,617.23,458.395
2026-02-18 06:45:00,617.23,617.89,616.54,616.55,487.251
2026-02-18 07:00:00,616.55,617.65,615.84,615.9,760.432
2026-02-18 07:15:00,615.91,615.91,614.8,615.33,754.307
2026-02-18 07:30:00,615.32,618.82,615.28,618.66,603.345
2026-02-18 07:45:00,618.66,621.42,618.19,620.91,941.343
2026-02-18 08:00:00,620.9,621.59,620.11,620.43,392.316
2026-02-18 08:15:00,620.43,626.57,620.36,624.36,3145.079
2026-02-18 08:30:00,624.36,625.17,623.22,624.07,1550.14
2026-02-18 08:45:00,624.08,624.44,623.13,623.35,1444.335
2026-02-18 09:00:00,623.35,624.22,622.74,623.92,631.265
2026-02-18 09:15:00,623.92,624.3,622.76,622.77,554.868
2026-02-18 09:30:00,622.77,623.78,622.63,623.67,516.908
2026-02-18 09:45:00,623.67,623.82,622.84,622.87,708.11
2026-02-18 10:00:00,622.88,623.86,622.42,623.58,405.166
2026-02-18 10:15:00,623.59,623.59,621.86,622.21,398.702
2026-02-18 10:30:00,622.22,622.22,619.4,619.67,796.397
2026-02-18 10:45:00,619.67,619.84,618.7,619.1,551.949
2026-02-18 11:00:00,619.11,619.48,613.56,615.68,1675.915
2026-02-18 11:15:00,615.67,616.72,615.23,616.36,1098.017
2026-02-18 11:30:00,616.35,616.87,615.48,616.19,794.352
2026-02-18 11:45:00,616.19,616.96,614.18,614.18,655.339
2026-02-18 12:00:00,614.18,616.4,613.95,615.9,962.769
2026-02-18 12:15:00,615.9,616.32,614.67,615.8,669.732
2026-02-18 12:30:00,615.8,616.47,613.77,616.32,989.08
2026-02-18 12:45:00,616.33,616.77,615.46,615.84,454.964
2026-02-18 13:00:00,615.85,616.98,614.99,616.47,764.549
2026-02-18 13:15:00,616.47,616.92,615.34,616.41,561.297
2026-02-18 13:30:00,616.42,616.42,610.38,610.96,2255.347
2026-02-18 13:45:00,610.96,611.28,608.75,610.97,2466.916
2026-02-18 14:00:00,610.97,611.81,610.52,611.43,971.25
2026-02-18 14:15:00,611.42,611.73,610.0,610.04,1619.94
2026-02-18 14:30:00,610.04,612.47,609.77,611.04,1977.065
2026-02-18 14:45:00,611.04,612.8,607.97,612.29,3448.191
2026-02-18 15:00:00,612.28,615.15,612.06,613.42,2362.407
2026-02-18 15:15:00,613.42,614.78,613.42,614.37,1171.392
2026-02-18 15:30:00,614.36,623.17,614.2,621.32,3739.875
2026-02-18 15:45:00,621.32,621.39,617.56,618.25,2913.927
2026-02-18 16:00:00,618.25,618.56,613.6,614.75,2029.727
2026-02-18 16:15:00,614.75,617.27,614.35,616.67,1099.494
2026-02-18 16:30:00,616.68,617.28,614.94,616.43,585.422
2026-02-18 16:45:00,616.43,617.15,615.38,616.55,2109.533
2026-02-18 17:00:00,616.55,620.59,616.23,617.48,1212.442
2026-02-18 17:15:00,617.48,618.76,616.82,617.38,524.516
2026-02-18 17:30:00,617.38,618.65,617.14,617.34,585.156
2026-02-18 17:45:00,617.34,617.85,616.14,616.48,673.606
2026-02-18 18:00:00,616.48,617.16,615.23,615.7,436.075
2026-02-18 18:15:00,615.7,616.04,610.75,612.87,1343.678
2026-02-18 18:30:00,612.87,614.17,609.23,609.64,1885.768
2026-02-18 18:45:00,609.64,612.02,609.21,610.76,1129.393
2026-02-18 19:00:00,610.76,612.27,609.67,610.13,1180.554
2026-02-18 19:15:00,610.13,610.39,605.0,605.4,3931.062
2026-02-18 19:30:00,605.4,606.0,601.3,603.51,4963.452
2026-02-18 19:45:00,603.5,605.32,601.5,603.23,1829.023
2026-02-18 20:00:00,603.23,604.85,602.89,603.68,1115.771
2026-02-18 20:15:00,603.68,604.7,602.86,603.74,904.826
2026-02-18 20:30:00,603.75,605.84,603.75,605.62,1092.99
2026-02-18 20:45:00,605.61,606.51,603.3,603.65,1426.984
2026-02-18 21:00:00,603.65,604.78,602.0,603.53,889.88
2026-02-18 21:15:00,603.53,605.43,603.48,605.42,960.453
2026-02-18 21:30:00,605.42,606.07,604.77,605.71,783.659
2026-02-18 21:45:00,605.71,605.79,603.68,604.27,761.725
2026-02-18 22:00:00,604.27,605.03,602.47,603.15,1621.466
2026-02-18 22:15:00,603.15,604.18,602.88,603.56,568.66
2026-02-18 22:30:00,603.56,605.7,603.56,605.06,1277.539
2026-02-18 22:45:00,605.06,605.74,604.62,604.79,640.144
2026-02-18 23:00:00,604.79,605.27,603.8,604.6,510.887
2026-02-18 23:15:00,604.6,604.88,603.66,603.86,556.67
2026-02-18 23:30:00,603.86,605.39,603.86,605.17,553.152
2026-02-18 23:45:00,605.17,605.5,604.32,604.8,540.648
2026-02-19 00:00:00,604.8,605.59,604.01,604.23,1027.729
2026-02-19 00:15:00,604.22,605.28,603.37,603.94,937.504
2026-02-19 00:30:00,603.93,605.09,603.18,604.99,794.705
2026-02-19 00:45:00,604.98,605.16,602.84,602.85,671.002
2026-02-19 01:00:00,602.84,606.46,602.84,605.58,1131.891
2026-02-19 01:15:00,605.57,605.97,603.77,604.77,802.597
2026-02-19 01:30:00,604.77,606.05,604.01,606.05,969.637
2026-02-19 01:45:00,606.05,606.99,605.85,606.94,625.788
2026-02-19 02:00:00,606.95,607.43,606.08,606.49,836.94
2026-02-19 02:15:00,606.5,607.3,605.9,607.07,827.276
2026-02-19 02:30:00,607.07,607.07,604.09,604.11,1056.415
2026-02-19 02:45:00,604.1,606.48,604.06,606.2,2606.697
2026-02-19 03:00:00,606.21,606.74,604.77,605.47,566.064
2026-02-19 03:15:00,605.46,607.86,605.46,607.86,620.452
2026-02-19 03:30:00,607.86,607.97,607.0,607.28,485.391
2026-02-19 03:45:00,607.28,608.15,606.97,607.86,428.791
2026-02-19 04:00:00,607.87,609.41,607.55,609.4,1130.645
2026-02-19 04:15:00,609.41,609.53,607.78,608.08,599.786
2026-02-19 04:30:00,608.07,610.56,608.0,609.39,3087.215
2026-02-19 04:45:00,609.38,609.9,608.53,609.0,815.744
2026-02-19 05:00:00,608.99,609.87,608.26,608.83,2137.521
2026-02-19 05:15:00,608.84,609.38,606.66,607.33,967.32
2026-02-19 05:30:00,607.33,607.88,606.85,607.44,469.312
2026-02-19 05:45:00,607.44,608.71,607.01,608.51,395.377
2026-02-19 06:00:00,608.51,611.0,608.35,610.24,680.598
2026-02-19 06:15:00,610.24,614.8,610.17,614.2,2110.519
2026-02-19 06:30:00,614.2,614.44,612.28,612.6,1092.843
2026-02-19 06:45:00,612.61,613.7,612.6,613.48,441.827
2026-02-19 07:00:00,613.48,614.0,612.0,612.3,813.726
2026-02-19 07:15:00,612.3,613.01,611.82,612.12,621.838
2026-02-19 07:30:00,612.12,612.77,610.6,611.31,753.653
2026-02-19 07:45:00,611.3,611.3,610.33,610.78,629.227
2026-02-19 08:00:00,610.78,610.9,608.44,608.62,1225.418
2026-02-19 08:15:00,608.61,609.55,607.1,607.43,801.196
2026-02-19 08:30:00,607.43,607.47,605.81,606.3,2429.077
2026-02-19 08:45:00,606.29,606.89,605.55,606.68,1199.18
2026-02-19 09:00:00,606.68,607.26,604.83,606.19,1712.367
2026-02-19 09:15:00,606.19,608.49,605.81,608.41,1088.12
2026-02-19 09:30:00,608.42,608.84,607.86,608.84,1988.476
2026-02-19 09:45:00,608.84,608.86,605.49,606.51,1359.22
2026-02-19 10:00:00,606.51,607.75,605.53,607.11,2203.686
2026-02-19 10:15:00,607.1,607.77,606.85,607.05,749.68
2026-02-19 10:30:00,607.05,607.99,606.56,607.38,587.566
2026-02-19 10:45:00,607.38,607.39,605.56,606.22,671.39
2026-02-19 11:00:00,606.22,606.89,605.71,606.6,547.565
2026-02-19 11:15:00,606.59,607.11,605.88,605.89,599.281
2026-02-19 11:30:00,605.88,606.46,603.93,604.41,1189.651
2026-02-19 11:45:00,604.4,605.12,603.9,604.24,2232.128
2026-02-19 12:00:00,604.24,605.25,603.45,605.25,1183.308
2026-02-19 12:15:00,605.24,605.92,604.64,605.91,434.952
2026-02-19 12:30:00,605.91,606.49,605.1,605.69,573.559
2026-02-19 12:45:00,605.69,605.99,605.07,605.66,566.773
2026-02-19 13:00:00,605.67,606.21,602.8,605.15,1035.909
2026-02-19 13:15:00,605.15,605.38,602.35,602.51,1001.659
2026-02-19 13:30:00,602.5,603.54,598.02,598.66,5674.426
2026-02-19 13:45:00,598.65,599.6,596.0,598.54,4130.416
2026-02-19 14:00:00,598.53,601.56,598.53,601.0,1794.68
2026-02-19 14:15:00,601.0,601.72,599.1,600.43,2021.764
2026-02-19 14:30:00,600.44,602.4,597.65,602.1,3621.699
2026-02-19 14:45:00,602.1,604.15,600.36,602.17,1909.382
2026-02-19 15:00:00,602.19,604.9,598.78,599.12,1866.436
2026-02-19 15:15:00,599.12,601.86,598.0,598.51,1330.677
2026-02-19 15:30:00,598.5,602.34,597.72,600.99,1957.914
2026-02-19 15:45:00,600.99,601.79,598.57,600.39,1504.994
2026-02-19 16:00:00,600.4,600.4,596.07,598.76,1574.109
2026-02-19 16:15:00,598.77,601.84,598.04,598.47,1462.726
2026-02-19 16:30:00,598.47,601.64,598.47,600.6,2375.168
2026-02-19 16:45:00,600.6,601.35,598.83,600.01,965.714
2026-02-19 17:00:00,600.01,602.28,599.39,601.95,901.688
2026-02-19 17:15:00,601.95,604.93,601.01,601.97,1435.819
2026-02-19 17:30:00,601.97,602.4,599.98,600.92,989.387
2026-02-19 17:45:00,600.93,601.55,597.28,599.12,1063.413
2026-02-19 18:00:00,599.11,602.88,598.65,602.72,983.529
2026-02-19 18:15:00,602.72,604.89,601.26,604.39,893.688
2026-02-19 18:30:00,604.39,605.88,603.36,605.75,1130.152
2026-02-19 18:45:00,605.75,606.8,605.17,605.86,995.654
2026-02-19 19:00:00,605.87,606.95,604.41,604.48,817.302
2026-02-19 19:15:00,604.49,605.03,603.38,603.87,937.533
2026-02-19 19:30:00,603.87,604.02,601.95,602.99,842.78
2026-02-19 19:45:00,602.99,605.15,602.19,604.58,648.131
2026-02-19 20:00:00,604.58,605.41,603.33,604.34,839.48
2026-02-19 20:15:00,604.32,605.73,603.02,604.81,1129.075
2026-02-19 20:30:00,604.81,605.7,604.32,605.46,376.417
2026-02-19 20:45:00,605.45,607.91,605.45,607.29,929.197
2026-02-19 21:00:00,607.27,607.69,606.76,606.96,631.574
2026-02-19 21:15:00,606.95,608.65,606.71,608.39,544.407
2026-02-19 21:30:00,608.39,609.24,607.84,608.31,959.788
2026-02-19 21:45:00,608.32,608.77,607.46,607.9,497.64
2026-02-19 22:00:00,607.9,607.95,606.16,607.51,919.931
2026-02-19 22:15:00,607.5,607.5,606.11,606.25,291.875
2026-02-19 22:30:00,606.25,606.25,605.08,605.92,394.437
2026-02-19 22:45:00,605.93,606.93,605.38,606.6,249.845
2026-02-19 23:00:00,606.59,607.4,605.81,606.23,341.366
2026-02-19 23:15:00,606.24,607.5,606.24,607.39,269.585
2026-02-19 23:30:00,607.39,607.69,606.82,607.34,222.846
2026-02-19 23:45:00,607.34,608.02,607.08,607.83,411.528
2026-02-20 00:00:00,607.82,608.52,607.12,608.52,487.264
2026-02-20 00:15:00,608.52,610.53,608.33,610.08,1578.965
2026-02-20 00:30:00,610.07,610.07,608.38,608.62,592.202
2026-02-20 00:45:00,608.61,608.92,608.22,608.38,1182.537
2026-02-20 01:00:00,608.38,608.78,608.06,608.54,578.806
2026-02-20 01:15:00,608.53,608.61,606.58,607.22,1662.686
2026-02-20 01:30:00,607.23,608.8,607.07,608.51,827.259
2026-02-20 01:45:00,608.51,608.51,606.82,607.5,3061.447
2026-02-20 02:00:00,607.52,608.38,606.92,607.23,651.463
2026-02-20 02:15:00,607.22,607.42,606.16,606.33,804.342
2026-02-20 02:30:00,606.34,607.57,606.33,607.52,599.995
2026-02-20 02:45:00,607.52,607.83,606.72,606.73,927.938
2026-02-20 03:00:00,606.72,607.23,606.23,607.06,678.326
2026-02-20 03:15:00,607.05,608.57,606.55,608.3,1067.462
2026-02-20 03:30:00,608.3,608.66,607.35,607.6,585.795
2026-02-20 03:45:00,607.6,608.1,607.33,607.89,601.357
2026-02-20 04:00:00,607.89,608.15,606.58,607.21,1657.911
2026-02-20 04:15:00,607.21,607.85,605.29,606.89,792.742
2026-02-20 04:30:00,606.89,609.34,606.7,609.3,2299.34
2026-02-20 04:45:00,609.29,609.34,608.2,608.65,594.356
2026-02-20 05:00:00,608.65,609.14,608.2,608.84,402.51
2026-02-20 05:15:00,608.84,610.0,608.3,609.91,358.997
2026-02-20 05:30:00,609.91,613.94,609.91,613.27,1929.62
2026-02-20 05:45:00,613.26,613.64,611.43,611.93,741.68
2026-02-20 06:00:00,611.93,612.75,611.92,612.4,583.405
2026-02-20 06:15:00,612.4,612.56,610.55,610.69,2060.77
2026-02-20 06:30:00,610.69,611.84,610.23,611.2,1256.468
2026-02-20 06:45:00,611.21,612.2,611.1,612.08,410.342
2026-02-20 07:00:00,612.08,612.19,610.95,611.22,678.483
2026-02-20 07:15:00,611.21,612.19,611.18,611.76,438.363
2026-02-20 07:30:00,611.75,612.41,611.54,612.13,1047.756
2026-02-20 07:45:00,612.13,612.71,611.19,612.1,1720.075
2026-02-20 08:00:00,612.1,613.0,612.08,612.48,529.559
2026-02-20 08:15:00,612.48,613.4,612.42,613.2,1013.46
2026-02-20 08:30:00,613.2,613.5,611.25,611.54,1724.693
2026-02-20 08:45:00,611.54,612.0,610.91,611.85,1096.812
2026-02-20 09:00:00,611.84,614.39,611.77,613.34,2603.084
2026-02-20 09:15:00,613.34,613.98,612.17,613.03,2952.642
2026-02-20 09:30:00,613.02,613.52,611.87,612.59,2967.745
2026-02-20 09:45:00,612.58,613.42,612.25,613.31,750.118
2026-02-20 10:00:00,613.31,614.58,613.17,613.68,1356.938
2026-02-20 10:15:00,613.67,615.24,613.62,615.12,850.393
2026-02-20 10:30:00,615.12,615.21,612.78,613.13,2589.949
2026-02-20 10:45:00,613.13,613.75,611.75,612.21,1686.934
2026-02-20 11:00:00,612.21,612.21,610.08,610.36,2357.138
2026-02-20 11:15:00,610.36,610.95,609.48,610.79,3036.564
2026-02-20 11:30:00,610.78,610.98,608.83,608.83,1320.211
2026-02-20 11:45:00,608.83,609.42,606.87,608.53,3445.75
2026-02-20 12:00:00,608.53,609.97,608.31,609.82,528.015
2026-02-20 12:15:00,609.82,610.0,607.45,608.35,2722.328
2026-02-20 12:30:00,608.34,609.02,608.33,608.76,571.747
2026-02-20 12:45:00,608.76,610.44,608.54,609.56,1141.65
2026-02-20 13:00:00,609.55,609.56,607.27,608.16,1241.078
2026-02-20 13:15:00,608.15,609.0,606.28,608.18,3093.192
2026-02-20 13:30:00,608.19,608.2,601.23,602.12,5073.226
2026-02-20 13:45:00,602.12,605.88,601.82,604.38,5494.866
2026-02-20 14:00:00,604.39,606.57,603.87,605.79,1112.83
2026-02-20 14:15:00,605.79,607.98,604.31,607.07,3643.741
2026-02-20 14:30:00,607.07,610.98,606.35,609.57,2651.384
2026-02-20 14:45:00,609.58,610.24,608.2,609.36,811.645
2026-02-20 15:00:00,609.37,618.3,609.37,610.91,8935.103
2026-02-20 15:15:00,610.91,616.23,609.04,615.56,4110.967
2026-02-20 15:30:00,615.56,615.78,611.25,613.32,1465.612
2026-02-20 15:45:00,613.31,616.91,612.8,616.83,1927.646
2026-02-20 16:00:00,616.83,619.88,616.63,618.8,2571.482
2026-02-20 16:15:00,618.81,620.71,616.85,616.85,3053.927
2026-02-20 16:30:00,616.86,618.23,616.53,617.54,845.884
2026-02-20 16:45:00,617.53,620.78,617.28,620.0,2512.616
2026-02-20 17:00:00,620.01,621.96,617.0,617.0,2497.122
2026-02-20 17:15:00,616.99,618.68,616.08,618.06,1954.275
2026-02-20 17:30:00,618.08,620.64,616.71,619.83,1456.517
2026-02-20 17:45:00,619.82,623.71,618.62,623.41,5012.559
2026-02-20 18:00:00,623.42,625.0,622.9,624.14,3146.49
2026-02-20 18:15:00,624.14,624.55,622.35,624.07,1398.907
2026-02-20 18:30:00,624.07,627.0,621.9,625.78,5413.669
2026-02-20 18:45:00,625.79,627.5,624.96,627.23,2193.859
2026-02-20 19:00:00,627.23,628.26,625.18,625.95,1935.075
2026-02-20 19:15:00,625.95,626.65,624.73,625.72,1244.662
2026-02-20 19:30:00,625.72,627.71,625.45,625.7,1233.845
2026-02-20 19:45:00,625.71,626.69,625.38,626.14,807.214
2026-02-20 20:00:00,626.13,628.64,625.89,628.23,3747.158
2026-02-20 20:15:00,628.23,628.23,625.86,626.04,694.591
2026-02-20 20:30:00,626.04,628.06,625.52,627.99,912.141
2026-02-20 20:45:00,628.0,629.0,627.35,628.84,965.012
2026-02-20 21:00:00,628.83,629.74,628.34,628.53,1843.1
2026-02-20 21:15:00,628.53,628.53,627.86,627.99,446.52
2026-02-20 21:30:00,627.99,628.54,627.98,628.25,595.306
2026-02-20 21:45:00,628.24,628.25,626.76,627.0,445.14
2026-02-20 22:00:00,627.0,627.0,625.01,625.2,1128.764
2026-02-20 22:15:00,625.19,627.3,624.9,626.91,642.681
2026-02-20 22:30:00,626.92,627.6,625.77,625.98,605.486
2026-02-20 22:45:00,625.97,627.16,625.58,627.1,264.525
2026-02-20 23:00:00,627.09,627.7,626.04,626.05,598.849
2026-02-20 23:15:00,626.04,626.71,625.68,626.14,543.49
2026-02-20 23:30:00,626.14,626.21,624.92,625.03,567.841
2026-02-20 23:45:00,625.03,626.24,625.03,625.91,644.417
2026-02-21 00:00:00,625.9,628.23,625.9,627.34,1071.979
2026-02-21 00:15:00,627.34,628.04,626.71,626.73,659.81
2026-02-21 00:30:00,626.73,626.73,624.38,624.44,457.995
2026-02-21 00:45:00,624.44,624.72,624.0,624.65,427.195
2026-02-21 01:00:00,624.66,625.69,624.66,625.35,555.141
2026-02-21 01:15:00,625.35,626.0,624.68,625.49,2657.778
2026-02-21 01:30:00,625.5,627.8,625.49,627.52,848.212
2026-02-21 01:45:00,627.53,628.21,627.48,627.93,1305.932
2026-02-21 02:00:00,627.93,628.18,627.09,627.99,386.928
2026-02-21 02:15:00,628.0,628.67,627.64,627.67,1066.631
2026-02-21 02:30:00,627.68,628.3,627.55,628.11,728.276
2026-02-21 02:45:00,628.11,628.16,627.06,627.64,802.168
2026-02-21 03:00:00,627.64,627.67,625.79,626.43,619.937
2026-02-21 03:15:00,626.43,626.7,626.16,626.59,430.851
2026-02-21 03:30:00,626.59,626.9,624.82,624.84,688.618
2026-02-21 03:45:00,624.84,625.36,624.67,625.25,390.176
2026-02-21 04:00:00,625.25,625.63,624.95,625.55,271.427
2026-02-21 04:15:00,625.55,626.24,624.93,626.05,565.398
2026-02-21 04:30:00,626.04,626.82,625.87,626.04,334.684
2026-02-21 04:45:00,626.05,627.28,626.01,627.19,408.93
2026-02-21 05:00:00,627.2,627.3,626.91,627.13,266.711
2026-02-21 05:15:00,627.13,627.69,627.03,627.66,339.507
2026-02-21 05:30:00,627.66,628.0,627.17,627.56,522.33
2026-02-21 05:45:00,627.57,627.57,626.79,627.2,683.268
2026-02-21 06:00:00,627.2,627.41,626.67,627.36,505.941
2026-02-21 06:15:00,627.36,627.51,626.42,626.42,812.252
2026-02-21 06:30:00,626.43,626.43,625.39,625.58,529.667
2026-02-21 06:45:00,625.58,625.86,625.27,625.8,422.493
2026-02-21 07:00:00,625.81,627.4,625.22,626.99,1554.432
2026-02-21 07:15:00,627.0,627.61,626.87,627.47,527.734
2026-02-21 07:30:00,627.48,627.91,626.86,626.99,1105.556
2026-02-21 07:45:00,626.99,627.11,625.62,625.88,940.691
2026-02-21 08:00:00,625.87,626.73,625.72,626.53,454.507
2026-02-21 08:15:00,626.52,626.89,626.5,626.73,207.34
2026-02-21 08:30:00,626.73,626.98,626.51,626.79,290.222
2026-02-21 08:45:00,626.8,628.2,626.18,627.78,2098.255
2026-02-21 09:00:00,627.78,628.36,627.64,628.13,680.202
2026-02-21 09:15:00,628.13,630.28,628.12,629.72,2630.046
2026-02-21 09:30:00,629.73,630.61,629.64,629.82,1054.705
2026-02-21 09:45:00,629.83,629.91,628.65,628.65,481.911
2026-02-21 10:00:00,628.65,629.43,628.62,628.85,335.449
2026-02-21 10:15:00,628.84,629.72,628.84,629.58,355.34
2026-02-21 10:30:00,629.58,630.16,629.31,629.88,501.859
2026-02-21 10:45:00,629.87,629.93,629.31,629.82,311.51
2026-02-21 11:00:00,629.82,631.23,629.79,630.81,774.427
2026-02-21 11:15:00,630.8,631.63,630.21,630.32,901.858
2026-02-21 11:30:00,630.32,630.53,629.6,630.01,359.425
2026-02-21 11:45:00,630.01,630.31,629.89,630.18,359.401
2026-02-21 12:00:00,630.18,630.5,629.04,629.37,638.719
2026-02-21 12:15:00,629.37,629.63,629.04,629.23,1335.574
2026-02-21 12:30:00,629.24,629.38,628.76,629.21,1271.821
2026-02-21 12:45:00,629.21,630.87,629.2,630.62,785.989
2026-02-21 13:00:00,630.62,630.76,630.21,630.74,908.685
2026-02-21 13:15:00,630.74,631.43,630.26,630.78,941.054
2026-02-21 13:30:00,630.79,630.98,630.42,630.79,839.534
2026-02-21 13:45:00,630.78,633.8,630.78,633.52,3196.39
2026-02-21 14:00:00,633.53,633.93,632.42,632.79,1402.305
2026-02-21 14:15:00,632.79,634.8,632.11,632.92,1953.488
2026-02-21 14:30:00,632.93,634.16,632.92,633.61,798.971
2026-02-21 14:45:00,633.61,633.83,632.32,632.75,906.326
2026-02-21 15:00:00,632.74,633.27,630.82,630.83,3466.205
2026-02-21 15:15:00,630.83,631.8,629.53,629.54,2737.99
2026-02-21 15:30:00,629.53,630.48,629.18,630.11,1517.618
2026-02-21 15:45:00,630.1,630.18,627.51,627.66,3674.986
2026-02-21 16:00:00,627.65,628.27,624.31,624.72,4568.1
2026-02-21 16:15:00,624.72,625.4,624.02,625.33,1477.06
2026-02-21 16:30:00,625.33,626.64,624.57,626.27,746.487
2026-02-21 16:45:00,626.26,626.28,625.69,625.87,326.398
2026-02-21 17:00:00,625.87,626.6,625.4,626.21,453.253
2026-02-21 17:15:00,626.22,626.6,625.3,626.21,268.699
2026-02-21 17:30:00,626.21,628.13,625.86,627.77,655.999
2026-02-21 17:45:00,627.76,628.23,627.33,627.55,280.733
2026-02-21 18:00:00,627.55,628.0,627.06,627.06,261.536
2026-02-21 18:15:00,627.07,628.31,627.06,627.96,408.005
2026-02-21 18:30:00,627.97,629.16,627.95,628.89,1079.888
2026-02-21 18:45:00,628.88,629.51,628.56,628.58,431.475
2026-02-21 19:00:00,628.59,628.59,627.59,627.62,333.797
2026-02-21 19:15:00,627.63,628.16,627.59,627.87,423.914
2026-02-21 19:30:00,627.86,628.05,627.59,627.69,246.441
2026-02-21 19:45:00,627.68,627.69,626.61,626.9,519.481
2026-02-21 20:00:00,626.91,626.99,626.33,626.62,327.228
2026-02-21 20:15:00,626.62,627.62,626.6,627.04,380.503
2026-02-21 20:30:00,627.05,627.14,625.46,625.87,525.112
2026-02-21 20:45:00,625.87,626.34,624.83,625.07,891.153
2026-02-21 21:00:00,625.07,626.01,624.25,625.53,723.315
2026-02-21 21:15:00,625.53,625.92,625.45,625.91,243.224
2026-02-21 21:30:00,625.91,626.38,625.81,625.87,177.75
2026-02-21 21:45:00,625.87,626.71,625.84,626.71,206.827
2026-02-21 22:00:00,626.71,627.26,626.15,626.56,880.946
2026-02-21 22:15:00,626.56,627.12,626.39,626.78,262.66
2026-02-21 22:30:00,626.77,626.79,625.53,626.05,281.564
2026-02-21 22:45:00,626.04,626.59,625.3,625.83,326.697
2026-02-21 23:00:00,625.83,626.14,624.6,625.18,817.765
2026-02-21 23:15:00,625.19,625.9,625.1,625.57,478.001
2026-02-21 23:30:00,625.56,626.39,625.55,626.08,863.752
2026-02-21 23:45:00,626.07,626.52,625.61,625.61,728.042
2026-02-22 00:00:00,625.61,625.9,625.08,625.41,342.45
2026-02-22 00:15:00,625.41,625.83,622.89,623.83,1722.378
2026-02-22 00:30:00,623.83,624.07,622.85,622.86,568.667
2026-02-22 00:45:00,622.86,624.38,622.85,624.33,361.433
2026-02-22 01:00:00,624.33,625.58,624.32,625.36,553.283
2026-02-22 01:15:00,625.36,625.82,624.57,625.82,527.208
2026-02-22 01:30:00,625.81,626.66,625.8,626.52,407.163
2026-02-22 01:45:00,626.52,626.71,625.82,626.37,230.233
2026-02-22 02:00:00,626.38,626.87,625.96,626.86,284.666
2026-02-22 02:15:00,626.87,626.87,625.36,625.36,252.395
2026-02-22 02:30:00,625.35,625.54,623.94,624.49,669.238
2026-02-22 02:45:00,624.49,624.69,623.35,623.61,664.786
2026-02-22 03:00:00,623.61,624.25,623.5,623.6,459.435
2026-02-22 03:15:00,623.6,623.85,621.34,622.1,1421.501
2026-02-22 03:30:00,622.09,622.48,621.31,621.59,627.608
2026-02-22 03:45:00,621.58,621.82,620.54,621.36,774.883
2026-02-22 04:00:00,621.36,622.22,621.18,622.11,587.659
2026-02-22 04:15:00,622.09,622.26,620.73,621.07,979.204
2026-02-22 04:30:00,621.07,621.58,620.59,620.89,498.472
2026-02-22 04:45:00,620.89,620.94,620.89,620.93,1.671
