Date,Open,High,Low,Close,Volume,Dividends,Stock Splits,thscode,thsname_cn,thsname_en,currency
2025-11-03T05:00:00.000Z,269.90556627,270.3347409275,265.7434858778,268.5381469727,50194600,0.0,0.0,AAPL,苹果,Apple Inc.,USD
2025-11-04T05:00:00.000Z,267.8195068636,270.9734988318,267.1108661194,269.5262756348,49274800,0.0,0.0,AAPL,苹果,Apple Inc.,USD
2025-11-05T05:00:00.000Z,268.098980073,271.1831284425,266.4221834256,269.6260986328,43683100,0.0,0.0,AAPL,苹果,Apple Inc.,USD
2025-11-06T05:00:00.000Z,267.380377026,272.8798740143,267.380377026,269.2567749023,51204000,0.0,0.0,AAPL,苹果,Apple Inc.,USD
2025-11-07T05:00:00.000Z,269.286715415,271.7719991064,266.2624809602,267.9592590332,48227400,0.0,0.0,AAPL,苹果,Apple Inc.,USD
2025-11-10T05:00:00.000Z,268.7085692372,273.4741297822,267.2099714284,269.1781311035,41312400,0.26,0.0,AAPL,苹果,Apple Inc.,USD
2025-11-11T05:00:00.000Z,269.5577590597,275.6520624227,269.5477586519,274.9926757812,46208300,0.0,0.0,AAPL,苹果,Apple Inc.,USD
2025-11-12T05:00:00.000Z,274.7429239716,275.4722525277,271.4460210796,273.2143554688,48398000,0.0,0.0,AAPL,苹果,Apple Inc.,USD
2025-11-13T05:00:00.000Z,273.8537435218,276.4413491841,271.835642822,272.6948547363,49602800,0.0,0.0,AAPL,苹果,Apple Inc.,USD
2025-11-14T05:00:00.000Z,270.7965900478,275.7020034723,269.3479639094,272.1553344727,47431300,0.0,0.0,AAPL,苹果,Apple Inc.,USD
2025-11-17T05:00:00.000Z,268.5687054185,270.2371271729,265.4815977122,267.2099609375,45018300,0.0,0.0,AAPL,苹果,Apple Inc.,USD
2025-11-18T05:00:00.000Z,269.7376065336,270.456934705,265.0719890726,267.1900024414,45677300,0.0,0.0,AAPL,苹果,Apple Inc.,USD
2025-11-19T05:00:00.000Z,265.2817633126,271.9555110778,265.2517925782,268.3089294434,40424500,0.0,0.0,AAPL,苹果,Apple Inc.,USD
2025-11-20T05:00:00.000Z,270.5768036467,275.1725094768,265.6714205455,266.0010986328,45823600,0.0,0.0,AAPL,苹果,Apple Inc.,USD
2025-11-21T05:00:00.000Z,265.7013768088,273.0744516712,265.421639799,271.2361755371,59030800,0.0,0.0,AAPL,苹果,Apple Inc.,USD
2025-11-24T05:00:00.000Z,270.6467521231,276.7410558405,270.6467521231,275.6620788574,65585800,0.0,0.0,AAPL,苹果,Apple Inc.,USD
2025-11-25T05:00:00.000Z,275.0126670497,280.1179060838,274.9926967217,276.7110900879,46914200,0.0,0.0,AAPL,苹果,Apple Inc.,USD
2025-11-26T05:00:00.000Z,276.7010825487,279.2686873679,276.3714044559,277.2905273438,33431400,0.0,0.0,AAPL,苹果,Apple Inc.,USD
2025-11-28T05:00:00.000Z,277.0008150112,278.7391786268,275.7319827497,278.5893249512,20135600,0.0,0.0,AAPL,苹果,Apple Inc.,USD
2025-12-01T05:00:00.000Z,277.7501195745,283.15506584,275.881872572,282.835357666,46587700,0.0,0.0,AAPL,苹果,Apple Inc.,USD
2025-12-02T05:00:00.000Z,282.7354345985,287.1313151164,282.365785375,285.922454834,53669500,0.0,0.0,AAPL,苹果,Apple Inc.,USD
2025-12-03T05:00:00.000Z,285.9324708385,288.3501915351,283.0351573834,283.8843688965,43538700,0.0,0.0,AAPL,苹果,Apple Inc.,USD
2025-12-04T05:00:00.000Z,283.834406865,284.4638227693,278.3295482939,280.4375915527,43989100,0.0,0.0,AAPL,苹果,Apple Inc.,USD
2025-12-05T05:00:00.000Z,280.277743066,280.8771882481,277.7900501335,278.5193786621,47265800,0.0,0.0,AAPL,苹果,Apple Inc.,USD
2025-12-08T05:00:00.000Z,277.8699843762,279.408553185,275.8918244791,277.6302185059,38211800,0.0,0.0,AAPL,苹果,Apple Inc.,USD
2025-12-09T05:00:00.000Z,277.8999627322,279.768209664,276.6611317163,276.9208679199,32193300,0.0,0.0,AAPL,苹果,Apple Inc.,USD
2025-12-10T05:00:00.000Z,277.4903427869,279.488473068,276.1815698919,278.5193786621,33038300,0.0,0.0,AAPL,苹果,Apple Inc.,USD
2025-12-11T05:00:00.000Z,278.8390875871,279.3286197508,273.5540244422,277.7700805664,33248000,0.0,0.0,AAPL,苹果,Apple Inc.,USD
2025-12-12T05:00:00.000Z,277.6402172832,278.958990685,276.5612402657,278.0198669434,39532900,0.0,0.0,AAPL,苹果,Apple Inc.,USD
2025-12-15T05:00:00.000Z,279.8880911944,279.8880911944,272.5849275039,273.853729248,50409100,0.0,0.0,AAPL,苹果,Apple Inc.,USD
2025-12-16T05:00:00.000Z,272.5649667836,275.2424541197,271.5359308789,274.3532714844,37648600,0.0,0.0,AAPL,苹果,Apple Inc.,USD
2025-12-17T05:00:00.000Z,274.7529265192,275.9018453851,271.3860817211,271.5858764648,50138700,0.0,0.0,AAPL,苹果,Apple Inc.,USD
2025-12-18T05:00:00.000Z,273.3542023207,273.3742031368,266.7004552213,271.935546875,51630700,0.0,0.0,AAPL,苹果,Apple Inc.,USD
2025-12-19T05:00:00.000Z,271.8955859651,274.3433078817,269.6476892826,273.4141845703,144632000,0.0,0.0,AAPL,苹果,Apple Inc.,USD
2025-12-22T05:00:00.000Z,272.6048920134,273.6239579413,270.2571133898,270.7166748047,36571800,0.0,0.0,AAPL,苹果,Apple Inc.,USD
2025-12-23T05:00:00.000Z,270.586809103,272.2452609569,269.308006895,272.1053771973,29642000,0.0,0.0,AAPL,苹果,Apple Inc.,USD
2025-12-24T05:00:00.000Z,272.0853891778,275.1724967179,271.9455359163,273.5540161133,17910600,0.0,0.0,AAPL,苹果,Apple Inc.,USD
2025-12-26T05:00:00.000Z,273.9037084593,275.1125687683,272.6049054553,273.1444091797,21521800,0.0,0.0,AAPL,苹果,Apple Inc.,USD
2025-12-29T05:00:00.000Z,272.4350823114,274.1035040633,272.095403814,273.5040893555,23715200,0.0,0.0,AAPL,苹果,Apple Inc.,USD
2025-12-30T05:00:00.000Z,272.5549704076,273.8237722152,272.0254670797,272.8247070312,22139600,0.0,0.0,AAPL,苹果,Apple Inc.,USD
2025-12-31T05:00:00.000Z,272.8047253274,273.4241408374,271.49595243,271.6058349609,27293600,0.0,0.0,AAPL,苹果,Apple Inc.,USD
2026-01-02T05:00:00.000Z,272.0054842547,277.58025431,268.748522148,270.756652832,37838100,0.0,0.0,AAPL,苹果,Apple Inc.,USD
2026-01-05T05:00:00.000Z,270.3870074465,271.2561892507,265.8912142612,267.0101623535,45647200,0.0,0.0,AAPL,苹果,Apple Inc.,USD
2026-01-06T05:00:00.000Z,266.7503924619,267.2998660935,261.874949699,262.1147155762,52352100,0.0,0.0,AAPL,苹果,Apple Inc.,USD
2026-01-07T05:00:00.000Z,262.9539513876,263.4334831315,259.5671060012,260.0866088867,48309800,0.0,0.0,AAPL,苹果,Apple Inc.,USD
2026-01-08T05:00:00.000Z,256.7797203953,259.0476178563,255.460962291,258.7978515625,50419300,0.0,0.0,AAPL,苹果,Apple Inc.,USD
2026-01-09T05:00:00.000Z,258.8377955175,259.9667440583,255.9804837143,259.127532959,39997000,0.0,0.0,AAPL,苹果,Apple Inc.,USD
2026-01-12T05:00:00.000Z,258.9177364764,261.0557201137,256.5599267903,260.0067138672,45263800,0.0,0.0,AAPL,苹果,Apple Inc.,USD
2026-01-13T05:00:00.000Z,258.4781303943,261.5652379723,258.1484523182,260.8059387207,45730800,0.0,0.0,AAPL,苹果,Apple Inc.,USD
2026-01-14T05:00:00.000Z,259.2474181185,261.5752571005,256.4700180914,259.7169799805,40019400,0.0,0.0,AAPL,苹果,Apple Inc.,USD
2026-01-15T05:00:00.000Z,260.4063187564,260.79596879,256.8096782083,257.9685974121,39388600,0.0,0.0,AAPL,苹果,Apple Inc.,USD
2026-01-16T05:00:00.000Z,257.6589020183,258.6579671913,254.6916772349,255.2911224365,72142800,0.0,0.0,AAPL,苹果,Apple Inc.,USD
2026-01-20T05:00:00.000Z,252.4937373957,254.551809217,243.1924430561,246.4693756104,80267500,0.0,0.0,AAPL,苹果,Apple Inc.,USD
2026-01-21T05:00:00.000Z,248.4675090444,251.32483609,244.9507953165,247.4184875488,54641700,0.0,0.0,AAPL,苹果,Apple Inc.,USD
2026-01-22T05:00:00.000Z,248.9670398845,250.7653602579,247.9180183962,248.1178436279,39708300,0.0,0.0,AAPL,苹果,Apple Inc.,USD
2026-01-23T05:00:00.000Z,247.0888078224,249.1768503915,244.4512611104,247.8081207275,41689000,0.0,0.0,AAPL,苹果,Apple Inc.,USD
2026-01-26T05:00:00.000Z,251.2449001563,256.3201529578,249.5664780184,255.1712341309,55969200,0.0,0.0,AAPL,苹果,Apple Inc.,USD
2026-01-27T05:00:00.000Z,258.9277169221,261.7051166971,257.9685924683,258.0285339355,49648300,0.0,0.0,AAPL,苹果,Apple Inc.,USD
2026-01-28T05:00:00.000Z,257.4091472417,258.6180076182,254.2720830679,256.2002868652,41288000,0.0,0.0,AAPL,苹果,Apple Inc.,USD
2026-01-29T05:00:00.000Z,257.7588066809,259.4072580677,254.1721664792,258.0385437012,67253000,0.0,0.0,AAPL,苹果,Apple Inc.,USD
2026-01-30T05:00:00.000Z,254.9314433111,261.6551472598,251.9442331322,259.2374267578,92443400,0.0,0.0,AAPL,苹果,Apple Inc.,USD
2026-02-02T05:00:00.000Z,259.7869174093,270.2371306501,258.9676766448,269.757598877,73913400,0.0,0.0,AAPL,苹果,Apple Inc.,USD
2026-02-03T05:00:00.000Z,268.9483513557,271.6258386481,267.3598109322,269.2280883789,64394700,0.0,0.0,AAPL,苹果,Apple Inc.,USD
2026-02-04T05:00:00.000Z,272.0354511207,278.6892285045,272.0354511207,276.2315063477,90545700,0.0,0.0,AAPL,苹果,Apple Inc.,USD
2026-02-05T05:00:00.000Z,277.8699949435,279.2387093203,272.9745818082,275.6520690918,52977400,0.0,0.0,AAPL,苹果,Apple Inc.,USD
2026-02-06T05:00:00.000Z,276.860920235,280.6473855638,276.6710954237,277.8599853516,50453400,0.0,0.0,AAPL,苹果,Apple Inc.,USD
2026-02-09T05:00:00.000Z,277.9100036621,278.200012207,271.700012207,274.6199951172,44623400,0.26,0.0,AAPL,苹果,Apple Inc.,USD
2026-02-10T05:00:00.000Z,274.8900146484,275.3699951172,272.9400024414,273.6799926758,34376900,0.0,0.0,AAPL,苹果,Apple Inc.,USD
2026-02-11T05:00:00.000Z,274.700012207,280.1799926758,274.450012207,275.5,51931300,0.0,0.0,AAPL,苹果,Apple Inc.,USD
2026-02-12T05:00:00.000Z,275.5899963379,275.7200012207,260.1799926758,261.7300109863,81077200,0.0,0.0,AAPL,苹果,Apple Inc.,USD
2026-02-13T05:00:00.000Z,262.0100097656,262.2300109863,255.4499969482,255.7799987793,56290700,0.0,0.0,AAPL,苹果,Apple Inc.,USD
2026-02-17T05:00:00.000Z,258.049987793,266.2900085449,255.5399932861,263.8800048828,58469100,0.0,0.0,AAPL,苹果,Apple Inc.,USD
2026-02-18T05:00:00.000Z,263.6000061035,266.8200073242,262.450012207,264.3500061035,34203300,0.0,0.0,AAPL,苹果,Apple Inc.,USD
2026-02-19T05:00:00.000Z,262.6000061035,264.4800109863,260.049987793,260.5799865723,30845300,0.0,0.0,AAPL,苹果,Apple Inc.,USD
2026-02-20T05:00:00.000Z,258.9700012207,264.75,258.1600036621,264.5799865723,42070500,0.0,0.0,AAPL,苹果,Apple Inc.,USD
2026-02-23T05:00:00.000Z,263.4899902344,269.4299926758,263.3800048828,266.1799926758,37308200,0.0,0.0,AAPL,苹果,Apple Inc.,USD
2026-02-24T05:00:00.000Z,267.8599853516,274.8900146484,267.7099914551,272.1400146484,47014600,0.0,0.0,AAPL,苹果,Apple Inc.,USD
2026-02-25T05:00:00.000Z,271.7799987793,274.9400024414,271.049987793,274.2300109863,33714300,0.0,0.0,AAPL,苹果,Apple Inc.,USD
2026-02-26T05:00:00.000Z,274.950012207,276.1099853516,270.799987793,272.950012207,32345100,0.0,0.0,AAPL,苹果,Apple Inc.,USD
2026-02-27T05:00:00.000Z,272.8099975586,272.8099975586,262.8900146484,264.1799926758,72366500,0.0,0.0,AAPL,苹果,Apple Inc.,USD
2026-03-02T05:00:00.000Z,262.4100036621,266.5299987793,260.200012207,264.7200012207,41827900,0.0,0.0,AAPL,苹果,Apple Inc.,USD
2026-03-03T05:00:00.000Z,263.4800109863,265.5599975586,260.1300048828,263.75,38568900,0.0,0.0,AAPL,苹果,Apple Inc.,USD
2026-03-04T05:00:00.000Z,264.6499938965,266.1499938965,261.4200134277,262.5199890137,39803100,0.0,0.0,AAPL,苹果,Apple Inc.,USD
2026-03-05T05:00:00.000Z,260.7900085449,261.5599975586,257.25,260.2900085449,49658600,0.0,0.0,AAPL,苹果,Apple Inc.,USD
2026-03-06T05:00:00.000Z,258.6300048828,258.7699890137,254.3699951172,257.4599914551,41120000,0.0,0.0,AAPL,苹果,Apple Inc.,USD
2026-03-09T04:00:00.000Z,255.6900024414,261.1499938965,253.6799926758,259.8800048828,38218500,0.0,0.0,AAPL,苹果,Apple Inc.,USD
2026-03-10T04:00:00.000Z,257.6499938965,262.4800109863,256.950012207,260.8299865723,30590800,0.0,0.0,AAPL,苹果,Apple Inc.,USD
2026-03-11T04:00:00.000Z,261.0899963379,262.1300048828,259.549987793,260.8099975586,26218900,0.0,0.0,AAPL,苹果,Apple Inc.,USD
2026-03-12T04:00:00.000Z,258.6600036621,258.950012207,254.1799926758,255.7599945068,40794000,0.0,0.0,AAPL,苹果,Apple Inc.,USD
2026-03-13T04:00:00.000Z,255.4799957275,256.3299865723,249.5200042725,250.1199951172,36930000,0.0,0.0,AAPL,苹果,Apple Inc.,USD
2026-03-16T04:00:00.000Z,252.1100006104,253.8899993896,249.8800048828,252.8200073242,32074200,0.0,0.0,AAPL,苹果,Apple Inc.,USD
2026-03-17T04:00:00.000Z,252.9600067139,255.1300048828,252.1799926758,254.2299957275,32361600,0.0,0.0,AAPL,苹果,Apple Inc.,USD
2026-03-18T04:00:00.000Z,252.6300048828,254.9400024414,249.0,249.9400024414,35757900,0.0,0.0,AAPL,苹果,Apple Inc.,USD
2026-03-19T04:00:00.000Z,249.3999938965,251.8300018311,247.3000030518,248.9600067139,34864100,0.0,0.0,AAPL,苹果,Apple Inc.,USD
2026-03-20T04:00:00.000Z,247.9799957275,249.1999969482,246.0,247.9900054932,88331100,0.0,0.0,AAPL,苹果,Apple Inc.,USD
2026-03-23T04:00:00.000Z,253.9700012207,254.6000061035,250.2799987793,251.4900054932,40546100,0.0,0.0,AAPL,苹果,Apple Inc.,USD
2026-03-24T04:00:00.000Z,250.3500061035,254.8300018311,249.5500030518,251.6399993896,45152300,0.0,0.0,AAPL,苹果,Apple Inc.,USD
2026-03-25T04:00:00.000Z,254.1000061035,255.0,251.6000061035,252.6199951172,28476700,0.0,0.0,AAPL,苹果,Apple Inc.,USD
2026-03-26T04:00:00.000Z,252.1199951172,257.0,250.7700042725,252.8899993896,41796700,0.0,0.0,AAPL,苹果,Apple Inc.,USD
2026-03-27T04:00:00.000Z,253.8999938965,255.4900054932,248.0700073242,248.8000030518,47900000,0.0,0.0,AAPL,苹果,Apple Inc.,USD
2026-03-30T04:00:00.000Z,250.0700073242,250.8699951172,245.5099945068,246.6300048828,39446200,0.0,0.0,AAPL,苹果,Apple Inc.,USD
2026-03-31T04:00:00.000Z,247.9100036621,255.4799957275,247.1000061035,253.7899932861,49598100,0.0,0.0,AAPL,苹果,Apple Inc.,USD
2026-04-01T04:00:00.000Z,254.0800018311,256.1799926758,253.3300018311,255.6300048828,40059400,0.0,0.0,AAPL,苹果,Apple Inc.,USD
2026-04-02T04:00:00.000Z,254.1999969482,256.1300048828,250.6499938965,255.9199981689,31289400,0.0,0.0,AAPL,苹果,Apple Inc.,USD
2026-04-06T04:00:00.000Z,256.5100097656,262.1600036621,256.4599914551,258.8599853516,29329900,0.0,0.0,AAPL,苹果,Apple Inc.,USD
2026-04-07T04:00:00.000Z,256.1600036621,256.200012207,245.6999969482,253.5,62148000,0.0,0.0,AAPL,苹果,Apple Inc.,USD
2026-04-08T04:00:00.000Z,258.450012207,259.75,256.5299987793,258.8999938965,41032800,0.0,0.0,AAPL,苹果,Apple Inc.,USD
2026-04-09T04:00:00.000Z,259.0,261.1199951172,256.0700073242,260.4899902344,28121600,0.0,0.0,AAPL,苹果,Apple Inc.,USD
2026-04-10T04:00:00.000Z,259.9800109863,262.1900024414,259.0199890137,260.4800109863,31291500,0.0,0.0,AAPL,苹果,Apple Inc.,USD
2026-04-13T04:00:00.000Z,259.7300109863,260.1799926758,256.6600036621,259.200012207,36234700,0.0,0.0,AAPL,苹果,Apple Inc.,USD
2026-04-14T04:00:00.000Z,259.25,261.9299926758,257.1900024414,258.8299865723,48370700,0.0,0.0,AAPL,苹果,Apple Inc.,USD
2026-04-15T04:00:00.000Z,258.1600036621,266.5599975586,257.8099975586,266.4299926758,49913500,0.0,0.0,AAPL,苹果,Apple Inc.,USD
2026-04-16T04:00:00.000Z,266.799987793,267.1600036621,261.2699890137,263.3999938965,43323100,0.0,0.0,AAPL,苹果,Apple Inc.,USD
2026-04-17T04:00:00.000Z,266.9599914551,272.299987793,266.7200012207,270.2300109863,61436200,0.0,0.0,AAPL,苹果,Apple Inc.,USD
2026-04-20T04:00:00.000Z,270.3299865723,274.2799987793,270.2900085449,273.049987793,36590200,0.0,0.0,AAPL,苹果,Apple Inc.,USD
2026-04-21T04:00:00.000Z,271.5,272.799987793,265.3999938965,266.1700134277,50209800,0.0,0.0,AAPL,苹果,Apple Inc.,USD
2026-04-22T04:00:00.000Z,267.8200073242,273.7399902344,266.8699951172,273.1700134277,43249200,0.0,0.0,AAPL,苹果,Apple Inc.,USD
2026-04-23T04:00:00.000Z,275.049987793,275.7699890137,271.6499938965,273.4299926758,33399600,0.0,0.0,AAPL,苹果,Apple Inc.,USD
2026-04-24T04:00:00.000Z,272.7600097656,273.0599975586,269.6499938965,271.0599975586,38157100,0.0,0.0,AAPL,苹果,Apple Inc.,USD
2026-04-27T04:00:00.000Z,266.0899963379,268.3599853516,265.0700073242,267.6099853516,41466800,0.0,0.0,AAPL,苹果,Apple Inc.,USD
2026-04-28T04:00:00.000Z,272.3399963379,273.2300109863,268.6600036621,270.7099914551,40018900,0.0,0.0,AAPL,苹果,Apple Inc.,USD
2026-04-29T04:00:00.000Z,267.549987793,271.0400085449,267.0400085449,270.1700134277,30047900,0.0,0.0,AAPL,苹果,Apple Inc.,USD
2026-04-30T04:00:00.000Z,270.5,276.0,268.1400146484,271.3500061035,91848200,0.0,0.0,AAPL,苹果,Apple Inc.,USD
2026-05-01T04:00:00.000Z,278.8599853516,287.2200012207,278.3699951172,280.1400146484,79844600,0.0,0.0,AAPL,苹果,Apple Inc.,USD
