Date,Open,High,Low,Close,Volume,Dividends,Stock Splits,Capital Gains,thscode,thsname_cn,thsname_en,currency
2025-11-03T05:00:00.000Z,681.7878948104,681.9171636388,676.0903560258,679.4711303711,57315000,0.0,0.0,0.0,SPY,NA,NA,USD
2025-11-04T05:00:00.000Z,672.2820616639,676.1103005794,670.7607556049,671.4169921875,78427000,0.0,0.0,0.0,SPY,NA,NA,USD
2025-11-05T05:00:00.000Z,671.1583975729,677.0051112075,670.352986036,673.7437133789,74402400,0.0,0.0,0.0,SPY,NA,NA,USD
2025-11-06T05:00:00.000Z,672.6399897028,673.5448715273,664.9338680035,666.5148925781,85035300,0.0,0.0,0.0,SPY,NA,NA,USD
2025-11-07T05:00:00.000Z,664.1284090392,667.2805048705,657.4663915648,667.171081543,100592400,0.0,0.0,0.0,SPY,NA,NA,USD
2025-11-10T05:00:00.000Z,673.4056760856,678.3177098283,671.2082272334,677.5819091797,75842900,0.0,0.0,0.0,SPY,NA,NA,USD
2025-11-11T05:00:00.000Z,676.100276211,679.6997756664,674.8871520395,679.1329956055,58953400,0.0,0.0,0.0,SPY,NA,NA,USD
2025-11-12T05:00:00.000Z,680.9128544583,681.0819356538,677.0946296424,679.5108642578,62312500,0.0,0.0,0.0,SPY,NA,NA,USD
2025-11-13T05:00:00.000Z,676.647169713,677.0051169125,666.7236935367,668.2350463867,103457800,0.0,0.0,0.0,SPY,NA,NA,USD
2025-11-14T05:00:00.000Z,661.6128286384,671.8345948923,659.5147893727,668.1257324219,96846700,0.0,0.0,0.0,SPY,NA,NA,USD
2025-11-17T05:00:00.000Z,665.9083353082,669.8956413839,658.4209391868,661.9011230469,90456100,0.0,0.0,0.0,SPY,NA,NA,USD
2025-11-18T05:00:00.000Z,658.3513565465,661.3542775985,652.1466953366,656.3428344727,114467500,0.0,0.0,0.0,SPY,NA,NA,USD
2025-11-19T05:00:00.000Z,657.0389163187,663.5617733904,655.0203803609,658.8784179688,94703000,0.0,0.0,0.0,SPY,NA,NA,USD
2025-11-20T05:00:00.000Z,669.100129111,671.7351497651,648.1991802397,648.8355712891,165293500,0.0,0.0,0.0,SPY,NA,NA,USD
2025-11-21T05:00:00.000Z,651.3412595795,660.7874729698,647.1650267848,655.2987670898,123956200,0.0,0.0,0.0,SPY,NA,NA,USD
2025-11-24T05:00:00.000Z,658.9380055467,666.266273463,657.844257767,664.9437866211,80437900,0.0,0.0,0.0,SPY,NA,NA,USD
2025-11-25T05:00:00.000Z,664.8443455838,672.3814460202,660.7178178397,671.1981811523,81077100,0.0,0.0,0.0,SPY,NA,NA,USD
2025-11-26T05:00:00.000Z,673.7934667684,677.8404309303,672.8885849297,675.8318481445,71879600,0.0,0.0,0.0,SPY,NA,NA,USD
2025-11-28T05:00:00.000Z,677.0051081523,679.7991961322,676.6471609574,679.5208129883,49212000,0.0,0.0,0.0,SPY,NA,NA,USD
2025-12-01T05:00:00.000Z,674.966762336,679.1230890446,674.897151374,676.4185180664,61201200,0.0,0.0,0.0,SPY,NA,NA,USD
2025-12-02T05:00:00.000Z,678.0591325179,679.9483994968,675.4838303983,677.6713867188,62953800,0.0,0.0,0.0,SPY,NA,NA,USD
2025-12-03T05:00:00.000Z,676.716795074,681.0321891246,675.8417725524,680.0180053711,57238500,0.0,0.0,0.0,SPY,NA,NA,USD
2025-12-04T05:00:00.000Z,681.4199577793,681.4895687362,677.4824173402,680.5151367188,61970300,0.0,0.0,0.0,SPY,NA,NA,USD
2025-12-05T05:00:00.000Z,681.5890143183,684.4925257186,680.7040993958,681.807800293,79241000,0.0,0.0,0.0,SPY,NA,NA,USD
2025-12-08T05:00:00.000Z,682.7027235077,682.7524282821,677.7111260886,679.7594604492,55231500,0.0,0.0,0.0,SPY,NA,NA,USD
2025-12-09T05:00:00.000Z,679.2821528162,681.5094606319,678.7253258623,679.1727294922,58310100,0.0,0.0,0.0,SPY,NA,NA,USD
2025-12-10T05:00:00.000Z,678.6955405174,685.0692222503,677.4526176554,683.6771850586,85671300,0.0,0.0,0.0,SPY,NA,NA,USD
2025-12-11T05:00:00.000Z,681.2609148662,685.3476304584,678.3076987411,685.2680664062,86173700,0.0,0.0,0.0,SPY,NA,NA,USD
2025-12-12T05:00:00.000Z,684.2737056053,684.9797075792,675.3246617595,677.9000244141,113160300,0.0,0.0,0.0,SPY,NA,NA,USD
2025-12-15T05:00:00.000Z,681.8574988129,681.8774049985,675.4042533094,676.8758544922,90811000,0.0,0.0,0.0,SPY,NA,NA,USD
2025-12-16T05:00:00.000Z,675.3843754406,677.2239376858,671.1584377197,675.0264282227,122030600,0.0,0.0,0.0,SPY,NA,NA,USD
2025-12-17T05:00:00.000Z,676.0406154818,676.5874893556,667.3998140691,667.5986938477,110625200,0.0,0.0,0.0,SPY,NA,NA,USD
2025-12-18T05:00:00.000Z,673.7635606688,676.8857972779,671.0788959983,672.6399536133,108650100,0.0,0.0,0.0,SPY,NA,NA,USD
2025-12-19T05:00:00.000Z,674.7472834585,679.2350273729,674.627554288,678.7363891602,103599500,1.993,0.0,0.0,SPY,NA,NA,USD
2025-12-22T05:00:00.000Z,682.0772531069,683.4933686131,678.7364013692,682.96484375,69556700,0.0,0.0,0.0,SPY,NA,NA,USD
2025-12-23T05:00:00.000Z,682.0572680421,686.3256403113,682.0074163952,686.0863037109,64840000,0.0,0.0,0.0,SPY,NA,NA,USD
2025-12-24T05:00:00.000Z,686.0763204451,688.9484813838,685.9267046356,688.4996948242,39445600,0.0,0.0,0.0,SPY,NA,NA,USD
2025-12-26T05:00:00.000Z,688.7589888614,689.7761694006,687.3927250602,688.4298706055,41613300,0.0,0.0,0.0,SPY,NA,NA,USD
2025-12-29T05:00:00.000Z,685.6674092439,687.322922191,684.2014421207,685.9765625,62559500,0.0,0.0,0.0,SPY,NA,NA,USD
2025-12-30T05:00:00.000Z,685.5777200963,686.6846823672,684.7100944387,685.1389160156,47160700,0.0,0.0,0.0,SPY,NA,NA,USD
2025-12-31T05:00:00.000Z,685.2685588951,685.4879304985,679.8533550409,680.0627441406,74144800,0.0,0.0,0.0,SPY,NA,NA,USD
2026-01-02T05:00:00.000Z,683.842447277,684.9992611612,677.9684744567,681.3093261719,89377200,0.0,0.0,0.0,SPY,NA,NA,USD
2026-01-05T05:00:00.000Z,684.6701449337,687.5522884527,684.5106074857,685.8469238281,71927200,0.0,0.0,0.0,SPY,NA,NA,USD
2026-01-06T05:00:00.000Z,686.0563439631,690.4344019511,685.906789025,689.92578125,69273800,0.0,0.0,0.0,SPY,NA,NA,USD
2026-01-07T05:00:00.000Z,690.3047811958,692.0699799721,687.4426026835,687.7019042969,75588300,0.0,0.0,0.0,SPY,NA,NA,USD
2026-01-08T05:00:00.000Z,686.9439569076,688.7390423054,685.6175622141,687.6320800781,64019200,0.0,0.0,0.0,SPY,NA,NA,USD
2026-01-09T05:00:00.000Z,688.7489932725,693.4162394408,687.3029303434,692.1796264648,80125500,0.0,0.0,0.0,SPY,NA,NA,USD
2026-01-12T05:00:00.000Z,688.7988836287,694.1941832506,688.7490319805,693.2666625977,63976000,0.0,0.0,0.0,SPY,NA,NA,USD
2026-01-13T05:00:00.000Z,693.5957794186,694.1941818021,689.4670403609,691.8804931641,78309700,0.0,0.0,0.0,SPY,NA,NA,USD
2026-01-14T05:00:00.000Z,689.118007847,689.836017654,684.1714948793,688.4797363281,94676700,0.0,0.0,0.0,SPY,NA,NA,USD
2026-01-15T05:00:00.000Z,692.6782853429,693.5558934557,689.3673203482,690.3546142578,77862000,0.0,0.0,0.0,SPY,NA,NA,USD
2026-01-16T05:00:00.000Z,691.7707369284,692.3591568004,688.2204352966,689.776184082,79289200,0.0,0.0,0.0,SPY,NA,NA,USD
2026-01-20T05:00:00.000Z,679.6338820353,682.9049778345,674.7272992055,675.7345581055,111623300,0.0,0.0,0.0,SPY,NA,NA,USD
2026-01-21T05:00:00.000Z,677.7989249,686.8641332264,676.2830453045,683.5332641602,127844500,0.0,0.0,0.0,SPY,NA,NA,USD
2026-01-22T05:00:00.000Z,687.9711412753,689.2476843606,685.0491285531,687.103515625,77112200,0.0,0.0,0.0,SPY,NA,NA,USD
2026-01-23T05:00:00.000Z,686.2757685332,689.0781127397,685.2884137824,687.3527832031,63059600,0.0,0.0,0.0,SPY,NA,NA,USD
2026-01-26T05:00:00.000Z,688.6093723198,692.2394730276,688.040917467,690.8432617188,60473800,0.0,0.0,0.0,SPY,NA,NA,USD
2026-01-27T05:00:00.000Z,692.2893344912,694.6329705879,691.6810104866,693.5957641602,55506100,0.0,0.0,0.0,SPY,NA,NA,USD
2026-01-28T05:00:00.000Z,695.1515053497,695.9393926651,692.0499903413,693.5259399414,61172200,0.0,0.0,0.0,SPY,NA,NA,USD
2026-01-29T05:00:00.000Z,694.4933553961,695.1615135683,682.9648421723,692.1497192383,97486200,0.0,0.0,0.0,SPY,NA,NA,USD
2026-01-30T05:00:00.000Z,689.9058246992,692.3192774333,685.248560915,690.0853271484,101835100,0.0,0.0,0.0,SPY,NA,NA,USD
2026-02-02T05:00:00.000Z,687.7019133171,695.0318708971,687.5423149981,693.5159912109,79286500,0.0,0.0,0.0,SPY,NA,NA,USD
2026-02-03T05:00:00.000Z,694.3138377505,695.0617950649,682.1670182684,687.6520385742,107904600,0.0,0.0,0.0,SPY,NA,NA,USD
2026-02-04T05:00:00.000Z,688.469749063,689.5667896414,679.9031787408,684.321105957,105204600,0.0,0.0,0.0,SPY,NA,NA,USD
2026-02-05T05:00:00.000Z,679.0854402743,681.8279505602,673.9494421187,675.7744750977,113610800,0.0,0.0,0.0,SPY,NA,NA,USD
2026-02-06T05:00:00.000Z,679.6039887473,690.424413201,678.9956038907,688.7390136719,89127600,0.0,0.0,0.0,SPY,NA,NA,USD
2026-02-09T05:00:00.000Z,687.5423060693,693.9747512797,686.46529134,692.0599975586,73885200,0.0,0.0,0.0,SPY,NA,NA,USD
2026-02-10T05:00:00.000Z,693.0572335194,694.6428688795,689.7761552681,690.2349243164,65185700,0.0,0.0,0.0,SPY,NA,NA,USD
2026-02-11T05:00:00.000Z,694.4933668556,695.2413241988,687.3029816842,690.0754394531,76353900,0.0,0.0,0.0,SPY,NA,NA,USD
2026-02-12T05:00:00.000Z,692.3491972008,693.4561594587,678.5169776231,679.4145507812,118829000,0.0,0.0,0.0,SPY,NA,NA,USD
2026-02-13T05:00:00.000Z,679.8333543271,684.4108798041,675.6747287654,679.8931884766,96267500,0.0,0.0,0.0,SPY,NA,NA,USD
2026-02-17T05:00:00.000Z,678.2875932204,683.0745078225,673.9394826742,680.9901733398,81354700,0.0,0.0,0.0,SPY,NA,NA,USD
2026-02-18T05:00:00.000Z,682.157061237,687.2730943282,680.970299819,684.4208374023,73570300,0.0,0.0,0.0,SPY,NA,NA,USD
2026-02-19T05:00:00.000Z,681.9775120282,684.3111046898,679.6937101434,682.6157226562,58649400,0.0,0.0,0.0,SPY,NA,NA,USD
2026-02-20T05:00:00.000Z,680.4616860593,688.1805961724,679.8732661616,687.5523071289,100034000,0.0,0.0,0.0,SPY,NA,NA,USD
2026-02-23T05:00:00.000Z,685.9566804858,688.120753348,678.5169762252,680.5314941406,90558100,0.0,0.0,0.0,SPY,NA,NA,USD
2026-02-24T05:00:00.000Z,680.0427976196,686.4751816677,678.1479481229,685.4779052734,73798700,0.0,0.0,0.0,SPY,NA,NA,USD
2026-02-25T05:00:00.000Z,688.3002642742,691.7907319066,688.2204651136,691.2622070312,56369500,0.0,0.0,0.0,SPY,NA,NA,USD
2026-02-26T05:00:00.000Z,691.3918088679,691.4117130049,682.4860770891,687.4226074219,71671000,0.0,0.0,0.0,SPY,NA,NA,USD
2026-02-27T05:00:00.000Z,681.2295779636,684.9892686841,679.7835149778,684.1216430664,83308900,0.0,0.0,0.0,SPY,NA,NA,USD
2026-03-02T05:00:00.000Z,676.851544224,686.7445096441,676.1734035368,684.5106201172,87477200,0.0,0.0,0.0,SPY,NA,NA,USD
2026-03-03T05:00:00.000Z,673.2214453884,680.7508704958,667.836128151,678.4771118164,105003100,0.0,0.0,0.0,SPY,NA,NA,USD
2026-03-04T05:00:00.000Z,679.7735096904,685.2186606854,677.7689744101,683.2639770508,79182200,0.0,0.0,0.0,SPY,NA,NA,USD
2026-03-05T05:00:00.000Z,680.2223290727,683.6629449535,673.7699188746,679.4544067383,106606500,0.0,0.0,0.0,SPY,NA,NA,USD
2026-03-06T05:00:00.000Z,671.5758690877,674.2685275229,667.9358467743,670.5487060547,100687000,0.0,0.0,0.0,SPY,NA,NA,USD
2026-03-09T04:00:00.000Z,664.5750801817,678.0681991432,660.5859743093,676.4227294922,102667700,0.0,0.0,0.0,SPY,NA,NA,USD
2026-03-10T04:00:00.000Z,675.874139673,681.4987932365,672.9222404542,675.3356323242,81505300,0.0,0.0,0.0,SPY,NA,NA,USD
2026-03-11T04:00:00.000Z,675.7345715953,678.2277626375,671.5061293268,674.4879760742,68441700,0.0,0.0,0.0,SPY,NA,NA,USD
2026-03-12T04:00:00.000Z,669.3319958918,669.8207124533,664.0564256955,664.2459106445,108882200,0.0,0.0,0.0,SPY,NA,NA,USD
2026-03-13T04:00:00.000Z,667.4472371498,670.5088831922,659.5587462494,660.4862060547,97200200,0.0,0.0,0.0,SPY,NA,NA,USD
2026-03-16T04:00:00.000Z,666.5596317087,670.2395842064,665.3030536556,667.2078857422,82023100,0.0,0.0,0.0,SPY,NA,NA,USD
2026-03-17T04:00:00.000Z,670.5586914525,672.6030958934,667.8760155087,668.9630126953,87128000,0.0,0.0,0.0,SPY,NA,NA,USD
2026-03-18T04:00:00.000Z,666.5396583763,667.895939709,659.3892034355,659.6285400391,82062600,0.0,0.0,0.0,SPY,NA,NA,USD
2026-03-19T04:00:00.000Z,655.1806813208,661.1743225351,653.3855958813,658.0029907227,111272500,0.0,0.0,0.0,SPY,NA,NA,USD
2026-03-20T04:00:00.000Z,656.5100097656,656.6900024414,644.7199707031,648.5700073242,163617500,1.797,0.0,0.0,SPY,NA,NA,USD
2026-03-23T04:00:00.000Z,658.0700073242,662.6199951172,653.9400024414,655.3800048828,134802700,0.0,0.0,0.0,SPY,NA,NA,USD
2026-03-24T04:00:00.000Z,651.3200073242,657.0300292969,649.8800048828,653.1799926758,96457500,0.0,0.0,0.0,SPY,NA,NA,USD
2026-03-25T04:00:00.000Z,658.6699829102,660.8900146484,654.2399902344,656.8200073242,90653800,0.0,0.0,0.0,SPY,NA,NA,USD
2026-03-26T04:00:00.000Z,652.0599975586,654.8499755859,644.8200073242,645.0900268555,96494400,0.0,0.0,0.0,SPY,NA,NA,USD
2026-03-27T04:00:00.000Z,642.5,642.6599731445,633.1099853516,634.0900268555,103649400,0.0,0.0,0.0,SPY,NA,NA,USD
2026-03-30T04:00:00.000Z,640.1099853516,640.3699951172,629.2800292969,631.9699707031,99275900,0.0,0.0,0.0,SPY,NA,NA,USD
2026-03-31T04:00:00.000Z,638.9400024414,651.5399780273,637.9799804688,650.3400268555,152534100,0.0,0.0,0.0,SPY,NA,NA,USD
2026-04-01T04:00:00.000Z,653.9000244141,658.5200195312,653.0,655.2399902344,97841500,0.0,0.0,0.0,SPY,NA,NA,USD
2026-04-02T04:00:00.000Z,646.4199829102,658.200012207,645.1099853516,655.8300170898,68358700,0.0,0.0,0.0,SPY,NA,NA,USD
2026-04-06T04:00:00.000Z,655.8599853516,659.7199707031,655.5200195312,658.9299926758,39105800,0.0,0.0,0.0,SPY,NA,NA,USD
2026-04-07T04:00:00.000Z,656.6500244141,659.6099853516,651.0599975586,659.2199707031,69980400,0.0,0.0,0.0,SPY,NA,NA,USD
2026-04-08T04:00:00.000Z,676.3900146484,677.0800170898,671.4600219727,676.0100097656,93606100,0.0,0.0,0.0,SPY,NA,NA,USD
2026-04-09T04:00:00.000Z,674.8400268555,681.1599731445,673.7700195312,679.9099731445,57134400,0.0,0.0,0.0,SPY,NA,NA,USD
2026-04-10T04:00:00.000Z,681.3200073242,682.0300292969,678.450012207,679.4600219727,42253500,0.0,0.0,0.0,SPY,NA,NA,USD
2026-04-13T04:00:00.000Z,677.4099731445,686.299987793,676.5800170898,686.0999755859,54185800,0.0,0.0,0.0,SPY,NA,NA,USD
2026-04-14T04:00:00.000Z,687.6900024414,694.5800170898,687.6599731445,694.4600219727,63480500,0.0,0.0,0.0,SPY,NA,NA,USD
2026-04-15T04:00:00.000Z,695.2600097656,700.2800292969,694.200012207,699.9400024414,58240400,0.0,0.0,0.0,SPY,NA,NA,USD
2026-04-16T04:00:00.000Z,701.0599975586,702.7800292969,698.5300292969,701.6599731445,49972400,0.0,0.0,0.0,SPY,NA,NA,USD
2026-04-17T04:00:00.000Z,706.1400146484,712.3900146484,705.7600097656,710.1400146484,70661900,0.0,0.0,0.0,SPY,NA,NA,USD
2026-04-20T04:00:00.000Z,708.7800292969,709.9099731445,706.1400146484,708.7199707031,43546800,0.0,0.0,0.0,SPY,NA,NA,USD
2026-04-21T04:00:00.000Z,710.2800292969,711.2800292969,702.6400146484,704.0800170898,58941400,0.0,0.0,0.0,SPY,NA,NA,USD
2026-04-22T04:00:00.000Z,709.1500244141,711.450012207,708.2199707031,711.2100219727,42518500,0.0,0.0,0.0,SPY,NA,NA,USD
2026-04-23T04:00:00.000Z,709.5,712.3599853516,702.2800292969,708.450012207,56174000,0.0,0.0,0.0,SPY,NA,NA,USD
2026-04-24T04:00:00.000Z,710.75,714.4699707031,709.0100097656,713.9400024414,45182000,0.0,0.0,0.0,SPY,NA,NA,USD
2026-04-27T04:00:00.000Z,713.1699829102,715.6300048828,712.299987793,715.1699829102,33135900,0.0,0.0,0.0,SPY,NA,NA,USD
2026-04-28T04:00:00.000Z,711.8200073242,712.8800048828,709.25,711.6900024414,43117400,0.0,0.0,0.0,SPY,NA,NA,USD
2026-04-29T04:00:00.000Z,711.0,712.200012207,708.3699951172,711.5800170898,41859200,0.0,0.0,0.0,SPY,NA,NA,USD
2026-04-30T04:00:00.000Z,714.6300048828,719.7899780273,710.450012207,718.6599731445,67240900,0.0,0.0,0.0,SPY,NA,NA,USD
2026-05-01T04:00:00.000Z,721.25,724.8699951172,720.4699707031,720.6500244141,42888700,0.0,0.0,0.0,SPY,NA,NA,USD
