strategy_name,agent_id,file_path,status,sharpe,win_rate,max_drawdown,total_trades,profit_factor,total_return,bars_used,bar_step,duration_sec,errors_seen,error_message
avg_directional_movement,web_ai,E:\findtorontoevents_antigravity.ca\incubator\agents\web_ai\avg_directional_movement.py,failed,2.7756,0.4483,0.0223,29,1.6485,0.0273,1808,2,1.32,0,
elder_ray_bull_power,web_ai,E:\findtorontoevents_antigravity.ca\incubator\agents\web_ai\elder_ray_bull_power.py,failed,2.1229,0.4318,0.0586,44,1.6261,0.0729,1808,2,0.796,0,
range_contraction_revert,web_ai,E:\findtorontoevents_antigravity.ca\incubator\agents\web_ai\range_contraction_revert.py,failed,1.7802,0.439,0.0467,41,1.338,0.0343,1808,2,1.003,0,
dual_atr_regime,web_ai,E:\findtorontoevents_antigravity.ca\incubator\agents\web_ai\dual_atr_regime.py,failed,1.0991,0.4,0.1274,70,1.2093,0.0502,1808,2,1.304,0,
smoothed_momentum_crossover,web_ai,E:\findtorontoevents_antigravity.ca\incubator\agents\web_ai\smoothed_momentum_crossover.py,failed,1.0313,0.4375,0.0501,32,1.227,0.0177,1808,2,0.791,0,
momentum_percentile_rank,web_ai,E:\findtorontoevents_antigravity.ca\incubator\agents\web_ai\momentum_percentile_rank.py,failed,0.8814,0.5158,0.1177,95,1.1769,0.0514,1808,2,1.12,0,
rsi_velocity_cross,web_ai,E:\findtorontoevents_antigravity.ca\incubator\agents\web_ai\rsi_velocity_cross.py,failed,0.8724,0.4762,0.0436,21,1.1767,0.0087,1808,2,1.11,0,
gap_fill_reversion,web_ai,E:\findtorontoevents_antigravity.ca\incubator\agents\web_ai\gap_fill_reversion.py,failed,0.722,0.4828,0.0349,29,1.1218,0.0108,1808,2,0.701,0,
roc_acceleration_trend,web_ai,E:\findtorontoevents_antigravity.ca\incubator\agents\web_ai\roc_acceleration_trend.py,failed,0.7055,0.4694,0.0803,196,1.1436,0.0507,1808,2,0.977,0,
median_price_reversion,web_ai,E:\findtorontoevents_antigravity.ca\incubator\agents\web_ai\median_price_reversion.py,failed,0.4976,0.4135,0.3358,104,1.0733,0.0412,1808,2,1.0,0,
intraday_momentum_index,web_ai,E:\findtorontoevents_antigravity.ca\incubator\agents\web_ai\intraday_momentum_index.py,failed,0.4352,0.431,0.1189,58,1.0671,0.014,1808,2,1.106,0,
opening_range_breakout,web_ai,E:\findtorontoevents_antigravity.ca\incubator\agents\web_ai\opening_range_breakout.py,failed,0.3885,0.4403,0.0986,134,1.0736,0.0255,1808,2,0.763,0,
drawdown_recovery_rsi,web_ai,E:\findtorontoevents_antigravity.ca\incubator\agents\web_ai\drawdown_recovery_rsi.py,failed,0.2867,0.4074,0.2666,54,1.0233,0.0089,1808,2,1.177,0,
multi_period_rsi_confluence,web_ai,E:\findtorontoevents_antigravity.ca\incubator\agents\web_ai\multi_period_rsi_confluence.py,failed,0.2746,0.4658,0.2421,73,1.0256,0.011,1808,2,1.471,0,
ema_slope_divergence,web_ai,E:\findtorontoevents_antigravity.ca\incubator\agents\web_ai\ema_slope_divergence.py,failed,0.2086,0.4032,0.0944,62,1.021,0.0054,1808,2,0.896,0,
consecutive_down_reversal,web_ai,E:\findtorontoevents_antigravity.ca\incubator\agents\web_ai\consecutive_down_reversal.py,failed,0.1324,0.45,0.0238,20,1.011,0.0007,1808,2,0.696,0,
ema_ribbon_compression,web_ai,E:\findtorontoevents_antigravity.ca\incubator\agents\web_ai\ema_ribbon_compression.py,failed,0.0684,0.4541,0.154,229,1.0039,0.0017,1808,2,0.901,0,
hurst_exponent_gate,web_ai,E:\findtorontoevents_antigravity.ca\incubator\agents\web_ai\hurst_exponent_gate.py,failed,0.0421,0.448,0.2692,125,0.9885,-0.0059,1808,2,1.34,0,
cumulative_delta_proxy,web_ai,E:\findtorontoevents_antigravity.ca\incubator\agents\web_ai\cumulative_delta_proxy.py,failed,0.0365,0.4487,0.0409,78,0.9955,-0.0007,1808,2,0.8,0,
swing_failure_pattern,web_ai,E:\findtorontoevents_antigravity.ca\incubator\agents\web_ai\swing_failure_pattern.py,failed,-0.0971,0.4333,0.0693,60,0.9702,-0.0042,1808,2,0.744,0,
supertrend_proxy,web_ai,E:\findtorontoevents_antigravity.ca\incubator\agents\web_ai\supertrend_proxy.py,failed,-0.1493,0.4188,0.2512,425,0.9523,-0.0471,1808,2,1.009,0,
high_low_midpoint_reversion,web_ai,E:\findtorontoevents_antigravity.ca\incubator\agents\web_ai\high_low_midpoint_reversion.py,failed,-0.1951,0.48,0.0678,50,0.9428,-0.0088,1808,2,0.885,0,
donchian_midline_bounce,web_ai,E:\findtorontoevents_antigravity.ca\incubator\agents\web_ai\donchian_midline_bounce.py,failed,-0.2537,0.4186,0.0645,86,0.9345,-0.0122,1808,2,0.885,0,
bollinger_width_percentile,web_ai,E:\findtorontoevents_antigravity.ca\incubator\agents\web_ai\bollinger_width_percentile.py,failed,-0.3353,0.3684,0.021,19,0.9241,-0.0027,1808,2,1.129,0,
hh_hl_trend_follow,web_ai,E:\findtorontoevents_antigravity.ca\incubator\agents\web_ai\hh_hl_trend_follow.py,failed,-0.348,0.4146,0.0501,41,0.92,-0.0046,1808,2,0.965,0,
pivot_point_bounce,web_ai,E:\findtorontoevents_antigravity.ca\incubator\agents\web_ai\pivot_point_bounce.py,failed,-0.3904,0.4437,0.2949,471,0.9015,-0.0917,1808,2,0.909,0,
ema_crossover_pullback,web_ai,E:\findtorontoevents_antigravity.ca\incubator\agents\web_ai\ema_crossover_pullback.py,failed,-0.503,0.4444,0.012,9,0.8929,-0.0027,1808,2,0.779,0,
connors_rsi,web_ai,E:\findtorontoevents_antigravity.ca\incubator\agents\web_ai\connors_rsi.py,failed,-0.517,0.5,0.081,102,0.8952,-0.029,1808,2,2.184,0,
mean_distance_reversion,web_ai,E:\findtorontoevents_antigravity.ca\incubator\agents\web_ai\mean_distance_reversion.py,failed,-0.5909,0.432,0.3914,125,0.8641,-0.0874,1808,2,0.787,0,
relative_strength_ma,web_ai,E:\findtorontoevents_antigravity.ca\incubator\agents\web_ai\relative_strength_ma.py,failed,-0.7728,0.5243,0.0987,103,0.8464,-0.0423,1808,2,1.059,0,
momentum_divergence_rsi,web_ai,E:\findtorontoevents_antigravity.ca\incubator\agents\web_ai\momentum_divergence_rsi.py,failed,-0.7846,0.375,0.1529,72,0.8518,-0.0418,1808,2,1.272,0,
lower_wick_absorption,web_ai,E:\findtorontoevents_antigravity.ca\incubator\agents\web_ai\lower_wick_absorption.py,failed,-0.8125,0.4923,0.052,65,0.8556,-0.018,1808,2,1.002,0,
volume_profile_poc,web_ai,E:\findtorontoevents_antigravity.ca\incubator\agents\web_ai\volume_profile_poc.py,failed,-0.8863,0.4713,0.0641,87,0.7949,-0.0348,1808,2,0.825,0,
weighted_close_trend,web_ai,E:\findtorontoevents_antigravity.ca\incubator\agents\web_ai\weighted_close_trend.py,failed,-0.8962,0.3784,0.0597,37,0.8159,-0.0204,1808,2,0.825,0,
price_acceleration_gate,web_ai,E:\findtorontoevents_antigravity.ca\incubator\agents\web_ai\price_acceleration_gate.py,failed,-0.908,0.3805,0.137,113,0.8044,-0.0665,1808,2,0.798,0,
volume_weighted_rsi,web_ai,E:\findtorontoevents_antigravity.ca\incubator\agents\web_ai\volume_weighted_rsi.py,failed,-1.1057,0.3927,0.401,219,0.7798,-0.2009,1808,2,1.225,0,
zscore_mean_reversion,web_ai,E:\findtorontoevents_antigravity.ca\incubator\agents\web_ai\zscore_mean_reversion.py,failed,-1.109,0.4182,0.1725,55,0.808,-0.0506,1808,2,0.84,0,
atr_regime_rsi,web_ai,E:\findtorontoevents_antigravity.ca\incubator\agents\web_ai\atr_regime_rsi.py,failed,-1.3432,0.3922,0.1653,102,0.7809,-0.0747,1808,2,1.196,0,
williams_r_extreme,web_ai,E:\findtorontoevents_antigravity.ca\incubator\agents\web_ai\williams_r_extreme.py,failed,-1.3549,0.3913,0.0456,23,0.7965,-0.0157,1808,2,0.931,0,
kurtosis_regime,web_ai,E:\findtorontoevents_antigravity.ca\incubator\agents\web_ai\kurtosis_regime.py,failed,-1.4127,0.3971,0.1095,68,0.734,-0.0338,1808,2,1.033,0,
variance_ratio_reversion,web_ai,E:\findtorontoevents_antigravity.ca\incubator\agents\web_ai\variance_ratio_reversion.py,failed,-1.4997,0.4211,0.1211,76,0.7412,-0.058,1808,2,1.367,0,
price_rate_disparity,web_ai,E:\findtorontoevents_antigravity.ca\incubator\agents\web_ai\price_rate_disparity.py,failed,-1.5162,0.3462,0.1797,26,0.7572,-0.051,1808,2,0.796,0,
double_bottom_detector,web_ai,E:\findtorontoevents_antigravity.ca\incubator\agents\web_ai\double_bottom_detector.py,failed,-1.5419,0.4151,0.144,106,0.7318,-0.071,1808,2,0.787,0,
obv_divergence,web_ai,E:\findtorontoevents_antigravity.ca\incubator\agents\web_ai\obv_divergence.py,failed,-1.5512,0.5517,0.1043,58,0.7328,-0.031,1808,2,0.836,0,
retest_support_level,web_ai,E:\findtorontoevents_antigravity.ca\incubator\agents\web_ai\retest_support_level.py,failed,-1.6979,0.5349,0.0558,43,0.7091,-0.0244,1808,2,0.743,0,
volatility_mean_reversion,web_ai,E:\findtorontoevents_antigravity.ca\incubator\agents\web_ai\volatility_mean_reversion.py,failed,-2.1099,0.4219,0.0899,64,0.6644,-0.0441,1808,2,1.029,0,
ulcer_index_recovery,web_ai,E:\findtorontoevents_antigravity.ca\incubator\agents\web_ai\ulcer_index_recovery.py,failed,-2.119,0.4737,0.2643,133,0.6413,-0.1457,1808,2,0.997,0,
vwap_deviation_snap,web_ai,E:\findtorontoevents_antigravity.ca\incubator\agents\web_ai\vwap_deviation_snap.py,failed,-2.3024,0.2222,0.0621,27,0.669,-0.0293,1808,2,0.869,0,
aroon_crossover,web_ai,E:\findtorontoevents_antigravity.ca\incubator\agents\web_ai\aroon_crossover.py,failed,-2.4064,0.5,0.0271,20,0.6734,-0.0186,1808,2,1.424,0,
dxy_divergence_alpha,web_ai,E:\findtorontoevents_antigravity.ca\incubator\agents\web_ai\dxy_divergence_alpha.py,failed,-2.4596,0.4821,0.2386,56,0.6796,-0.109,1808,2,1.213,0,
calmar_recovery_signal,web_ai,E:\findtorontoevents_antigravity.ca\incubator\agents\web_ai\calmar_recovery_signal.py,failed,-3.7457,0.4667,0.049,30,0.4975,-0.0442,1808,2,0.994,0,
choppiness_filter_entry,web_ai,E:\findtorontoevents_antigravity.ca\incubator\agents\web_ai\choppiness_filter_entry.py,failed,-6.4741,0.2609,0.0508,23,0.2355,-0.0495,1808,2,1.418,0,
volume_dry_up_breakout,web_ai,E:\findtorontoevents_antigravity.ca\incubator\agents\web_ai\volume_dry_up_breakout.py,failed,-6.9525,0.4286,0.0344,14,0.3176,-0.0285,1808,2,1.037,0,
range_expansion_alert,web_ai,E:\findtorontoevents_antigravity.ca\incubator\agents\web_ai\range_expansion_alert.py,failed,-9.2474,0.25,0.0094,4,0.1523,-0.008,1808,2,0.781,0,
body_ratio_reversal,web_ai,E:\findtorontoevents_antigravity.ca\incubator\agents\web_ai\body_ratio_reversal.py,failed,-9.5664,0.2105,0.0452,19,0.1481,-0.0452,1808,2,0.726,0,
keltner_squeeze_breakout,web_ai,E:\findtorontoevents_antigravity.ca\incubator\agents\web_ai\keltner_squeeze_breakout.py,failed,-10.6697,0.1364,0.0524,22,0.2161,-0.0512,1808,2,1.098,0,
tick_imbalance,web_ai,E:\findtorontoevents_antigravity.ca\incubator\agents\web_ai\tick_imbalance.py,failed,-10.7351,0.125,0.0374,8,0.2265,-0.0374,1808,2,0.79,0,
entropy_low_entry,web_ai,E:\findtorontoevents_antigravity.ca\incubator\agents\web_ai\entropy_low_entry.py,failed,-11.1674,0.1429,0.0517,21,0.1158,-0.0496,1808,2,0.997,0,
adx_rising_gate,web_ai,E:\findtorontoevents_antigravity.ca\incubator\agents\web_ai\adx_rising_gate.py,failed,-12.1479,0.3333,0.0012,3,0.2067,-0.0012,1808,2,1.296,0,
price_channel_squeeze,web_ai,E:\findtorontoevents_antigravity.ca\incubator\agents\web_ai\price_channel_squeeze.py,failed,-14.6929,0.3333,0.0089,3,0.1431,-0.0076,1808,2,1.094,0,
mass_index_reversal,web_ai,E:\findtorontoevents_antigravity.ca\incubator\agents\web_ai\mass_index_reversal.py,failed_insufficient_trades,305.7174,1.0,0.0,2,999.0,0.0099,1808,2,0.855,0,
vol_contraction_breakout,web_ai,E:\findtorontoevents_antigravity.ca\incubator\agents\web_ai\vol_contraction_breakout.py,failed_insufficient_trades,0.0,0.0,1.0,0,0.0,0.0,1808,2,0.8,0,
false_low_break_reversal,web_ai,E:\findtorontoevents_antigravity.ca\incubator\agents\web_ai\false_low_break_reversal.py,failed_insufficient_trades,0.0,0.0,1.0,0,0.0,0.0,1808,2,0.759,0,
whale_vwap_breakout,web_ai,E:\findtorontoevents_antigravity.ca\incubator\agents\web_ai\whale_vwap_breakout.py,failed_insufficient_trades,0.0,0.0,1.0,0,0.0,0.0,1808,2,1.957,0,
close_location_value,web_ai,E:\findtorontoevents_antigravity.ca\incubator\agents\web_ai\close_location_value.py,failed_insufficient_trades,0.0,0.0,1.0,0,0.0,0.0,1808,2,0.897,0,
exhaustion_candle,web_ai,E:\findtorontoevents_antigravity.ca\incubator\agents\web_ai\exhaustion_candle.py,failed_insufficient_trades,0.0,0.0,1.0,0,0.0,0.0,1808,2,0.727,0,
trend_intensity_index,web_ai,E:\findtorontoevents_antigravity.ca\incubator\agents\web_ai\trend_intensity_index.py,failed_insufficient_trades,0.0,0.0,1.0,0,0.0,0.0,1808,2,0.903,0,
negative_correlation_reversal,web_ai,E:\findtorontoevents_antigravity.ca\incubator\agents\web_ai\negative_correlation_reversal.py,failed_insufficient_trades,0.0,0.0,1.0,0,0.0,0.0,1808,2,1.031,0,
acceleration_bands_squeeze,web_ai,E:\findtorontoevents_antigravity.ca\incubator\agents\web_ai\acceleration_bands_squeeze.py,failed_insufficient_trades,0.0,0.0,1.0,0,0.0,0.0,1808,2,1.306,0,
detrended_price_oscillator,web_ai,E:\findtorontoevents_antigravity.ca\incubator\agents\web_ai\detrended_price_oscillator.py,failed_insufficient_trades,0.0,0.0,1.0,0,0.0,0.0,1808,2,0.833,0,
momentum_stall_reversal,web_ai,E:\findtorontoevents_antigravity.ca\incubator\agents\web_ai\momentum_stall_reversal.py,failed_insufficient_trades,-15.5011,0.5,0.0179,2,0.0119,-0.0177,1808,2,0.828,0,
trix_zero_cross,web_ai,E:\findtorontoevents_antigravity.ca\incubator\agents\web_ai\trix_zero_cross.py,passed,11.3885,0.6,0.0007,5,8.7537,0.0059,1808,2,0.921,0,
sortino_gate_momentum,web_ai,E:\findtorontoevents_antigravity.ca\incubator\agents\web_ai\sortino_gate_momentum.py,passed,7.7306,0.5,0.0075,12,5.6666,0.035,1808,2,1.108,0,
skewness_gate,web_ai,E:\findtorontoevents_antigravity.ca\incubator\agents\web_ai\skewness_gate.py,passed,7.7173,0.6667,0.008,6,6.446,0.0453,1808,2,0.89,0,
volume_breakout_regime_switch,web_ai,E:\findtorontoevents_antigravity.ca\incubator\agents\web_ai\volume_breakout_regime_switch.py,passed,5.5179,0.6667,0.0097,3,2.2735,0.0126,1808,2,0.393,0,
ultimate_oscillator_reversal,web_ai,E:\findtorontoevents_antigravity.ca\incubator\agents\web_ai\ultimate_oscillator_reversal.py,passed,4.942,0.625,0.0195,8,1.9419,0.0187,1808,2,1.772,0,
atr_percentile_gate,web_ai,E:\findtorontoevents_antigravity.ca\incubator\agents\web_ai\atr_percentile_gate.py,passed,4.4934,0.5714,0.0063,28,1.8235,0.0082,1808,2,1.081,0,
chandelier_exit_reversal,web_ai,E:\findtorontoevents_antigravity.ca\incubator\agents\web_ai\chandelier_exit_reversal.py,passed,4.4279,0.5172,0.0213,29,2.6921,0.1051,1808,2,0.813,0,
coppock_curve_signal,web_ai,E:\findtorontoevents_antigravity.ca\incubator\agents\web_ai\coppock_curve_signal.py,passed,4.3825,0.6667,0.0224,21,2.5345,0.054,1808,2,2.376,0,
narrow_range_nr7,web_ai,E:\findtorontoevents_antigravity.ca\incubator\agents\web_ai\narrow_range_nr7.py,passed,3.6176,0.549,0.0477,51,2.6134,0.1495,1808,2,0.767,0,
hammer_candle_filter,web_ai,E:\findtorontoevents_antigravity.ca\incubator\agents\web_ai\hammer_candle_filter.py,passed,3.4334,0.6154,0.0153,13,1.9468,0.0224,1808,2,0.721,0,
quad_ema_cross,web_ai,E:\findtorontoevents_antigravity.ca\incubator\agents\web_ai\quad_ema_cross.py,passed,3.3519,0.5405,0.0187,37,1.9395,0.0442,1808,2,0.845,0,
mean_reversion_momentum,web_ai,E:\findtorontoevents_antigravity.ca\incubator\agents\web_ai\mean_reversion_momentum.py,passed,3.1184,0.54,0.0213,50,1.8355,0.0766,1808,2,1.379,0,
rsi_mean_cross,web_ai,E:\findtorontoevents_antigravity.ca\incubator\agents\web_ai\rsi_mean_cross.py,passed,3.0908,0.5,0.0389,20,1.7118,0.0518,1808,2,1.142,0,
engulfing_pattern_filter,web_ai,E:\findtorontoevents_antigravity.ca\incubator\agents\web_ai\engulfing_pattern_filter.py,passed,2.8988,0.4706,0.0151,34,2.0061,0.0507,1808,2,0.784,0,
volume_spike_reversal,web_ai,E:\findtorontoevents_antigravity.ca\incubator\agents\web_ai\volume_spike_reversal.py,passed,2.4959,0.5789,0.0171,19,1.5867,0.0251,1808,2,0.771,0,
parabolic_stop_reversal,web_ai,E:\findtorontoevents_antigravity.ca\incubator\agents\web_ai\parabolic_stop_reversal.py,passed,2.445,0.5,0.0327,46,1.8267,0.0617,1808,2,0.806,0,
true_range_percentile,web_ai,E:\findtorontoevents_antigravity.ca\incubator\agents\web_ai\true_range_percentile.py,passed,2.4189,0.5238,0.0272,42,1.5738,0.0349,1808,2,1.395,0,
triple_ema_alignment,web_ai,E:\findtorontoevents_antigravity.ca\incubator\agents\web_ai\triple_ema_alignment.py,passed,2.2299,0.4955,0.0487,111,1.5707,0.0882,1808,2,0.858,0,
rolling_sharpe_gate,web_ai,E:\findtorontoevents_antigravity.ca\incubator\agents\web_ai\rolling_sharpe_gate.py,passed,2.1404,0.4718,0.0686,142,1.578,0.1106,1808,2,1.069,0,
inside_bar_breakout,web_ai,E:\findtorontoevents_antigravity.ca\incubator\agents\web_ai\inside_bar_breakout.py,passed,2.1242,0.5439,0.0275,57,1.7432,0.07,1808,2,0.714,0,
stochastic_divergence,web_ai,E:\findtorontoevents_antigravity.ca\incubator\agents\web_ai\stochastic_divergence.py,passed,1.8886,0.5128,0.0599,39,1.3762,0.0458,1808,2,0.91,0,
volatility_breakout_ratio,web_ai,E:\findtorontoevents_antigravity.ca\incubator\agents\web_ai\volatility_breakout_ratio.py,passed,1.7846,0.5652,0.011,23,1.3754,0.0103,1808,2,0.704,0,
fractal_breakout,web_ai,E:\findtorontoevents_antigravity.ca\incubator\agents\web_ai\fractal_breakout.py,passed,1.7224,0.4803,0.0561,152,1.4864,0.1199,1808,2,0.797,0,
up_volume_ratio,web_ai,E:\findtorontoevents_antigravity.ca\incubator\agents\web_ai\up_volume_ratio.py,passed,1.654,0.5086,0.0888,116,1.3636,0.1036,1808,2,0.945,0,
relative_volume_breakout,web_ai,E:\findtorontoevents_antigravity.ca\incubator\agents\web_ai\relative_volume_breakout.py,passed,1.4228,0.6,0.0228,25,1.2851,0.0117,1808,2,0.768,0,
dual_timeframe_momentum,web_ai,E:\findtorontoevents_antigravity.ca\incubator\agents\web_ai\dual_timeframe_momentum.py,passed,1.232,0.507,0.0533,71,1.3029,0.0306,1808,2,0.966,0,
atr_expansion_momentum,web_ai,E:\findtorontoevents_antigravity.ca\incubator\agents\web_ai\atr_expansion_momentum.py,passed,1.229,0.5517,0.0394,29,1.2506,0.0223,1808,2,0.747,0,
vortex_indicator_cross,web_ai,E:\findtorontoevents_antigravity.ca\incubator\agents\web_ai\vortex_indicator_cross.py,passed,1.1518,0.4783,0.0193,46,1.244,0.0178,1808,2,0.961,0,
return_autocorrelation,web_ai,E:\findtorontoevents_antigravity.ca\incubator\agents\web_ai\return_autocorrelation.py,timeout,,,,34,,,1808,2,25.058,0,Strategy exceeded timeout (25s)
