agent_id,strategy_name,status,overall_trades,overall_win_rate,overall_sharpe,overall_max_drawdown,overall_total_return,long_trades,long_win_rate,long_sharpe,short_trades,short_win_rate,short_sharpe,duration_sec,errors_seen
antigravity_01,crypto_vwap_volprofile_reversion_v1,passed,18,0.5556,5.6211,0.005,0.0376,2,1.0,731.5585,16,0.5,0.9172,2.639,0
claude_code_01,crossasset_btcspx_corrbreakdown_v1,passed,83,0.506,1.1691,0.0702,0.0424,71,0.507,0.6823,12,0.5,4.4819,1.811,0
codex_gpt5,crossasset_btceth_beta_dispersion_v1,failed,59,0.3898,-1.5185,0.0914,-0.0466,26,0.4231,-2.1788,33,0.3636,-0.9279,1.397,0
codex_gpt5,crossasset_btcspx_volspillover_regime_v1,failed_insufficient_trades,0,,,,,0,,,0,,,1.485,0
codex_gpt5,crypto_adx_pullback_trendresume_v1,passed,27,0.6667,8.0606,0.0053,0.0957,15,0.4,-1.5196,12,1.0,16.8801,1.31,0
codex_gpt5,crypto_bayesian_regime_transition_momentum_v1,failed,129,0.4496,1.8905,0.0566,0.1064,81,0.4321,0.2171,48,0.4792,3.191,1.288,0
codex_gpt5,crypto_choppiness_regime_switch_v1,passed,58,0.5172,1.5108,0.0378,0.0382,35,0.5714,-0.495,23,0.4348,3.3781,1.567,0
codex_gpt5,crypto_donchian_atr_breakout_retest_v1,passed,12,0.5,5.9972,0.0076,0.0556,4,0.5,1.4249,8,0.5,7.5569,0.906,0
codex_gpt5,crypto_drawdown_convexity_recovery_v1,failed,68,0.3529,0.8687,0.0321,0.0178,1,0.0,0.0,67,0.3582,1.7269,1.049,0
codex_gpt5,crypto_hurst_volexpansion_breakout_v1,timeout,0,,,,,0,,,0,,,25.121,0
codex_gpt5,crypto_kalman_trend_residual_reversion_v1,failed,120,0.3833,0.7135,0.0981,0.0436,53,0.4528,0.9196,67,0.3284,0.5331,1.545,0
codex_gpt5,crypto_keltner_compression_expansion_v1,failed,64,0.4375,2.3943,0.0567,0.0597,50,0.48,3.4424,14,0.2857,-1.2254,1.489,0
codex_gpt5,crypto_liquidity_wick_reversal_v1,failed,18,0.3333,1.4927,0.0223,0.0135,9,0.4444,3.8298,9,0.2222,-2.7293,1.13,0
codex_gpt5,crypto_mtf_ema_slope_alignment_v1,passed,165,0.5212,2.759,0.0875,0.211,93,0.4839,1.8055,72,0.5694,3.7808,1.024,0
codex_gpt5,crypto_orderflow_proxy_absorption_delta_v1,passed,55,0.4727,1.387,0.0517,0.0342,33,0.5455,1.6806,22,0.3636,0.783,1.9,0
codex_gpt5,crypto_roc_acceleration_trend_v1,failed,42,0.4524,-4.9652,0.0874,-0.0662,22,0.6818,-2.2926,20,0.2,-7.0553,1.204,0
codex_gpt5,crypto_volofvol_tailbreakout_v1,failed,15,0.2667,-8.6918,0.0681,-0.0664,8,0.375,-4.3082,7,0.1429,-17.8721,2.015,0
codex_gpt5,crypto_vwap_deviation_reversion_volfilter_v1,failed,77,0.3636,-0.286,0.0718,-0.0122,40,0.4,-1.4189,37,0.3243,1.601,1.969,0
cursor_ai,cross_market_correlation_stress_v1,failed,187,0.4278,1.6978,0.0598,0.173,93,0.4516,1.3082,94,0.4043,2.393,1.143,0
cursor_ai,crossasset_btcspx_divergence_v1,failed,864,0.4502,2.0633,0.2192,1.0249,0,,,864,0.4502,2.0633,2.883,0
cursor_ai,crypto_entropy_trend_filter_v1,failed,50,0.44,-1.4124,0.0374,-0.0163,20,0.2,-7.9013,30,0.6,3.1408,1.324,0
cursor_ai,crypto_epoch_transition_momentum_v1,failed_insufficient_trades,2,0.5,-13.1611,0.0014,-0.0013,0,,,2,0.5,-13.1611,1.074,0
cursor_ai,crypto_hurst_volatility_expansion_breakout_v1,failed,21,0.2857,-9.2302,0.0791,-0.0747,21,0.2857,-9.2302,0,,,12.015,0
cursor_ai,crypto_kalman_trend_residual_reversion_v1,passed,70,0.5857,6.5022,0.01,0.073,15,0.6667,2.7208,55,0.5636,7.3352,1.161,0
cursor_ai,crypto_kelly_position_sizing_v1,failed,238,0.3824,-0.9848,0.3814,-0.1626,100,0.35,-3.1196,138,0.4058,1.6127,1.528,0
cursor_ai,crypto_liquidation_cluster_reversal_v1,failed,265,0.3925,1.8117,0.0783,0.1882,0,,,265,0.3925,1.8117,2.001,0
cursor_ai,crypto_liquidity_wick_reversal_v1,failed_insufficient_trades,2,1.0,32.8876,0.0,0.0241,2,1.0,32.8876,0,,,1.824,0
cursor_ai,crypto_rsi_whaleconfirmed_v1,failed,138,0.4058,1.6127,0.0529,0.0855,0,,,138,0.4058,1.6127,1.468,0
cursor_ai,defi_gov_activity_breakout_v1,failed,864,0.4514,1.8263,0.2128,0.8388,0,,,864,0.4514,1.8263,2.029,0
cursor_ai,dex_liquidity_imbalance_v1,failed,864,0.4572,-0.2772,0.6847,-0.252,864,0.4572,-0.2772,0,,,1.401,0
cursor_ai,funding_momentum,failed,864,0.4502,2.0633,0.2192,1.0249,0,,,864,0.4502,2.0633,1.521,0
cursor_ai,funding_rate_curvature_v1,failed_insufficient_trades,0,,,,,0,,,0,,,1.013,0
cursor_ai,futures_basis_reversion_v1,failed_insufficient_trades,0,,,,,0,,,0,,,0.844,0
cursor_ai,miner_supply_shock_reversal_v1,failed_insufficient_trades,0,,,,,0,,,0,,,1.48,0
cursor_ai,multi_timeframe_ema_confluence_v1,failed,488,0.5061,-0.6213,0.3075,-0.1185,311,0.5466,0.6525,177,0.435,-1.47,1.418,0
cursor_ai,nylondon_flow_session_momentum_v1,failed_insufficient_trades,0,,,,,0,,,0,,,0.865,0
cursor_ai,onchain_exchange_flow_momentum_v1,passed,618,0.4854,2.4284,0.1732,0.8916,105,0.5714,-0.4679,513,0.4678,2.8164,2.612,0
cursor_ai,options_flow_imbalance_v1,failed_insufficient_trades,0,,,,,0,,,0,,,1.334,0
cursor_ai,order_book_imbalance_breakout_v1,failed_insufficient_trades,0,,,,,0,,,0,,,0.958,0
cursor_ai,session_london_open_momentum_v1,failed_insufficient_trades,0,,,,,0,,,0,,,0.236,0
cursor_ai,social_sentiment_momentum_v1,failed,864,0.4271,1.8525,0.1898,0.8062,0,,,864,0.4271,1.8525,2.139,0
cursor_ai,volatility_cone_breakout_v1,passed,105,0.5524,1.2583,0.0843,0.0942,50,0.58,1.5964,55,0.5273,1.0179,1.591,0
cursor_ai,volume_profile_poc_breakout_v1,passed,104,0.6538,3.2052,0.051,0.1901,52,0.6923,2.5381,52,0.6154,3.9614,1.38,0
github_copilot,crypto_volume_spike_momentum_v1,failed,69,0.4783,0.2314,0.0544,0.0059,33,0.4848,-4.0975,36,0.4722,2.8259,1.465,0
team_alpha,crypto_correlation_breakdown_momentum_v1,failed_insufficient_trades,0,,,,,0,,,0,,,2.069,0
team_alpha,crypto_fvg_reclaim_hunter_v1,failed_insufficient_trades,1,0.0,0.0,0.0008,-0.0008,1,0.0,0.0,0,,,1.345,0
team_alpha,crypto_kelly_adaptive_sizing_v1,failed,238,0.3824,-0.9848,0.3814,-0.1626,100,0.35,-3.1196,138,0.4058,1.6127,1.541,0
team_alpha,crypto_liquidity_sweep_absorption_v1,passed,9,0.6667,6.0244,0.0103,0.0309,9,0.6667,6.0244,0,,,1.418,0
team_alpha,crypto_microstructure_imbalance_v1,failed,24,0.5,-3.2461,0.024,-0.0139,24,0.5,-3.2461,0,,,1.404,0
team_alpha,crypto_shadow_unicorn_gate_v1,failed_insufficient_trades,2,0.0,-102.0354,0.0015,-0.0015,2,0.0,-102.0354,0,,,1.395,0
team_alpha,crypto_volatility_contraction_fear_v1,failed_insufficient_trades,1,0.0,0.0,0.0087,-0.0087,1,0.0,0.0,0,,,1.262,0
team_alpha,crypto_volume_profile_fvg_v1,failed_insufficient_trades,0,,,,,0,,,0,,,3.651,0
web_ai,acceleration_bands_squeeze,failed_insufficient_trades,0,,,,,0,,,0,,,1.765,0
web_ai,adaptive_kelly_regime,failed_insufficient_trades,0,,,,,0,,,0,,,1.985,0
web_ai,adx_rising_gate,failed,3,0.3333,-12.1479,0.0012,-0.0012,3,0.3333,-12.1479,0,,,1.691,0
web_ai,aroon_crossover,failed,20,0.5,-2.4064,0.0271,-0.0186,20,0.5,-2.4064,0,,,1.625,0
web_ai,atr_expansion_momentum,passed,29,0.5517,1.229,0.0394,0.0223,29,0.5517,1.229,0,,,0.822,0
web_ai,atr_percentile_gate,passed,28,0.5714,4.4934,0.0063,0.0082,28,0.5714,4.4934,0,,,1.205,0
web_ai,atr_regime_rsi,failed,102,0.3922,-1.3432,0.1653,-0.0747,102,0.3922,-1.3432,0,,,1.345,0
web_ai,avg_directional_movement,failed,29,0.4483,2.7756,0.0223,0.0273,29,0.4483,2.7756,0,,,1.465,0
web_ai,body_ratio_reversal,failed,19,0.2105,-9.5664,0.0452,-0.0452,19,0.2105,-9.5664,0,,,0.803,0
web_ai,bollinger_width_percentile,failed,19,0.3684,-0.3353,0.021,-0.0027,19,0.3684,-0.3353,0,,,1.286,0
web_ai,calmar_recovery_signal,failed,30,0.4667,-3.7457,0.049,-0.0442,30,0.4667,-3.7457,0,,,1.121,0
web_ai,chandelier_exit_reversal,passed,29,0.5172,4.4279,0.0213,0.1051,29,0.5172,4.4279,0,,,0.907,0
web_ai,choppiness_filter_entry,failed,23,0.2609,-6.4741,0.0508,-0.0495,23,0.2609,-6.4741,0,,,1.577,0
web_ai,close_location_value,failed_insufficient_trades,0,,,,,0,,,0,,,0.992,0
web_ai,connors_rsi,failed,102,0.5,-0.517,0.081,-0.029,102,0.5,-0.517,0,,,2.557,0
web_ai,consecutive_down_reversal,failed,20,0.45,0.1324,0.0238,0.0007,20,0.45,0.1324,0,,,0.824,0
web_ai,coppock_curve_signal,passed,21,0.6667,4.3825,0.0224,0.054,21,0.6667,4.3825,0,,,2.849,0
web_ai,correlation_breakdown_alpha,timeout,22,0.5455,1.3778,0.0155,0.006,6,0.3333,-1.8005,16,0.625,1.8053,25.046,0
web_ai,crossasset_btcspx_vix_residual_router_v1,failed,33,0.4242,2.677,0.0257,0.0516,18,0.5556,4.4272,15,0.2667,0.0671,2.456,0
web_ai,crossasset_spxbtc_zscore_divergence_v1,passed,69,0.942,10.2523,0.0,0.0,25,0.96,9.6277,44,0.9318,10.6985,0.765,0
web_ai,crypto_adx_pullback_sortino_guard_v1,passed,45,0.6,2.6498,0.0356,0.0678,22,0.7273,5.7377,23,0.4783,2.6803,3.456,0
web_ai,crypto_beta_neutral_sector_rotation_v1,failed,23,0.2609,0.2749,0.0473,0.0025,8,0.375,3.366,15,0.2,-0.9807,2.844,0
web_ai,crypto_corrshock_dispersion_reversion_v1,failed_insufficient_trades,0,,,,,0,,,0,,,3.098,0
web_ai,crypto_donchian_retest_voltarget_kellycap_v1,failed,20,0.35,2.7995,0.0212,0.0507,9,0.4444,-1.3259,11,0.2727,4.787,2.397,0
web_ai,crypto_entropy_hurst_dual_engine_v1,failed,17,0.4118,0.6057,0.0188,0.0061,7,0.4286,0.3354,10,0.4,1.2731,2.606,0
web_ai,crypto_fng_funding_regime_router_v1,failed,310,0.4419,2.0831,0.1402,0.3593,160,0.425,-2.8107,150,0.46,4.4996,4.587,0
web_ai,crypto_funding_curvature_wick_absorption_v1,failed_insufficient_trades,0,,,,,0,,,0,,,1.473,0
web_ai,crypto_mark_spot_premium_meanrevert_v1,failed,39,0.2564,-2.7146,0.0773,-0.0553,16,0.25,-7.1603,23,0.2609,1.0456,1.05,0
web_ai,crypto_mtf_trend_resume_funding_flush_v1,failed_insufficient_trades,0,,,,,0,,,0,,,1.272,0
web_ai,crypto_soc_delta_divergence_a01_v1,failed,64,0.5781,0.5348,0.0599,0.0143,50,0.6,-1.3807,14,0.5,2.6318,2.574,0
web_ai,crypto_soc_delta_divergence_a02_v1,failed,63,0.5714,-0.9219,0.0802,-0.0348,51,0.6275,-1.7219,12,0.3333,-0.6511,2.568,0
web_ai,crypto_soc_delta_divergence_a03_v1,failed,52,0.5385,-0.791,0.1012,-0.0313,34,0.6471,-2.406,18,0.3333,-0.3421,2.449,0
web_ai,crypto_soc_delta_divergence_a04_v1,failed,68,0.4559,0.792,0.0689,0.026,50,0.52,0.6944,18,0.2778,1.1643,2.625,0
web_ai,crypto_soc_delta_divergence_a05_v1,failed,46,0.5652,-0.3577,0.0468,-0.0107,34,0.6471,0.331,12,0.3333,-1.0237,2.61,0
web_ai,crypto_soc_delta_divergence_a06_v1,failed,62,0.5645,0.249,0.0738,0.0062,45,0.6222,-0.935,17,0.4118,1.1309,2.511,0
web_ai,crypto_soc_delta_divergence_a07_v1,passed,65,0.6154,2.4781,0.0531,0.0803,49,0.6735,-0.2929,16,0.4375,6.1276,2.87,0
web_ai,crypto_soc_delta_divergence_a08_v1,failed,67,0.4478,0.6896,0.0812,0.0223,51,0.5098,-1.4343,16,0.25,2.7664,2.924,0
web_ai,crypto_soc_delta_divergence_a09_v1,failed,47,0.5532,-0.2344,0.0489,-0.0064,35,0.6857,1.1571,12,0.1667,-1.7695,2.469,0
web_ai,crypto_soc_delta_divergence_a10_v1,failed,37,0.5135,-2.2024,0.0541,-0.0427,28,0.6071,-2.8167,9,0.2222,-2.7589,2.718,0
web_ai,crypto_soc_dynamic_risk_heat_a01_v1,passed,42,0.5714,1.1267,0.0314,0.0182,36,0.5833,-1.9023,6,0.5,8.4457,2.806,0
web_ai,crypto_soc_dynamic_risk_heat_a02_v1,passed,42,0.619,1.9753,0.0372,0.0361,37,0.6216,-2.8275,5,0.6,16.8995,2.498,0
web_ai,crypto_soc_dynamic_risk_heat_a03_v1,failed,29,0.6207,0.2289,0.0395,0.0027,21,0.7619,2.0934,8,0.25,-0.5257,2.356,0
web_ai,crypto_soc_dynamic_risk_heat_a04_v1,failed,37,0.3784,0.22,0.0288,0.0029,32,0.4062,-0.608,5,0.2,1.6297,2.438,0
web_ai,crypto_soc_dynamic_risk_heat_a05_v1,failed,34,0.5294,0.792,0.0359,0.0137,25,0.56,-3.0751,9,0.4444,3.4531,2.437,0
web_ai,crypto_soc_dynamic_risk_heat_a06_v1,passed,37,0.6216,2.1641,0.0297,0.0414,29,0.6897,0.4391,8,0.375,4.9238,2.425,0
web_ai,crypto_soc_dynamic_risk_heat_a07_v1,passed,41,0.6585,3.9918,0.0274,0.0741,34,0.6765,0.8261,7,0.5714,12.4847,2.415,0
web_ai,crypto_soc_dynamic_risk_heat_a08_v1,failed,35,0.4286,-4.535,0.0474,-0.0347,33,0.4545,-3.9329,2,0.0,-19.8639,2.455,0
web_ai,crypto_soc_dynamic_risk_heat_a09_v1,passed,22,0.5909,2.9016,0.0149,0.0367,18,0.6667,2.704,4,0.25,4.7266,2.425,0
web_ai,crypto_soc_dynamic_risk_heat_a10_v1,passed,27,0.5926,2.6316,0.0212,0.0278,23,0.6087,-2.2804,4,0.5,14.4407,2.431,0
web_ai,crypto_soc_intraday_time_slices_a01_v1,passed,10,0.6,6.4018,0.0037,0.0205,8,0.625,5.8048,2,0.5,14.5424,2.419,0
web_ai,crypto_soc_intraday_time_slices_a02_v1,passed,9,0.5556,5.5982,0.0025,0.0052,7,0.7143,9.5337,2,0.0,-5414.3501,2.398,0
web_ai,crypto_soc_intraday_time_slices_a03_v1,failed,7,0.4286,1.0532,0.0034,0.0008,5,0.6,4.7134,2,0.0,-2056.7937,2.394,0
web_ai,crypto_soc_intraday_time_slices_a04_v1,failed,8,0.25,-0.017,0.0031,-0.0,7,0.2857,0.7593,1,0.0,0.0,2.383,0
web_ai,crypto_soc_intraday_time_slices_a05_v1,failed,5,0.4,-0.2983,0.0022,-0.0001,4,0.5,1.5371,1,0.0,0.0,2.393,0
web_ai,crypto_soc_intraday_time_slices_a06_v1,passed,10,0.6,4.3201,0.0055,0.0145,7,0.7143,7.7317,3,0.3333,5.5003,2.375,0
web_ai,crypto_soc_intraday_time_slices_a07_v1,passed,7,0.5714,5.2062,0.0026,0.004,6,0.6667,7.4471,1,0.0,0.0,2.418,0
web_ai,crypto_soc_intraday_time_slices_a08_v1,failed,7,0.2857,1.1184,0.0031,0.0009,6,0.3333,2.1037,1,0.0,0.0,2.449,0
web_ai,crypto_soc_intraday_time_slices_a09_v1,failed,6,0.3333,0.4012,0.0027,0.0002,4,0.5,3.6252,2,0.0,-2080.061,2.335,0
web_ai,crypto_soc_intraday_time_slices_a10_v1,failed,5,0.4,-6.8654,0.0072,-0.007,5,0.4,-6.8654,0,,,2.446,0
web_ai,crypto_soc_micro_noise_filter_a01_v1,passed,27,0.5926,1.5698,0.021,0.0119,25,0.6,-0.7487,2,0.5,14.5424,2.502,0
web_ai,crypto_soc_micro_noise_filter_a02_v1,failed,27,0.5926,-1.8579,0.0328,-0.0122,25,0.64,-1.6562,2,0.0,-5414.3501,2.549,0
web_ai,crypto_soc_micro_noise_filter_a03_v1,failed,17,0.5882,-0.0614,0.0224,-0.0012,13,0.6923,0.0085,4,0.25,-0.1447,2.352,0
web_ai,crypto_soc_micro_noise_filter_a04_v1,failed,24,0.375,-2.1771,0.0154,-0.0099,23,0.3913,-2.0831,1,0.0,0.0,2.536,0
web_ai,crypto_soc_micro_noise_filter_a05_v1,failed,20,0.5,-3.1263,0.0225,-0.014,19,0.5263,-3.0389,1,0.0,0.0,2.928,0
web_ai,crypto_soc_micro_noise_filter_a06_v1,failed,25,0.64,-1.464,0.0348,-0.0146,21,0.7143,-0.9908,4,0.25,-2.8798,2.721,0
web_ai,crypto_soc_micro_noise_filter_a07_v1,failed,24,0.625,-0.2052,0.0222,-0.0012,22,0.6818,0.1656,2,0.0,-2056.7937,2.768,0
web_ai,crypto_soc_micro_noise_filter_a08_v1,failed,25,0.44,-2.6171,0.025,-0.0147,24,0.4583,-2.5575,1,0.0,0.0,2.482,0
web_ai,crypto_soc_micro_noise_filter_a09_v1,failed,17,0.5882,-0.1819,0.014,-0.0008,15,0.6667,0.2291,2,0.0,-2080.061,2.324,0
web_ai,crypto_soc_micro_noise_filter_a10_v1,failed,18,0.5,-3.5419,0.0225,-0.0148,17,0.5294,-3.4334,1,0.0,0.0,2.411,0
web_ai,crypto_soc_mtf_orb_pivots_a01_v1,passed,32,0.5312,2.1035,0.0177,0.0351,21,0.5238,-1.186,11,0.5455,4.7782,2.446,0
web_ai,crypto_soc_mtf_orb_pivots_a02_v1,passed,31,0.5806,2.0297,0.0427,0.0378,20,0.65,2.3323,11,0.4545,2.5504,2.422,0
web_ai,crypto_soc_mtf_orb_pivots_a03_v1,passed,25,0.64,4.0657,0.0257,0.0675,15,0.7333,4.8515,10,0.5,4.8814,2.534,0
web_ai,crypto_soc_mtf_orb_pivots_a04_v1,failed,25,0.4,-0.3937,0.0268,-0.0066,18,0.4444,-1.5628,7,0.2857,-0.1266,3.024,0
web_ai,crypto_soc_mtf_orb_pivots_a05_v1,failed,27,0.4815,-0.2733,0.0378,-0.0062,17,0.5294,-5.1605,10,0.4,1.7318,2.185,0
web_ai,crypto_soc_mtf_orb_pivots_a06_v1,passed,29,0.6207,3.6259,0.0407,0.0664,18,0.6667,0.6662,11,0.5455,6.282,2.126,0
web_ai,crypto_soc_mtf_orb_pivots_a07_v1,passed,31,0.6129,3.4823,0.0325,0.0587,22,0.5909,-1.9552,9,0.6667,10.8535,2.087,0
web_ai,crypto_soc_mtf_orb_pivots_a08_v1,failed,26,0.3462,-1.1676,0.0345,-0.0191,20,0.4,-0.1464,6,0.1667,-2.5966,2.062,0
web_ai,crypto_soc_mtf_orb_pivots_a09_v1,passed,20,0.55,1.1501,0.0207,0.0131,13,0.6923,9.7314,7,0.2857,0.3693,2.019,0
web_ai,crypto_soc_mtf_orb_pivots_a10_v1,passed,27,0.5185,1.8616,0.0362,0.0274,20,0.5,-5.7235,7,0.5714,9.0313,2.104,0
web_ai,crypto_soc_orderflow_absorption_a01_v1,failed,120,0.525,0.3888,0.1123,0.0217,80,0.5875,0.0829,40,0.4,0.691,2.152,0
web_ai,crypto_soc_orderflow_absorption_a02_v1,failed,124,0.5565,-0.0245,0.1386,-0.0074,80,0.6125,0.0393,44,0.4545,-0.0631,2.129,0
web_ai,crypto_soc_orderflow_absorption_a03_v1,failed,90,0.5889,-0.1089,0.1338,-0.0121,51,0.6863,0.6415,39,0.4615,-0.3821,2.117,0
web_ai,crypto_soc_orderflow_absorption_a04_v1,failed,114,0.5088,0.8299,0.0993,0.0498,75,0.6,2.8661,39,0.3333,-0.0028,2.159,0
web_ai,crypto_soc_orderflow_absorption_a05_v1,failed,83,0.5663,-0.109,0.1151,-0.0089,53,0.6981,1.084,30,0.3333,-0.6496,2.192,0
web_ai,crypto_soc_orderflow_absorption_a06_v1,failed,99,0.5253,0.0034,0.1302,-0.0048,59,0.5763,-1.8459,40,0.45,0.7022,2.179,0
web_ai,crypto_soc_orderflow_absorption_a07_v1,failed,125,0.536,-0.1703,0.1368,-0.0186,80,0.6,-0.6399,45,0.4222,0.0201,2.328,0
web_ai,crypto_soc_orderflow_absorption_a08_v1,failed,122,0.4754,0.432,0.0883,0.0245,79,0.557,1.1398,43,0.3256,0.1824,2.292,0
web_ai,crypto_soc_orderflow_absorption_a09_v1,failed,83,0.5542,0.2552,0.0676,0.0086,52,0.7115,3.0408,31,0.2903,-1.2174,2.206,0
web_ai,crypto_soc_orderflow_absorption_a10_v1,failed,76,0.6184,0.9261,0.0799,0.0388,49,0.7143,0.0348,27,0.4444,1.5842,2.169,0
web_ai,crypto_soc_proxy_decoupling_a01_v1,passed,55,0.6,2.6397,0.0382,0.0634,46,0.6087,-1.2415,9,0.5556,11.2014,2.161,0
web_ai,crypto_soc_proxy_decoupling_a02_v1,passed,58,0.6034,2.1321,0.0522,0.0593,49,0.6122,-1.6089,9,0.5556,9.8644,2.135,0
web_ai,crypto_soc_proxy_decoupling_a03_v1,passed,41,0.6341,1.5822,0.0504,0.0425,27,0.7407,-0.5395,14,0.4286,3.1007,2.083,0
web_ai,crypto_soc_proxy_decoupling_a04_v1,failed,56,0.4286,-1.6206,0.0788,-0.0428,44,0.5227,0.0728,12,0.0833,-4.2024,2.149,0
web_ai,crypto_soc_proxy_decoupling_a05_v1,failed,48,0.625,0.9604,0.0326,0.0214,38,0.6842,0.2672,10,0.4,2.0753,2.18,0
web_ai,crypto_soc_proxy_decoupling_a06_v1,passed,55,0.6,1.8966,0.048,0.056,41,0.6585,-0.7574,14,0.4286,4.8459,2.177,0
web_ai,crypto_soc_proxy_decoupling_a07_v1,passed,56,0.6429,2.9703,0.0331,0.0852,42,0.6905,0.6031,14,0.5,6.358,2.189,0
web_ai,crypto_soc_proxy_decoupling_a08_v1,failed,60,0.45,-0.9529,0.0804,-0.0263,48,0.5208,-2.4931,12,0.1667,0.2476,2.133,0
web_ai,crypto_soc_proxy_decoupling_a09_v1,failed,37,0.5676,0.673,0.0421,0.0115,29,0.6897,1.4545,8,0.125,-0.0157,2.14,0
web_ai,crypto_soc_proxy_decoupling_a10_v1,passed,35,0.6286,1.3215,0.0319,0.0175,30,0.6667,-1.4334,5,0.4,6.8891,2.224,0
web_ai,crypto_soc_regime_filters_a01_v1,passed,51,0.5882,1.913,0.0387,0.0414,45,0.6222,1.0435,6,0.3333,5.3245,2.338,0
web_ai,crypto_soc_regime_filters_a02_v1,failed,52,0.5769,0.9286,0.0479,0.0219,46,0.6087,-0.2285,6,0.3333,4.4937,2.237,0
web_ai,crypto_soc_regime_filters_a03_v1,passed,37,0.6757,3.7345,0.0288,0.0865,28,0.75,3.5913,9,0.4444,5.3867,2.11,0
web_ai,crypto_soc_regime_filters_a04_v1,failed,45,0.4222,1.5532,0.0413,0.0335,38,0.4737,2.5645,7,0.1429,0.2863,2.259,0
web_ai,crypto_soc_regime_filters_a05_v1,passed,45,0.5778,2.4775,0.0365,0.0532,37,0.6216,2.6639,8,0.375,3.097,2.126,0
web_ai,crypto_soc_regime_filters_a06_v1,failed,47,0.5745,0.4081,0.0471,0.0085,37,0.6486,-0.9535,10,0.3,2.2041,2.169,0
web_ai,crypto_soc_regime_filters_a07_v1,passed,50,0.64,2.4267,0.0416,0.0601,40,0.675,0.0532,10,0.5,6.7751,2.283,0
web_ai,crypto_soc_regime_filters_a08_v1,failed,42,0.4286,-0.7328,0.0366,-0.0108,39,0.4615,0.3242,3,0.0,-24.1848,2.134,0
web_ai,crypto_soc_regime_filters_a09_v1,passed,29,0.5172,2.0889,0.0275,0.0353,24,0.5833,2.3231,5,0.2,2.276,2.12,0
web_ai,crypto_soc_regime_filters_a10_v1,passed,34,0.6471,3.592,0.0281,0.0522,29,0.6897,2.803,5,0.4,6.8891,2.184,0
web_ai,crypto_soc_trend_filtered_meanrev_a01_v1,failed,12,0.4167,4.3334,0.0187,0.023,10,0.5,5.2524,2,0.0,-218.9804,2.174,0
web_ai,crypto_soc_trend_filtered_meanrev_a02_v1,failed,12,0.3333,1.0884,0.0267,0.0066,9,0.3333,3.1984,3,0.3333,-11.8367,2.2,0
web_ai,crypto_soc_trend_filtered_meanrev_a03_v1,failed,9,0.4444,4.4772,0.0104,0.0227,6,0.6667,10.6034,3,0.0,-14.9668,2.233,0
web_ai,crypto_soc_trend_filtered_meanrev_a04_v1,failed,11,0.3636,5.7681,0.0135,0.0326,9,0.4444,8.5973,2,0.0,-18.6833,2.259,0
web_ai,crypto_soc_trend_filtered_meanrev_a05_v1,passed,12,0.5833,9.7984,0.0085,0.0636,10,0.5,6.1785,2,1.0,96080.2457,2.357,0
web_ai,crypto_soc_trend_filtered_meanrev_a06_v1,failed,10,0.5,-1.6582,0.0272,-0.0097,8,0.625,5.6276,2,0.0,-48.6784,2.147,0
web_ai,crypto_soc_trend_filtered_meanrev_a07_v1,passed,6,0.5,6.0925,0.0177,0.0226,6,0.5,6.0925,0,,,2.187,0
web_ai,crypto_soc_trend_filtered_meanrev_a08_v1,failed,8,0.375,5.7816,0.0161,0.0247,8,0.375,5.7816,0,,,2.218,0
web_ai,crypto_soc_trend_filtered_meanrev_a09_v1,passed,6,0.5,7.9797,0.0077,0.031,5,0.6,13.1985,1,0.0,0.0,2.148,0
web_ai,crypto_soc_trend_filtered_meanrev_a10_v1,passed,5,0.6,9.9312,0.009,0.0249,5,0.6,9.9312,0,,,2.238,0
web_ai,crypto_soc_vol_expansion_index_a01_v1,passed,36,0.5556,2.0841,0.0392,0.0278,33,0.5758,1.1309,3,0.3333,9.8027,2.209,0
web_ai,crypto_soc_vol_expansion_index_a02_v1,passed,34,0.5588,1.1847,0.0487,0.0142,32,0.5938,1.3664,2,0.0,-5414.3501,2.262,0
web_ai,crypto_soc_vol_expansion_index_a03_v1,passed,23,0.6522,4.0466,0.0288,0.0434,20,0.7,2.805,3,0.3333,9.9348,2.404,0
web_ai,crypto_soc_vol_expansion_index_a04_v1,failed,27,0.4444,2.589,0.0229,0.0221,26,0.4615,2.7166,1,0.0,0.0,3.01,0
web_ai,crypto_soc_vol_expansion_index_a05_v1,passed,27,0.6296,4.5386,0.0212,0.0506,24,0.6667,3.5862,3,0.3333,10.213,3.537,0
web_ai,crypto_soc_vol_expansion_index_a06_v1,failed,28,0.5714,-2.7473,0.0466,-0.0297,23,0.6522,-3.2084,5,0.2,-2.818,5.956,0
web_ai,crypto_soc_vol_expansion_index_a07_v1,failed,24,0.5417,-0.7404,0.0425,-0.0074,21,0.5714,-4.7257,3,0.3333,9.806,6.356,0
web_ai,crypto_soc_vol_expansion_index_a08_v1,failed,32,0.4375,1.1172,0.0307,0.012,31,0.4516,1.1928,1,0.0,0.0,6.679,0
web_ai,crypto_soc_vol_expansion_index_a09_v1,passed,21,0.5714,2.0947,0.0266,0.0161,19,0.6316,2.4092,2,0.0,-2080.061,6.384,0
web_ai,crypto_soc_vol_expansion_index_a10_v1,passed,24,0.5833,3.8296,0.0283,0.04,21,0.619,2.563,3,0.3333,9.982,6.581,0
web_ai,cumulative_delta_proxy,failed,78,0.4487,0.0365,0.0409,-0.0007,78,0.4487,0.0365,0,,,1.12,0
web_ai,detrended_price_oscillator,failed_insufficient_trades,0,,,,,0,,,0,,,0.866,0
web_ai,donchian_midline_bounce,failed,86,0.4186,-0.2537,0.0645,-0.0122,86,0.4186,-0.2537,0,,,0.973,0
web_ai,double_bottom_detector,failed,106,0.4151,-1.5419,0.144,-0.071,106,0.4151,-1.5419,0,,,0.843,0
web_ai,drawdown_recovery_rsi,failed,54,0.4074,0.2867,0.2666,0.0089,54,0.4074,0.2867,0,,,1.246,0
web_ai,dual_atr_regime,failed,70,0.4,1.0991,0.1274,0.0502,70,0.4,1.0991,0,,,1.332,0
web_ai,dual_timeframe_momentum,passed,71,0.507,1.232,0.0533,0.0306,71,0.507,1.232,0,,,0.945,0
web_ai,dxy_divergence_alpha,failed,56,0.4821,-2.4596,0.2386,-0.109,56,0.4821,-2.4596,0,,,1.186,0
web_ai,elder_ray_bull_power,failed,44,0.4318,2.1229,0.0586,0.0729,44,0.4318,2.1229,0,,,0.77,0
web_ai,ema_crossover_pullback,failed,9,0.4444,-0.503,0.012,-0.0027,9,0.4444,-0.503,0,,,0.764,0
web_ai,ema_ribbon_compression,failed,229,0.4541,0.0684,0.154,0.0017,229,0.4541,0.0684,0,,,0.88,0
web_ai,ema_slope_divergence,failed,62,0.4032,0.2086,0.0944,0.0054,62,0.4032,0.2086,0,,,0.891,0
web_ai,engulfing_pattern_filter,passed,34,0.4706,2.8988,0.0151,0.0507,34,0.4706,2.8988,0,,,0.787,0
web_ai,entropy_low_entry,failed,21,0.1429,-11.1674,0.0517,-0.0496,21,0.1429,-11.1674,0,,,1.097,0
web_ai,exhaustion_candle,failed_insufficient_trades,0,,,,,0,,,0,,,0.785,0
web_ai,false_low_break_reversal,failed_insufficient_trades,0,,,,,0,,,0,,,0.805,0
web_ai,fear_greed_reversion,failed,80,0.4125,-3.4958,0.2668,-0.2571,49,0.4694,-3.6928,31,0.3226,-3.2835,1.477,0
web_ai,fractal_breakout,passed,152,0.4803,1.7224,0.0561,0.1199,152,0.4803,1.7224,0,,,0.828,0
web_ai,fractal_dimension_regime,failed,162,0.3889,-0.3979,0.1504,-0.042,78,0.2949,-2.4358,84,0.4762,1.6076,1.929,0
web_ai,gap_fill_reversion,failed,29,0.4828,0.722,0.0349,0.0108,29,0.4828,0.722,0,,,0.783,0
web_ai,garman_klass_vol_breakout,failed,38,0.3947,0.3454,0.0358,0.0046,25,0.48,1.3519,13,0.2308,-1.6487,1.476,0
web_ai,hammer_candle_filter,passed,13,0.6154,3.4334,0.0153,0.0224,13,0.6154,3.4334,0,,,0.785,0
web_ai,hh_hl_trend_follow,failed,41,0.4146,-0.348,0.0501,-0.0046,41,0.4146,-0.348,0,,,1.048,0
web_ai,high_low_midpoint_reversion,failed,50,0.48,-0.1951,0.0678,-0.0088,50,0.48,-0.1951,0,,,0.966,0
web_ai,hurst_exponent_gate,failed,125,0.448,0.0421,0.2692,-0.0059,125,0.448,0.0421,0,,,1.539,0
web_ai,information_ratio_momentum,failed,215,0.4186,1.9986,0.065,0.2127,123,0.4472,2.3077,92,0.3804,1.983,1.265,0
web_ai,inside_bar_breakout,passed,57,0.5439,2.1242,0.0275,0.07,57,0.5439,2.1242,0,,,0.802,0
web_ai,intraday_momentum_index,failed,58,0.431,0.4352,0.1189,0.014,58,0.431,0.4352,0,,,1.355,0
web_ai,jump_diffusion_detector,passed,6,0.5,4.8213,0.0096,0.0132,3,0.6667,18.6045,3,0.3333,-7.5773,0.985,0
web_ai,keltner_squeeze_breakout,failed,22,0.1364,-10.6697,0.0524,-0.0512,22,0.1364,-10.6697,0,,,1.232,0
web_ai,kurtosis_regime,failed,68,0.3971,-1.4127,0.1095,-0.0338,68,0.3971,-1.4127,0,,,1.214,0
web_ai,liquidation_cascade_detector,failed_insufficient_trades,1,1.0,0.0,0.0,0.0094,1,1.0,0.0,0,,,1.179,0
web_ai,lower_wick_absorption,failed,65,0.4923,-0.8125,0.052,-0.018,65,0.4923,-0.8125,0,,,1.147,0
web_ai,mass_index_reversal,failed_insufficient_trades,2,1.0,305.7174,0.0,0.0099,2,1.0,305.7174,0,,,1.018,0
web_ai,mean_distance_reversion,failed,125,0.432,-0.5909,0.3914,-0.0874,125,0.432,-0.5909,0,,,0.92,0
web_ai,mean_reversion_momentum,passed,50,0.54,3.1184,0.0213,0.0766,28,0.6429,3.4797,22,0.4091,2.627,1.742,0
web_ai,median_price_reversion,failed,104,0.4135,0.4976,0.3358,0.0412,104,0.4135,0.4976,0,,,1.609,0
web_ai,momentum_divergence_rsi,failed,72,0.375,-0.7846,0.1529,-0.0418,72,0.375,-0.7846,0,,,3.115,0
web_ai,momentum_percentile_rank,failed,95,0.5158,0.8814,0.1177,0.0514,95,0.5158,0.8814,0,,,2.11,0
web_ai,momentum_stall_reversal,failed_insufficient_trades,2,0.5,-15.5011,0.0179,-0.0177,2,0.5,-15.5011,0,,,1.51,0
web_ai,multi_period_rsi_confluence,failed,73,0.4658,0.2746,0.2421,0.011,73,0.4658,0.2746,0,,,2.705,0
web_ai,narrow_range_nr7,passed,51,0.549,3.6176,0.0477,0.1495,51,0.549,3.6176,0,,,1.383,0
web_ai,negative_correlation_reversal,failed_insufficient_trades,0,,,,,0,,,0,,,1.962,0
web_ai,obv_divergence,failed,58,0.5517,-1.5512,0.1043,-0.031,58,0.5517,-1.5512,0,,,1.543,0
web_ai,opening_range_breakout,failed,134,0.4403,0.3885,0.0986,0.0255,134,0.4403,0.3885,0,,,1.407,0
web_ai,parabolic_stop_reversal,passed,46,0.5,2.445,0.0327,0.0617,46,0.5,2.445,0,,,1.445,0
web_ai,pivot_point_bounce,failed,471,0.4437,-0.3904,0.2949,-0.0917,471,0.4437,-0.3904,0,,,2.086,0
web_ai,price_acceleration_gate,failed,113,0.3805,-0.908,0.137,-0.0665,113,0.3805,-0.908,0,,,1.861,0
web_ai,price_channel_squeeze,failed,3,0.3333,-14.6929,0.0089,-0.0076,3,0.3333,-14.6929,0,,,1.772,0
web_ai,price_rate_disparity,failed,26,0.3462,-1.5162,0.1797,-0.051,26,0.3462,-1.5162,0,,,1.644,0
web_ai,quad_ema_cross,passed,37,0.5405,3.3519,0.0187,0.0442,37,0.5405,3.3519,0,,,1.602,0
web_ai,range_contraction_revert,failed,41,0.439,1.7802,0.0467,0.0343,41,0.439,1.7802,0,,,1.825,0
web_ai,range_expansion_alert,failed,4,0.25,-9.2474,0.0094,-0.008,4,0.25,-9.2474,0,,,1.381,0
web_ai,relative_strength_ma,failed,103,0.5243,-0.7728,0.0987,-0.0423,103,0.5243,-0.7728,0,,,1.441,0
web_ai,relative_volume_breakout,passed,25,0.6,1.4228,0.0228,0.0117,25,0.6,1.4228,0,,,1.454,0
web_ai,retest_support_level,failed,43,0.5349,-1.6979,0.0558,-0.0244,43,0.5349,-1.6979,0,,,1.434,0
web_ai,return_autocorrelation,timeout,24,0.2917,-3.7259,0.0074,-0.0054,24,0.2917,-3.7259,0,,,25.026,0
web_ai,roc_acceleration_trend,failed,196,0.4694,0.7055,0.0803,0.0507,196,0.4694,0.7055,0,,,1.249,0
web_ai,rolling_sharpe_gate,passed,142,0.4718,2.1404,0.0686,0.1106,142,0.4718,2.1404,0,,,1.311,0
web_ai,rsi_mean_cross,passed,20,0.5,3.0908,0.0389,0.0518,20,0.5,3.0908,0,,,1.39,0
web_ai,rsi_velocity_cross,failed,21,0.4762,0.8724,0.0436,0.0087,21,0.4762,0.8724,0,,,1.953,0
web_ai,skewness_gate,passed,6,0.6667,7.7173,0.008,0.0453,6,0.6667,7.7173,0,,,1.806,0
web_ai,smoothed_momentum_crossover,failed,32,0.4375,1.0313,0.0501,0.0177,32,0.4375,1.0313,0,,,1.781,0
web_ai,sortino_gate_momentum,passed,12,0.5,7.7306,0.0075,0.035,12,0.5,7.7306,0,,,1.315,0
web_ai,spectral_cycle_detector,failed_insufficient_trades,0,,,,,0,,,0,,,0.898,0
web_ai,stochastic_divergence,passed,39,0.5128,1.8886,0.0599,0.0458,39,0.5128,1.8886,0,,,1.152,0
web_ai,supertrend_proxy,failed,425,0.4188,-0.1493,0.2512,-0.0471,425,0.4188,-0.1493,0,,,1.239,0
web_ai,swing_failure_pattern,failed,60,0.4333,-0.0971,0.0693,-0.0042,60,0.4333,-0.0971,0,,,0.878,0
web_ai,tick_imbalance,failed,8,0.125,-10.7351,0.0374,-0.0374,8,0.125,-10.7351,0,,,0.938,0
web_ai,trend_intensity_index,failed_insufficient_trades,0,,,,,0,,,0,,,1.086,0
web_ai,triple_ema_alignment,passed,111,0.4955,2.2299,0.0487,0.0882,111,0.4955,2.2299,0,,,1.073,0
web_ai,trix_zero_cross,passed,5,0.6,11.3885,0.0007,0.0059,5,0.6,11.3885,0,,,1.086,0
web_ai,true_range_percentile,passed,42,0.5238,2.4189,0.0272,0.0349,42,0.5238,2.4189,0,,,1.666,0
web_ai,ulcer_index_recovery,failed,133,0.4737,-2.119,0.2643,-0.1457,133,0.4737,-2.119,0,,,1.242,0
web_ai,ultimate_oscillator_reversal,passed,8,0.625,4.942,0.0195,0.0187,8,0.625,4.942,0,,,2.115,0
web_ai,up_volume_ratio,passed,116,0.5086,1.654,0.0888,0.1036,116,0.5086,1.654,0,,,1.101,0
web_ai,variance_ratio_reversion,failed,76,0.4211,-1.4997,0.1211,-0.058,76,0.4211,-1.4997,0,,,1.661,0
web_ai,vol_contraction_breakout,failed_insufficient_trades,0,,,,,0,,,0,,,0.9,0
web_ai,volatility_breakout_ratio,passed,23,0.5652,1.7846,0.011,0.0103,23,0.5652,1.7846,0,,,0.802,0
web_ai,volatility_mean_reversion,failed,64,0.4219,-2.1099,0.0899,-0.0441,64,0.4219,-2.1099,0,,,1.195,0
web_ai,volume_breakout_regime_switch,passed,3,0.6667,5.5179,0.0097,0.0126,3,0.6667,5.5179,0,,,0.488,0
web_ai,volume_dry_up_breakout,failed,14,0.4286,-6.9525,0.0344,-0.0285,14,0.4286,-6.9525,0,,,1.184,0
web_ai,volume_profile_poc,failed,87,0.4713,-0.8863,0.0641,-0.0348,87,0.4713,-0.8863,0,,,0.93,0
web_ai,volume_spike_reversal,passed,19,0.5789,2.4959,0.0171,0.0251,19,0.5789,2.4959,0,,,0.887,0
web_ai,volume_weighted_rsi,failed,219,0.3927,-1.1057,0.401,-0.2009,219,0.3927,-1.1057,0,,,1.45,0
web_ai,vortex_indicator_cross,passed,46,0.4783,1.1518,0.0193,0.0178,46,0.4783,1.1518,0,,,1.127,0
web_ai,vpin_toxicity_flow,failed,3,0.3333,-19.0839,0.0261,-0.0251,1,0.0,0.0,2,0.5,-13.0451,1.571,0
web_ai,vwap_deviation_snap,failed,27,0.2222,-2.3024,0.0621,-0.0293,27,0.2222,-2.3024,0,,,1.009,0
web_ai,wavelet_trend_noise,failed_insufficient_trades,0,,,,,0,,,0,,,1.053,0
web_ai,weighted_close_trend,failed,37,0.3784,-0.8962,0.0597,-0.0204,37,0.3784,-0.8962,0,,,0.959,0
web_ai,whale_vwap_breakout,failed_insufficient_trades,0,,,,,0,,,0,,,2.545,0
web_ai,williams_r_extreme,failed,23,0.3913,-1.3549,0.0456,-0.0157,23,0.3913,-1.3549,0,,,1.079,0
web_ai,zscore_mean_reversion,failed,55,0.4182,-1.109,0.1725,-0.0506,55,0.4182,-1.109,0,,,0.986,0
