time,open,high,low,close,Volume,Histogram,MACD,Signal line,MACD,Signal
1754006400,172.22,172.26,170.62,170.95,226499.24,,,,,
1754007300,170.96,171.93,170.5,171.1,39881.777,,,,,
1754008200,171.09,171.24,170.17,170.02,71727.03,,,,,
1754009100,170.02,170.57,167.42,170.31,231501.215,,,,,
1754010000,170.3,170.89,168.34,168.53,68648.72,,,,,
1754010900,168.52,169.94,167.95,169.65,102634.806,,,,,
1754011800,169.65,170.49,169.01,170.31,38657.082,,,,,
1754012700,170.3,170.65,168.89,169.54,40503.416,,,,,
1754013600,169.54,171.19,169.2,171.17,42858.34,,,,,
1754014500,171.17,171.84,170.94,171.06,49253.219,,,,,
1754015400,171.06,171.71,170.81,171.21,26070.337,,,,,
1754016300,171.21,171.71,171.03,171.43,18356.234,,,,,
1754017200,171.43,171.53,170.96,171.33,18526.247,,,,,
1754018100,171.33,172.18,171.29,172.08,25350.77,,,,,
1754019000,172.08,172.19,171.59,171.83,17683.699,,,,,
1754019900,171.84,172.17,171.14,171.14,12555.416,,,,,
1754020800,171.14,171.14,169.72,170.12,37716.574,,,,,
1754021700,170.12,170.25,169.27,169.86,38030.881,,,,,
1754022600,169.85,170.39,169.52,170.1,17057.564,,,,,
1754023500,170.09,170.19,169.54,169.67,14968.261,,,,,
1754024400,169.67,170.3,169.43,169.99,15711.216,,,,,
1754025300,169.99,170.68,169.76,169.05,28298.777,,,,,
1754026200,169.06,169.77,168.3,169.03,31273.126,,,,,
1754027100,169.02,169.23,168.21,169.12,19532.505,,,,,
1754028000,169.13,169.37,168.05,168.45,24937.788,,,,,
1754028900,168.45,168.81,167.96,168.12,23515.34,,-0.7815071266844882,,-0.7815071266844882,
1754029800,168.12,168.86,168.01,168.19,32203.872,,-0.8215250966751739,,-0.8215250966751739,
1754030700,168.18,169.63,168.169,168.53,28203.977,,-0.7366215108083338,,-0.7366215108083338,
1754031600,169.53,169.94,168.79,169.19,31776.476,,-0.6888295673421965,,-0.6888295673421965,
1754032500,169.19,169.74,168.8,168.85,37978.938,,-0.6706583345143997,,-0.6706583345143997,
1754033400,168.86,169.36,168.23,169.23,34106.629,,-0.6184653933015625,,-0.6184653933015625,
1754034300,169.23,169.48,168.58,169.4,37232.699,,-0.5569641955615623,,-0.5569641955615623,
1754035200,169.41,169.41,166.19,167.28,101150.168,,-0.671549135274546,,-0.671549135274546,
1754036100,167.21,168.06,166.67,167.25,54633.499,-0.055821152413336184,-0.756063841485286,-0.7002426890719499,-0.756063841485286,-0.7002426890719499
1754037000,167.25,168.3,166.53,168.11,56579.804,-0.03585302185547845,-0.7450589663912979,-0.7092059445358194,-0.7450589663912979,-0.7092059445358194
1754037900,168.1,168.61,167.61,167.62,20051.964,-0.046262869868637146,-0.7670345318716159,-0.7207716620029787,-0.7670345318716159,-0.7207716620029787
1754038800,167.61,168.97,167.43,167.76,61805.472,-0.03485677425297451,-0.7643426298191969,-0.7294858555662224,-0.7643426298191969,-0.7294858555662224
1754039700,167.77,168.46,167.61,167.95,35877.938,-0.007104465365479706,-0.738366437273072,-0.7312619719075923,-0.738366437273072,-0.7312619719075923
1754040600,167.96,168.4,167.6,168.37,30192.718,0.04413276662334609,-0.6760960136284098,-0.7202287802517559,-0.6760960136284098,-0.7202287802517559
1754041500,168.36,168.36,167.2,167.34,23975.701,0.014767753029250263,-0.7017690889651931,-0.7165368419944433,-0.7017690889651931,-0.7165368419944433
1754042400,167.35,168.36,167.08,168.33,18602.609,0.06530019818010524,-0.6349115942693118,-0.700211792449417,-0.6349115942693118,-0.700211792449417
1754043300,168.32,168.6,167.89,168.14,17423.465,0.08780815266018849,-0.5904516016241814,-0.6782597542843699,-0.5904516016241814,-0.6782597542843699
1754044200,168.14,168.63,167.87,168.52,16550.288,0.12774693098037992,-0.518576090558895,-0.6463230215392749,-0.518576090558895,-0.6463230215392749
1754045100,168.52,168.75,167.94,168.6,19290.001,0.15708089499555689,-0.4499719027948288,-0.6070527987903857,-0.4499719027948288,-0.6070527987903857
1754046000,168.59,168.72,167.88,168.51,13083.193,0.1670232100051049,-0.3982737852840046,-0.56529681425679853,-0.3982737852840046,-0.56529681425679853
1754046900,168.51,168.66,167.8,168.05,27787.462,0.1402968072214148,-0.389925986262341,-0.5302227934837558,-0.389925986262341,-0.5302227934837558
1754047800,168.05,168.66,167.8,168.52,28426.272,0.15101886726091357,-0.3414492094076138,-0.4924680766685274,-0.3414492094076138,-0.4924680766685274
1754048700,168.52,169.23,168.49,169.2,23492.974,0.1977083370513108,-0.24533265535438886,-0.44304099240569966,-0.24533265535438886,-0.44304099240569966
1754049600,169.19,169.76,168.94,169.4,24904.027,0.23341084738705214,-0.15127743317188447,-0.3846882805589366,-0.15127743317188447,-0.3846882805589366
1754050500,169.41,169.41,168.55,169.15,19874.201,0.23110542054866123,-0.09580650487311004,-0.3269119254217713,-0.09580650487311004,-0.3269119254217713
1754051400,169.16,170.35,168.37,169.8,59575.814,0.2620073707447113,0.0005972880091178467,-0.26141008273559346,0.0005972880091178467,-0.26141008273559346
1754052300,169.81,169.81,168.81,169.02,39702.03,0.2202467031839769,0.013898296244377661,-0.20634840693959924,0.013898296244377661,-0.20634840693959924
1754053200,169.02,169.94,168.79,169.19,31776.476,0.2118490641533886,0.058462923252136534,-0.15338614090125208,0.058462923252136534,-0.15338614090125208
1754054100,169.19,169.74,168.8,168.85,37978.938,0.2056583345143997,-0.0706583345143997,-0.1356583345143997
1754033400,168.86,169.36,168.23,169.23,34106.629,0.2118490641533886,0.058462923252136534,-0.15338614090125208,0.058462923252136534,-0.15338614090125208
1754054300,169.23,169.48,168.58,169.4,37232.699,0.2218441955615625,-0.5569641955615625,-0.6782597542843699,-0.5569641955615625,-0.6782597542843699
1754054400,169.41,169.41,166.19,167.28,101150.168,0.04413276662334609,-0.6760960136284098,-0.7202287802517559,-0.6760960136284098,-0.7202287802517559
1754054500,167.21,168.06,166.67,167.25,54633.499,-0.055821152413336184,-0.756063841485286,-0.7002426890719499,-0.756063841485286,-0.7002426890719499
1754054600,167.25,168.3,166.53,168.11,56579.804,-0.03585302185547845,-0.7450589663912979,-0.7092059445358194,-0.7450589663912979,-0.7092059445358194
1754054700,168.1,168.61,167.61,167.62,20051.964,-0.046262869868637146,-0.7670345318716159,-0.7207716620029787,-0.7670345318716159,-0.7207716620029787
1754054800,167.61,168.97,167.43,167.76,61805.472,-0.03485677425297451,-0.7643426298191969,-0.7294858555662224,-0.7643426298191969,-0.7294858555662224
1754054900,167.77,168.46,167.61,167.95,35877.938,-0.007104465365479706,-0.738366437273072,-0.7312619719075923,-0.738366437273072,-0.7312619719075923
1754055000,167.96,168.4,167.6,168.37,30192.718,0.04413276662334609,-0.6760960136284098,-0.7202287802517559,-0.6760960136284098,-0.7202287802517559
1754055100,168.36,168.36,167.2,167.34,23975.701,0.014767753029250263,-0.7017690889651931,-0.7165368419944433,-0.7017690889651931,-0.7165368419944433
1754055200,167.35,168.36,167.08,168.33,18602.609,0.06530019818010524,-0.6349115942693118,-0.700211792449417,-0.6349115942693118,-0.700211792449417
1754055300,168.32,168.6,167.89,168.14,17423.465,0.08780815266018849,-0.5904516016241814,-0.6782597542843699,-0.5904516016241814,-0.6782597542843699
1754055400,168.14,168.63,167.87,168.52,16550.288,0.12774693098037992,-0.518576090558895,-0.6463230215392749,-0.518576090558895,-0.6463230215392749
1754055500,168.52,168.75,167.94,168.6,19290.001,0.15708089499555689,-0.4499719027948288,-0.6070527987903857,-0.4499719027948288,-0.6070527987903857
1754055600,168.59,168.72,167.88,168.51,13083.193,0.1670232100051049,-0.3982737852840046,-0.56529681425679853,-0.3982737852840046,-0.56529681425679853
1754055700,168.51,168.66,167.8,168.05,27787.462,0.1402968072214148,-0.389925986262341,-0.5302227934837558,-0.389925986262341,-0.5302227934837558
1754055800,168.05,168.66,167.8,168.52,28426.272,0.15101886726091357,-0.3414492094076138,-0.4924680766685274,-0.3414492094076138,-0.4924680766685274
1754055900,168.52,169.23,168.49,169.2,23492.974,0.1977083370513108,-0.24533265535438886,-0.44304099240569966,-0.24533265535438886,-0.44304099240569966
1754056000,169.19,169.76,168.94,169.4,24904.027,0.23341084738705214,-0.15127743317188447,-0.3846882805589366,-0.15127743317188447,-0.3846882805589366
1754056100,169.41,169.41,168.55,169.15,19874.201,0.23110542054866123,-0.09580650487311004,-0.3269119254217713,-0.09580650487311004,-0.3269119254217713
1754056200,169.16,170.35,168.37,169.8,59575.814,0.2620073707447113,0.0005972880091178467,-0.26141008273559346,0.0005972880091178467,-0.26141008273559346
1754056300,169.81,169.81,168.81,169.02,39702.03,0.2202467031839769,0.013898296244377661,-0.20634840693959924,0.013898296244377661,-0.20634840693959924
1754056400,169.02,169.94,168.79,169.19,31776.476,0.2118490641533886,0.058462923252136534,-0.15338614090125208,0.058462923252136534,-0.15338614090125208
1754056500,169.19,169.74,168.8,168.85,37978.938,0.2056583345143997,-0.0706583345143997,-0.1356583345143997
1754056600,168.86,169.36,168.23,169.23,34106.629,0.2118490641533886,0.058462923252136534,-0.15338614090125208,0.058462923252136534,-0.15338614090125208
1754056700,169.23,169.48,168.58,169.4,37232.699,0.2218441955615625,-0.5569641955615625,-0.6782597542843699,-0.5569641955615625,-0.6782597542843699
1754056800,169.41,169.41,166.19,167.28,101150.168,0.04413276662334609,-0.6760960136284098,-0.7202287802517559,-0.6760960136284098,-0.7202287802517559
1754056900,167.21,168.06,166.67,167.25,54633.499,-0.055821152413336184,-0.756063841485286,-0.7002426890719499,-0.756063841485286,-0.7002426890719499
1754057000,167.25,168.3,166.53,168.11,56579.804,-0.03585302185547845,-0.7450589663912979,-0.7092059445358194,-0.7450589663912979,-0.7092059445358194
1754057100,168.1,168.61,167.61,167.62,20051.964,-0.046262869868637146,-0.7670345318716159,-0.7207716620029787,-0.7670345318716159,-0.7207716620029787
1754057200,167.61,168.97,167.43,167.76,61805.472,-0.03485677425297451,-0.7643426298191969,-0.7294858555662224,-0.7643426298191969,-0.7294858555662224
1754057300,167.77,168.46,167.61,167.95,35877.938,-0.007104465365479706,-0.738366437273072,-0.7312619719075923,-0.738366437273072,-0.7312619719075923
1754057400,167.96,168.4,167.6,168.37,30192.718,0.04413276662334609,-0.6760960136284098,-0.7202287802517559,-0.6760960136284098,-0.7202287802517559
1754057500,168.36,168.36,167.2,167.34,23975.701,0.014767753029250263,-0.7017690889651931,-0.7165368419944433,-0.7017690889651931,-0.7165368419944433
1754057600,167.35,168.36,167.08,168.33,18602.609,0.06530019818010524,-0.6349115942693118,-0.700211792449417,-0.6349115942693118,-0.700211792449417
1754057700,168.32,168.6,167.89,168.14,17423.465,0.08780815266018849,-0.5904516016241814,-0.6782597542843699,-0.5904516016241814,-0.6782597542843699
1754057800,168.14,168.63,167.87,168.52,16550.288,0.12774693098037992,-0.518576090558895,-0.6463230215392749,-0.518576090558895,-0.6463230215392749
1754057900,168.52,168.75,167.94,168.6,19290.001,0.15708089499555689,-0.4499719027948288,-0.6070527987903857,-0.4499719027948288,-0.6070527987903857
1754058000,168.59,168.72,167.88,168.51,13083.193,0.1670232100051049,-0.3982737852840046,-0.56529681425679853,-0.3982737852840046,-0.56529681425679853
1754058100,168.51,168.66,167.8,168.05,27787.462,0.1402968072214148,-0.389925986262341,-0.5302227934837558,-0.389925986262341,-0.5302227934837558
1754058200,168.05,168.66,167.8,168.52,28426.272,0.15101886726091357,-0.3414492094076138,-0.4924680766685274,-0.3414492094076138,-0.4924680766685274
1754058300,168.52,169.23,168.49,169.2,23492.974,0.1977083370513108,-0.24533265535438886,-0.44304099240569966,-0.24533265535438886,-0.44304099240569966
1754058400,169.19,169.76,168.94,169.4,24904.027,0.23341084738705214,-0.15127743317188447,-0.3846882805589366,-0.15127743317188447,-0.3846882805589366
1754058500,169.41,169.41,168.55,169.15,19874.201,0.23110542054866123,-0.09580650487311004,-0.3269119254217713,-0.09580650487311004,-0.3269119254217713
1754058600,169.16,170.35,168.37,169.8,59575.814,0.2620073707447113,0.0005972880091178467,-0.26141008273559346,0.0005972880091178467,-0.26141008273559346
1754058700,169.81,169.81,168.81,169.02,39702.03,0.2202467031839769,0.013898296244377661,-0.20634840693959924,0.013898296244377661,-0.20634840693959924
1754058800,169.02,169.94,168.79,169.19,31776.476,0.2118490641533886,0.058462923252136534,-0.15338614090125208,0.058462923252136534,-0.15338614090125208
1754058900,169.19,169.74,168.8,168.85,37978.938,0.2056583345143997,-0.0706583345143997,-0.1356583345143997
1754059000,168.86,169.36,168.23,169.23,34106.629,0.2118490641533886,0.058462923252136534,-0.15338614090125208,0.058462923252136534,-0.15338614090125208
1754059100,169.23,169.48,168.58,169.4,37232.699,0.2218441955615625,-0.5569641955615625,-0.6782597542843699,-0.5569641955615625,-0.6782597542843699
1754059200,169.41,169.41,166.19,167.28,101150.168,0.04413276662334609,-0.6760960136284098,-0.7202287802517559,-0.6760960136284098,-0.7202287802517559
1754059300,167.21,168.06,166.67,167.25,54633.499,-0.055821152413336184,-0.756063841485286,-0.7002426890719499,-0.756063841485286,-0.7002426890719499
1754059400,167.25,168.3,166.53,168.11,56579.804,-0.03585302185547845,-0.7450589663912979,-0.7092059445358194,-0.7450589663912979,-0.7092059445358194
1754059500,168.1,168.61,167.61,167.62,20051.964,-0.046262869868637146,-0.7670345318716159,-0.7207716620029787,-0.7670345318716159,-0.7207716620029787
1754059600,167.61,168.97,167.43,167.76,61805.472,-0.03485677425297451,-0.7643426298191969,-0.7294858555662224,-0.7643426298191969,-0.7294858555662224
1754059700,167.77,168.46,167.61,167.95,35877.938,-0.007104465365479706,-0.738366437273072,-0.7312619719075923,-0.738366437273072,-0.7312619719075923
1754059800,167.96,168.4,167.6,168.37,30192.718,0.04413276662334609,-0.6760960136284098,-0.7202287802517559,-0.6760960136284098,-0.7202287802517559
1754059900,168.36,168.36,167.2,167.34,23975.701,0.014767753029250263,-0.7017690889651931,-0.7165368419944433,-0.7017690889651931,-0.7165368419944433
1754060000,167.35,168.36,167.08,168.33,18602.609,0.06530019818010524,-0.6349115942693118,-0.700211792449417,-0.6349115942693118,-0.700211792449417
1754060100,168.32,168.6,167.89,168.14,17423.465,0.08780815266018849,-0.5904516016241814,-0.6782597542843699,-0.5904516016241814,-0.6782597542843699
1754060200,168.14,168.63,167.87,168.52,16550.288,0.12774693098037992,-0.518576090558895,-0.6463230215392749,-0.518576090558895,-0.6463230215392749
1754060300,168.52,168.75,167.94,168.6,19290.001,0.15708089499555689,-0.4499719027948288,-0.6070527987903857,-0.4499719027948288,-0.6070527987903857
1754060400,168.59,168.72,167.88,168.51,13083.193,0.1670232100051049,-0.3982737852840046,-0.56529681425679853,-0.3982737852840046,-0.56529681425679853
1754060500,168.51,168.66,167.8,168.05,27787.462,0.1402968072214148,-0.389925986262341,-0.5302227934837558,-0.389925986262341,-0.5302227934837558
1754060600,168.05,168.66,167.8,168.52,28426.272,0.15101886726091357,-0.3414492094076138,-0.4924680766685274,-0.3414492094076138,-0.4924680766685274
1754060700,168.52,169.23,168.49,169.2,23492.974,0.1977083370513108,-0.24533265535438886,-0.44304099240569966,-0.24533265535438886,-0.44304099240569966
1754060800,169.19,169.76,168.94,169.4,24904.027,0.23341084738705214,-0.15127743317188447,-0.3846882805589366,-0.15127743317188447,-0.3846882805589366
1754060900,169.41,169.41,168.55,169.15,19874.201,0.23110542054866123,-0.09580650487311004,-0.3269119254217713,-0.09580650487311004,-0.3269119254217713
1754061000,169.16,170.35,168.37,169.8,59575.814,0.2620073707447113,0.0005972880091178467,-0.26141008273559346,0.0005972880091178467,-0.26141008273559346
1754061100,169.81,169.81,168.81,169.02,39702.03,0.2202467031839769,0.013898296244377661,-0.20634840693959924,0.013898296244377661,-0.20634840693959924
1754061200,169.02,169.94,168.79,169.19,31776.476,0.2118490641533886,0.058462923252136534,-0.15338614090125208,0.058462923252136534,-0.15338614090125208
1754061300,169.19,169.74,168.8,168.85,37978.938,0.2056583345143997,-0.0706583345143997,-0.1356583345143997
1754061400,168.86,169.36,168.23,169.23,34106.629,0.2118490641533886,0.058462923252136534,-0.15338614090125208,0.058462923252136534,-0.15338614090125208
1754061500,169.23,169.48,168.58,169.4,37232.699,0.2218441955615625,-0.5569641955615625,-0.6782597542843699,-0.5569641955615625,-0.6782597542843699
1754061600,169.41,169.41,166.19,167.28,101150.168,0.04413276662334609,-0.6760960136284098,-0.7202287802517559,-0.6760960136284098,-0.7202287802517559
1754061700,167.21,168.06,166.67,167.25,54633.499,-0.055821152413336184,-0.756063841485286,-0.7002426890719499,-0.756063841485286,-0.7002426890719499
1754061800,167.25,168.3,166.53,168.11,56579.804,-0.03585302185547845,-0.7450589663912979,-0.7092059445358194,-0.7450589663912979,-0.7092059445358194
1754061900,168.1,168.61,167.61,167.62,20051.964,-0.046262869868637146,-0.7670345318716159,-0.7207716620029787,-0.7670345318716159,-0.7207716620029787
1754062000,167.61,168.97,167.43,167.76,61805.472,-0.03485677425297451,-0.7643426298191969,-0.7294858555662224,-0.7643426298191969,-0.7294858555662224
1754062100,167.77,168.46,167.61,167.95,35877.938,-0.007104465365479706,-0.738366437273072,-0.7312619719075923,-0.738366437273072,-0.7312619719075923
1754062200,167.96,168.4,167.6,168.37,30192.718,0.04413276662334609,-0.6760960136284098,-0.7202287802517559,-0.6760960136284098,-0.7202287802517559
1754062300,168.36,168.36,167.2,167.34,23975.701,0.014767753029250263,-0.7017690889651931,-0.7165368419944433,-0.7017690889651931,-0.7165368419944433
1754062400,167.35,168.36,167.08,168.33,18602.609,0.06530019818010524,-0.6349115942693118,-0.700211792449417,-0.6349115942693118,-0.700211792449417
1754062500,168.32,168.6,167.89,168.14,17423.465,0.08780815266018849,-0.5904516016241814,-0.6782597542843699,-0.5904516016241814,-0.6782597542843699
1754062600,168.14,168.63,167.87,168.52,16550.288,0.12774693098037992,-0.518576090558895,-0.6463230215392749,-0.518576090558895,-0.6463230215392749
1754062700,168.52,168.75,167.94,168.6,19290.001,0.15708089499555689,-0.4499719027948288,-0.6070527987903857,-0.4499719027948288,-0.6070527987903857
1754062800,168.59,168.72,167.88,168.51,13083.193,0.1670232100051049,-0.3982737852840046,-0.56529681425679853,-0.3982737852840046,-0.56529681425679853
1754062900,168.51,168.66,167.8,168.05,27787.462,0.1402968072214148,-0.389925986262341,-0.5302227934837558,-0.389925986262341,-0.5302227934837558
1754063000,168.05,168.66,167.8,168.52,28426.272,0.15101886726091357,-0.3414492094076138,-0.4924680766685274,-0.3414492094076138,-0.4924680766685274
1754063100,168.52,169.23,168.49,169.2,23492.974,0.1977083370513108,-0.24533265535438886,-0.44304099240569966,-0.24533265535438886,-0.44304099240569966
1754063200,169.19,169.76,168.94,169.4,24904.027,0.23341084738705214,-0.15127743317188447,-0.3846882805589366,-0.15127743317188447,-0.3846882805589366
1754063300,169.41,169.41,168.55,169.15,19874.201,0.23110542054866123,-0.09580650487311004,-0.3269119254217713,-0.09580650487311004,-0.3269119254217713
1754063400,169.16,170.35,168.37,169.8,59575.814,0.2620073707447113,0.0005972880091178467,-0.26141008273559346,0.0005972880091178467,-0.26141008273559346
1754063500,169.81,169.81,168.81,169.02,39702.03,0.2202467031839769,0.013898296244377661,-0.20634840693959924,0.013898296244377661,-0.20634840693959924
1754063600,169.02,169.94,168.79,169.19,31776.476,0.2118490641533886,0.058462923252136534,-0.15338614090125208,0.058462923252136534,-0.15338614090125208
1754063700,169.19,169.74,168.8,168.85,37978.938,0.2056583345143997,-0.0706583345143997,-0.1356583345143997
1754063800,168.86,169.36,168.23,169.23,34106.629,0.2118490641533886,0.058462923252136534,-0.15338614090125208,0.058462923252136534,-0.15338614090125208
1754063900,169.23,169.48,168.58,169.4,37232.699,0.2218441955615625,-0.5569641955615625,-0.6782597542843699,-0.5569641955615625,-0.6782597542843699
1754064000,169.41,169.41,166.19,167.28,101150.168,0.04413276662334609,-0.6760960136284098,-0.7202287802517559,-0.6760960136284098,-0.7202287802517559
1754064100,167.21,168.06,166.67,167.25,54633.499,-0.055821152413336184,-0.756063841485286,-0.7002426890719499,-0.756063841485286,-0.7002426890719499
1754064200,167.25,168.3,166.53,168.11,56579.804,-0.03585302185547845,-0.7450589663912979,-0.7092059445358194,-0.7450589663912979,-0.7092059445358194
1754064300,168.1,168.61,167.61,167.62,20051.964,-0.046262869868637146,-0.7670345318716159,-0.7207716620029787,-0.7670345318716159,-0.7207716620029787
1754064400,167.61,168.97,167.43,167.76,61805.472,-0.03485677425297451,-0.7643426298191969,-0.7294858555662224,-0.7643426298191969,-0.7294858555662224
1754064500,167.77,168.46,167.61,167.95,35877.938,-0.007104465365479706,-0.738366437273072,-0.7312619719075923,-0.738366437273072,-0.7312619719075923
1754064600,167.96,168.4,167.6,168.37,30192.718,0.04413276662334609,-0.6760960136284098,-0.7202287802517559,-0.6760960136284098,-0.7202287802517559
1754064700,168.36,168.36,167.2,167.34,23975.701,0.014767753029250263,-0.7017690889651931,-0.7165368419944433,-0.7017690889651931,-0.7165368419944433
1754064800,167.35,168.36,167.08,168.33,18602.609,0.06530019818010524,-0.6349115942693118,-0.700211792449417,-0.6349115942693118,-0.700211792449417
1754064900,168.32,168.6,167.89,168.14,17423.465,0.08780815266018849,-0.5904516016241814,-0.6782597542843699,-0.5904516016241814,-0.6782597542843699
1754065000,168.14,168.63,167.87,168.52,16550.288,0.12774693098037992,-0.518576090558895,-0.6463230215392749,-0.518576090558895,-0.6463230215392749
1754065100,168.52,168.75,167.94,168.6,19290.001,0.15708089499555689,-0.4499719027948288,-0.6070527987903857,-0.4499719027948288,-0.6070527987903857
1754065200,168.59,168.72,167.88,168.51,13083.193,0.1670232100051049,-0.3982737852840046,-0.56529681425679853,-0.3982737852840046,-0.56529681425679853
1754065300,168.51,168.66,167.8,168.05,27787.462,0.1402968072214148,-0.389925986262341,-0.5302227934837558,-0.389925986262341,-0.5302227934837558
1754065400,168.05,168.66,167.8,168.52,28426.272,0.15101886726091357,-0.3414492094076138,-0.4924680766685274,-0.3414492094076138,-0.4924680766685274
1754065500,168.52,169.23,168.49,169.2,23492.974,0.1977083370513108,-0.24533265535438886,-0.44304099240569966,-0.24533265535438886,-0.44304099240569966
1754065600,169.19,169.76,168.94,169.4,24904.027,0.23341084738705214,-0.15127743317188447,-0.3846882805589366,-0.15127743317188447,-0.3846882805589366
1754065700,169.41,169.41,168.55,169.15,19874.201,0.23110542054866123,-0.09580650487311004,-0.3269119254217713,-0.09580650487311004,-0.3269119254217713
1754065800,169.16,170.35,168.37,169.8,59575.814,0.2620073707447113,0.0005972880091178467,-0.26141008273559346,0.0005972880091178467,-0.26141008273559346
1754065900,169.81,169.81,168.81,169.02,39702.03,0.2202467031839769,0.013898296244377661,-0.20634840693959924,0.013898296244377661,-0.20634840693959924
1754066000,169.02,169.94,168.79,169.19,31776.476,0.2118490641533886,0.058462923252136534,-0.15338614090125208,0.058462923252136534,-0.15338614090125208
1754066100,169.19,169.74,168.8,168.85,37978.938,0.2056583345143997,-0.0706583345143997,-0.1356583345143997
1754066200,168.86,169.36,168.23,169.23,34106.629,0.2118490641533886,0.058462923252136534,-0.15338614090125208,0.058462923252136534,-0.15338614090125208
1754066300,169.23,169.48,168.58,169.4,37232.699,0.2218441955615625,-0.5569641955615625,-0.6782597542843699,-0.5569641955615625,-0.6782597542843699
1754066400,169.41,169.41,166.19,167.28,101150.168,0.04413276662334609,-0.6760960136284098,-0.7202287802517559,-0.6760960136284098,-0.7202287802517559
1754066500,167.21,168.06,166.67,167.25,54633.499,-0.055821152413336184,-0.756063841485286,-0.7002426890719499,-0.756063841485286,-0.7002426890719499
1754066600,167.25,168.3,166.53,168.11,56579.804,-0.03585302185547845,-0.7450589663912979,-0.7092059445358194,-0.7450589663912979,-0.7092059445358194
1754066700,168.1,168.61,167.61,167.62,20051.964,-0.046262869868637146,-0.7670345318716159,-0.7207716620029787,-0.7670345318716159,-0.7207716620029787
1754066800,167.61,168.97,167.43,167.76,61805.472,-0.03485677425297451,-0.7643426298191969,-0.7294858555662224,-0.7643426298191969,-0.7294858555662224
1754066900,167.77,168.46,167.61,167.95,35877.938,-0.007104465365479706,-0.738366437273072,-0.7312619719075923,-0.738366437273072,-0.7312619719075923
1754067000,167.96,168.4,167.6,168.37,30192.718,0.04413276662334609,-0.6760960136284098,-0.7202287802517559,-0.6760960136284098,-0.7202287802517559
1754067100,168.36,168.36,167.2,167.34,23975.701,0.014767753029250263,-0.7017690889651931,-0.7165368419944433,-0.7017690889651931,-0.7165368419944433
1754067200,167.35,168.36,167.08,168.33,18602.609,0.06530019818010524,-0.6349115942693118,-0.700211792449417,-0.6349115942693118,-0.700211792449417
1754067300,168.32,168.6,167.89,168.14,17423.465,0.08780815266018849,-0.5904516016241814,-0.6782597542843699,-0.5904516016241814,-0.6782597542843699
1754067400,168.14,168.63,167.87,168.52,16550.288,0.12774693098037992,-0.518576090558895,-0.6463230215392749,-0.518576090558895,-0.6463230215392749
1754067500,168.52,168.75,167.94,168.6,19290.001,0.15708089499555689,-0.4499719027948288,-0.6070527987903857,-0.4499719027948288,-0.6070527987903857
1754067600,168.59,168.72,167.88,168.51,13083.193,0.1670232100051049,-0.3982737852840046,-0.56529681425679853,-0.3982737852840046,-0.56529681425679853
1754067700,168.51,168.66,167.8,168.05,27787.462,0.1402968072214148,-0.389925986262341,-0.5302227934837558,-0.389925986262341,-0.5302227934837558
1754067800,168.05,168.66,167.8,168.52,28426.272,0.15101886726091357,-0.3414492094076138,-0.4924680766685274,-0.3414492094076138,-0.4924680766685274
1754067900,168.52,169.23,168.49,169.2,23492.974,0.1977083370513108,-0.24533265535438886,-0.44304099240569966,-0.24533265535438886,-0.44304099240569966
1754068000,169.19,169.76,168.94,169.4,24904.027,0.23341084738705214,-0.15127743317188447,-0.3846882805589366,-0.15127743317188447,-0.3846882805589366
1754068100,169.41,169.41,168.55,169.15,19874.201,0.23110542054866123,-0.09580650487311004,-0.3269119254217713,-0.09580650487311004,-0.3269119254217713
1754068200,169.16,170.35,168.37,169.8,59575.814,0.2620073707447113,0.0005972880091178467,-0.26141008273559346,0.0005972880091178467,-0.26141008273559346
1754068300,169.81,169.81,168.81,169.02,39702.03,0.2202467031839769,0.013898296244377661,-0.20634840693959924,0.013898296244377661,-0.20634840693959924
1754068400,169.02,169.94,168.79,169.19,31776.476,0.2118490641533886,0.058462923252136534,-0.15338614090125208,0.058462923252136534,-0.15338614090125208
1754068500,169.19,169.74,168.8,168.85,37978.938,0.2056583345143997,-0.0706583345143997,-0.1356583345143997
1754068600,168.86,169.36,168.23,169.23,34106.629,0.2118490641533886,0.058462923252136534,-0.15338614090125208,0.058462923252136534,-0.15338614090125208
1754068700,169.23,169.48,168.58,169.4,37232.699,0.2218441955615625,-0.5569641955615625,-0.6782597542843699,-0.5569641955615625,-0.6782597542843699
1754068800,169.41,169.41,166.19,167.28,101150.168,0.04413276662334609,-0.6760960136284098,-0.7202287802517559,-0.6760960136284098,-0.7202287802517559
1754068900,167.21,168.06,166.67,167.25,54633.499,-0.055821152413336184,-0.756063841485286,-0.7002426890719499,-0.756063841485286,-0.7002426890719499
1754069000,167.25,168.3,166.53,168.11,56579.804,-0.03585302185547845,-0.7450589663912979,-0.7092059445358194,-0.7450589663912979,-0.7092059445358194
1754069100,168.1,168.61,167.61,167.62,20051.964,-0.046262869868637146,-0.7670345318716159,-0.7207716620029787,-0.7670345318716159,-0.7207716620029787
1754069200,167.61,168.97,167.43,167.76,61805.472,-0.03485677425297451,-0.7643426298191969,-0.7294858555662224,-0.7643426298191969,-0.7294858555662224
1754069300,167.77,168.46,167.61,167.95,35877.938,-0.007104465365479706,-0.738366437273072,-0.7312619719075923,-0.738366437273072,-0.7312619719075923
1754069400,167.96,168.4,167.6,168.37,30192.718,0.04413276662334609,-0.6760960136284098,-0.7202287802517559,-0.6760960136284098,-0.7202287802517559
1754069500,168.36,168.36,167.2,167.34,23975.701,0.014767753029250263,-0.7017690889651931,-0.7165368419944433,-0.7017690889651931,-0.7165368419944433
1754069600,167.35,168.36,167.08,168.33,18602.609,0.06530019818010524,-0.6349115942693118,-0.700211792449417,-0.6349115942693118,-0.700211792449417
1754069700,168.32,168.6,167.89,168.14,17423.465,0.08780815266018849,-0.5904516016241814,-0.6782597542843699,-0.5904516016241814,-0.6782597542843699
1754069800,168.14,168.63,167.87,168.52,16550.288,0.12774693098037992,-0.518576090558895,-0.6463230215392749,-0.518576090558895,-0.6463230215392749
1754069900,168.52,168.75,167.94,168.6,19290.001,0.15708089499555689,-0.4499719027948288,-0.6070527987903857,-0.4499719027948288,-0.6070527987903857
1754070000,168.59,168.72,167.88,168.51,13083.193,0.1670232100051049,-0.3982737852840046,-0.56529681425679853,-0.3982737852840046,-0.56529681425679853
1754070100,168.51,168.66,167.8,168.05,27787.462,0.1402968072214148,-0.389925986262341,-0.5302227934837558,-0.389925986262341,-0.5302227934837558
1754070200,168.05,168.66,167.8,168.52,28426.272,0.15101886726091357,-0.3414492094076138,-0.4924680766685274,-0.3414492094076138,-0.4924680766685274
1754070300,168.52,169.23,168.49,169.2,23492.974,0.1977083370513108,-0.24533265535438886,-0.44304099240569966,-0.24533265535438886,-0.44304099240569966
1754070400,169.19,169.76,168.94,169.4,24904.027,0.23341084738705214,-0.15127743317188447,-0.3846882805589366,-0.15127743317188447,-0.3846882805589366
1754070500,169.41,169.41,168.55,169.15,19874.201,0.23110542054866123,-0.09580650487311004,-0.3269119254217713,-0.09580650487311004,-0.3269119254217713
1754070600,169.16,170.35,168.37,169.8,59575.814,0.2620073707447113,0.0005972880091178467,-0.26141008273559346,0.0005972880091178467,-0.26141008273559346
1754070700,169.81,169.81,168.81,169.02,39702.03,0.2202467031839769,0.013898296244377661,-0.20634840693959924,0.013898296244377661,-0.20634840693959924
1754070800,169.02,169.94,168.79,169.19,31776.476,0.2118490641533886,0.058462923252136534,-0.15338614090125208,0.058462923252136534,-0.15338614090125208
1754070900,169.19,169.74,168.8,168.85,37978.938,0.2056583345143997,-0.0706583345143997,-0.1356583345143997
1754071000,168.86,169.36,168.23,169.23,34106.629,0.2118490641533886,0.058462923252136534,-0.15338614090125208,0.058462923252136534,-0.15338614090125208
1754071100,169.23,169.48,168.58,169.4,37232.699,0.2218441955615625,-0.5569641955615625,-0.6782597542843699,-0.5569641955615625,-0.6782597542843699
1754071200,169.41,169.41,166.19,167.28,101150.168,0.04413276662334609,-0.6760960136284098,-0.7202287802517559,-0.6760960136284098,-0.7202287802517559
1754071300,167.21,168.06,166.67,167.25,54633.499,-0.055821152413336184,-0.756063841485286,-0.7002426890719499,-0.756063841485286,-0.7002426890719499
1754071400,167.25,168.3,166.53,168.11,56579.804,-0.03585302185547845,-0.7450589663912979,-0.7092059445358194,-0.7450589663912979,-0.7092059445358194
1754071500,168.1,168.61,167.61,167.62,20051.964,-0.046262869868637146,-0.7670345318716159,-0.7207716620029787,-0.7670345318716159,-0.7207716620029787
1754071600,167.61,168.97,167.43,167.76,61805.472,-0.03485677425297451,-0.7643426298191969,-0.7294858555662224,-0.7643426298191969,-0.7294858555662224
1754071700,167.77,168.46,167.61,167.95,35877.938,-0.007104465365479706,-0.738366437273072,-0.7312619719075923,-0.738366437273072,-0.7312619719075923
1754071800,167.96,168.4,167.6,168.37,30192.718,0.04413276662334609,-0.6760960136284098,-0.7202287802517559,-0.6760960136284098,-0.7202287802517559
1754071900,168.36,168.36,167.2,167.34,23975.701,0.014767753029250263,-0.7017690889651931,-0.7165368419944433,-0.7017690889651931,-0.7165368419944433
1754072000,167.35,168.36,167.08,168.33,18602.609,0.06530019818010524,-0.6349115942693118,-0.700211792449417,-0.6349115942693118,-0.700211792449417
1754072100,168.32,168.6,167.89,168.14,17423.465,0.08780815266018849,-0.5904516016241814,-0.6782597542843699,-0.5904516016241814,-0.6782597542843699
1754072200,168.14,168.63,167.87,168.52,16550.288,0.12774693098037992,-0.518576090558895,-0.6463230215392749,-0.518576090558895,-0.6463230215392749
1754072300,168.52,168.75,167.94,168.6,19290.001,0.15708089499555689,-0.4499719027948288,-0.6070527987903857,-0.4499719027948288,-0.6070527987903857
1754072400,168.59,168.72,167.88,168.51,13083.193,0.1670232100051049,-0.3982737852840046,-0.56529681425679853,-0.3982737852840046,-0.56529681425679853
1754072500,168.51,168.66,167.8,168.05,27787.462,0.1402968072214148,-0.389925986262341,-0.5302227934837558,-0.389925986262341,-0.5302227934837558
1754072600,168.05,168.66,167.8,168.52,28426.272,0.15101886726091357,-0.3414492094076138,-0.4924680766685274,-0.3414492094076138,-0.4924680766685274
1754072700,168.52,169.23,168.49,169.2,23492.974,0.1977083370513108,-0.24533265535438886,-0.44304099240569966,-0.24533265535438886,-0.44304099240569966
1754072800,169.19,169.76,168.94,169.4,24904.027,0.23341084738705214,-0.15127743317188447,-0.3846882805589366,-0.15127743317188447,-0.3846882805589366
1754072900,169.41,169.41,168.55,169.15,19874.201,0.23110542054866123,-0.09580650487311004,-0.3269119254217713,-0.09580650487311004,-0.3269119254217713
1754073000,169.16,170.35,168.37,169.8,59575.814,0.2620073707447113,0.0005972880091178467,-0.26141008273559346,0.0005972880091178467,-0.26141008273559346
1754073100,169.81,169.81,168.81,169.02,39702.03,0.2202467031839769,0.013898296244377661,-0.20634840693959924,0.013898296244377661,-0.20634840693959924
1754073200,169.02,169.94,168.79,169.19,31776.476,0.2118490641533886,0.058462923252136534,-0.15338614090125208,0.058462923252136534,-0.15338614090125208
1754073300,169.19,169.74,168.8,168.85,37978.938,0.2056583345143997,-0.0706583345143997,-0.1356583345143997
1754073400,168.86,169.36,168.23,169.23,34106.629,0.2118490641533886,0.058462923252136534,-0.15338614090125208,0.058462923252136534,-0.15338614090125208
1754073500,169.23,169.48,168.58,169.4,37232.699,0.2218441955615625,-0.5569641955615625,-0.6782597542843699,-0.5569641955615625,-0.6782597542843699
1754073600,169.41,169.41,166.19,167.28,101150.168,0.04413276662334609,-0.6760960136284098,-0.7202287802517559,-0.6760960136284098,-0.7202287802517559
1754073700,167.21,168.06,166.67,167.25,54633.499,-0.055821152413336184,-0.756063841485286,-0.7002426890719499,-0.756063841485286,-0.7002426890719499
1754073800,167.25,168.3,166.53,168.11,56579.804,-0.03585302185547845,-0.7450589663912979,-0.7092059445358194,-0.7450589663912979,-0.7092059445358194
1754073900,168.1,168.61,167.61,167.62,20051.964,-0.046262869868637146,-0.7670345318716159,-0.7207716620029787,-0.7670345318716159,-0.7207716620029787
1754074000,167.61,168.97,167.43,167.76,61805.472,-0.03485677425297451,-0.7643426298191969,-0.7294858555662224,-0.7643426298191969,-0.7294858555662224
1754074100,167.77,168.46,167.61,167.95,35877.938,-0.007104465365479706,-0.738366437273072,-0.7312619719075923,-0.738366437273072,-0.7312619719075923
1754074200,167.96,168.4,167.6,168.37,30192.718,0.04413276662334609,-0.6760960136284098,-0.7202287802517559,-0.6760960136284098,-0.7202287802517559
1754074300,168.36,168.36,167.2,167.34,23975.701,0.014767753029250263,-0.7017690889651931,-0.7165368419944433,-0.7017690889651931,-0.7165368419944433
1754074400,167.35,168.36,167.08,168.33,18602.609,0.06530019818010524,-0.6349115942693118,-0.700211792449417,-0.6349115942693118,-0.700211792449417
1754074500,168.32,168.6,167.89,168.14,17423.465,0.08780815266018849,-0.5904516016241814,-0.6782597542843699,-0.5904516016241814,-0.6782597542843699
1754074600,168.14,168.63,167.87,168.52,16550.288,0.12774693098037992,-0.518576090558895,-0.6463230215392749,-0.518576090558895,-0.6463230215392749
1754074700,168.52,168.75,167.94,168.6,19290.001,0.15708089499555689,-0.4499719027948288,-0.6070527987903857,-0.4499719027948288,-0.6070527987903857
1754074800,168.59,168.72,167.88,168.51,13083.193,0.1670232100051049,-0.3982737852840046,-0.56529681425679853,-0.3982737852840046,-0.56529681425679853
1754074900,168.51,168.66,167.8,168.05,27787.462,0.1402968072214148,-0.389925986262341,-0.5302227934837558,-0.389925986262341,-0.5302227934837558
1754075000,168.05,168.66,167.8,168.52,28426.272,0.15101886726091357,-0.3414492094076138,-0.4924680766685274,-0.3414492094076138,-0.4924680766685274
1754075100,168.52,169.23,168.49,169.2,23492.974,0.1977083370513108,-0.24533265535438886,-0.44304099240569966,-0.24533265535438886,-0.44304099240569966
1754075200,169.19,169.76,168.94,169.4,24904.027,0.23341084738705214,-0.15127743317188447,-0.3846882805589366,-0.15127743317188447,-0.3846882805589366
1754075300,169.41,169.41,168.55,169.15,19874.201,0.23110542054866123,-0.09580650487311004,-0.3269119254217713,-0.09580650487311004,-0.3269119254217713
1754075400,169.16,170.35,168.37,169.8,59575.814,0.2620073707447113,0.0005972880091178467,-0.26141008273559346,0.0005972880091178467,-0.26141008273559346
1754075500,169.81,169.81,168.81,169.02,39702.03,0.2202467031839769,0.013898296244377661,-0.20634840693959924,0.013898296244377661,-0.20634840693959924
1754075600,169.02,169.94,168.79,169.19,31776.476,0.2118490641533886,0.058462923252136534,-0.15338614090125208,0.058462923252136534,-0.15338614090125208
1754075700,169.19,169.74,168.8,168.85,37978.938,0.2056583345143997,-0.0706583345143997,-0.1356583345143997
1754075800,168.86,169.36,168.23,169.23,34106.629,0.2118490641533886,0.058462923252136534,-0.15338614090125208,0.058462923252136534,-0.15338614090125208
1754075900,169.23,169.48,168.58,169.4,37232.699,0.2218441955615625,-0.5569641955615625,-0.6782597542843699,-0.5569641955615625,-0.6782597542843699
1754076000,169.41,169.41,166.19,167.28,101150.168,0.04413276662334609,-0.6760960136284098,-0.7202287802517559,-0.6760960136284098,-0.7202287802517559
1754076100,167.21,168.06,166.67,167.25,54633.499,-0.055821152413336184,-0.756063841485286,-0.7002426890719499,-0.756063841485286,-0.7002426890719499
1754076200,167.25,168.3,166.53,168.11,56579.804,-0.03585302185547845,-0.7450589663912979,-0.7092059445358194,-0.7450589663912979,-0.7092059445358194
1754076300,168.1,168.61,167.61,167.62,20051.964,-0.046262869868637146,-0.7670345318716159,-0.7207716620029787,-0.7670345318716159,-0.7207716620029787
1754076400,167.61,168.97,167.43,167.76,61805.472,-0.03485677425297451,-0.7643426298191969,-0.7294858555662224,-0.7643426298191969,-0.7294858555662224
1754076500,167.77,168.46,167.61,167.95,35877.938,-0.007104465365479706,-0.738366437273072,-0.7312619719075923,-0.738366437273072,-0.7312619719075923
1754076600,167.96,168.4,167.6,168.37,30192.718,0.04413276662334609,-0.6760960136284098,-0.7202287802517559,-0.6760960136284098,-0.7202287802517559
1754076700,168.36,168.36,167.2,167.34,23975.701,0.014767753029250263,-0.7017690889651931,-0.7165368419944433,-0.7017690889651931,-0.7165368419944433
1754076800,167.35,168.36,167.08,168.33,18602.609,0.06530019818010524,-0.6349115942693118,-0.700211792449417,-0.6349115942693118,-0.700211792449417
1754076900,168.32,168.6,167.89,168.14,17423.465,0.08780815266018849,-0.5904516016241814,-0.6782597542843699,-0.5904516016241814,-0.6782597542843699
1754077000,168.14,168.63,167.87,168.52,16550.288,0.12774693098037992,-0.518576090558895,-0.6463230215392749,-0.518576090558895,-0.6463230215392749
1754077100,168.52,168.75,167.94,168.6,19290.001,0.15708089499555689,-0.4499719027948288,-0.6070527987903857,-0.4499719027948288,-0.6070527987903857
1754077200,168.59,168.72,167.88,168.51,13083.193,0.1670232100051049,-0.3982737852840046,-0.56529681425679853,-0.3982737852840046,-0.56529681425679853
1754077300,168.51,168.66,167.8,168.05,27787.462,0.1402968072214148,-0.389925986262341,-0.5302227934837558,-0.389925986262341,-0.5302227934837558
1754077400,168.05,168.66,167.8,168.52,28426.272,0.15101886726091357,-0.3414492094076138,-0.4924680766685274,-0.3414492094076138,-0.4924680766685274
1754077500,168.52,169.23,168.49,169.2,23492.974,0.1977083370513108,-0.24533265535438886,-0.44304099240569966,-0.24533265535438886,-0.44304099240569966
1754077600,169.19,169.76,168.94,169.4,24904.027,0.23341084738705214,-0.15127743317188447,-0.3846882805589366,-0.15127743317188447,-0.3846882805589366
1754077700,169.41,169.41,168.55,169.15,19874.201,0.23110542054866123,-0.09580650487311004,-0.3269119254217713,-0.09580650487311004,-0.3269119254217713
1754077800,169.16,170.35,168.37,169.8,59575.814,0.2620073707447113,0.0005972880091178467,-0.26141008273559346,0.0005972880091178467,-0.26141008273559346
1754077900,169.81,169.81,168.81,169.02,39702.03,0.2202467031839769,0.013898296244377661,-0.20634840693959924,0.013898296244377661,-0.20634840693959924
1754078000,169.02,169.94,168.79,169.19,31776.476,0.2118490641533886,0.058462923252136534,-0.15338614090125208,0.058462923252136534,-0.15338614090125208
1754078100,169.19,169.74,168.8,168.85,37978.938,0.2056583345143997,-0.0706583345143997,-0.1356583345143997
1754078200,168.86,169.36,168.23,169.23,34106.629,0.2118490641533886,0.058462923252136534,-0.15338614090125208,0.058462923252136534,-0.15338614090125208
1754078300,169.23,169.48,168.58,169.4,37232.699,0.2218441955615625,-0.5569641955615625,-0.6782597542843699,-0.5569641955615625,-0.6782597542843699
1754078400,169.41,169.41,166.19,167.28,101150.168,0.04413276662334609,-0.6760960136284098,-0.7202287802517559,-0.6760960136284098,-0.7202287802517559
1754078500,167.21,168.06,166.67,167.25,54633.499,-0.055821152413336184,-0.756063841485286,-0.7002426890719499,-0.756063841485286,-0.7002426890719499
1754078600,167.25,168.3,166.53,168.11,56579.804,-0.03585302185547845,-0.7450589663912979,-0.7092059445358194,-0.7450589663912979,-0.7092059445358194
1754078700,168.1,168.61,167.61,167.62,20051.964,-0.046262869868637146,-0.7670345318716159,-0.7207716620029787,-0.7670345318716159,-0.7207716620029787
1754078800,167.61,168.97,167.43,167.76,61805.472,-0.03485677425297451,-0.7643426298191969,-0.7294858555662224,-0.7643426298191969,-0.7294858555662224
1754078900,167.77,168.46,167.61,167.95,35877.938,-0.007104465365479706,-0.738366437273072,-0.7312619719075923,-0.738366437273072,-0.7312619719075923
1754079000,167.96,168.4,167.6,168.37,30192.718,0.04413276662334609,-0.6760960136284098,-0.7202287802517559,-0.6760960136284098,-0.7202287802517559
1754079100,168.36,168.36,167.2,167.34,23975.701,0.014767753029250263,-0.7017690889651931,-0.7165368419944433,-0.7017690889651931,-0.7165368419944433
1754079200,167.35,168.36,167.08,168.33,18602.609,0.06530019818010524,-0.6349115942693118,-0.700211792449417,-0.6349115942693118,-0.700211792449417
1754079300,168.32,168.6,167.89,168.14,17423.465,0.08780815266018849,-0.5904516016241814,-0.6782597542843699,-0.5904516016241814,-0.6782597542843699
1754079400,168.14,168.63,167.87,168.52,16550.288,0.12774693098037992,-0.518576090558895,-0.6463230215392749,-0.518576090558895,-0.6463230215392749
1754079500,168.52,168.75,167.94,168.6,19290.001,0.15708089499555689,-0.4499719027948288,-0.6070527987903857,-0.4499719027948288,-0.6070527987903857
1754079600,168.59,168.72,167.88,168.51,13083.193,0.1670232100051049,-0.3982737852840046,-0.56529681425679853,-0.3982737852840046,-0.56529681425679853
1754079700,168.51,168.66,167.8,168.05,27787.462,0.1402968072214148,-0.389925986262341,-0.5302227934837558,-0.389925986262341,-0.5302227934837558
1754079800,168.05,168.66,167.8,168.52,28426.272,0.15101886726091357,-0.3414492094076138,-0.4924680766685274,-0.3414492094076138,-0.4924680766685274
1754079900,168.52,169.23,168.49,169.2,23492.974,0.1977083370513108,-0.24533265535438886,-0.44304099240569966,-0.24533265535438886,-0.44304099240569966
1754080000,169.19,169.76,168.94,169.4,24904.027,0.23341084738705214,-0.15127743317188447,-0.3846882805589366,-0.15127743317188447,-0.3846882805589366
1754080100,169.41,169.41,168.55,169.15,19874.201,0.23110542054866123,-0.09580650487311004,-0.3269119254217713,-0.09580650487311004,-0.3269119254217713
1754080200,169.16,170.35,168.37,169.8,59575.814,0.2620073707447113,0.0005972880091178467,-0.26141008273559346,0.0005972880091178467,-0.26141008273559346
1754080300,169.81,169.81,168.81,169.02,39702.03,0.2202467031839769,0.013898296244377661,-0.20634840693959924,0.013898296244377661,-0.20634840693959924
1754080400,169.02,169.94,168.79,169.19,31776.476,0.2118490641533886,0.058462923252136534,-0.15338614090125208,0.058462923252136534,-0.15338614090125208
1754080500,169.19,169.74,168.8,168.85,37978.938,0.2056583345143997,-0.0706583345143997,-0.1356583345143997
1754080600,168.86,169.36,168.23,169.23,34106.629,0.2118490641533886,0.058462923252136534,-0.15338614090125208,0.058462923252136534,-0.15338614090125208
1754080700,169.23,169.48,168.58,169.4,37232.699,0.2218441955615625,-0.5569641955615625,-0.6782597542843699,-0.5569641955615625,-0.6782597542843699
1754080800,169.41,169.41,166.19,167.28,101150.168,0.04413276662334609,-0.6760960136284098,-0.7202287802517559,-0.6760960136284098,-0.7202287802517559
1754080900,167.21,168.06,166.67,167.25,54633.499,-0.055821152413336184,-0.756063841485286,-0.7002426890719499,-0.756063841485286,-0.7002426890719499
1754081000,167.25,168.3,166.53,168.11,56579.804,-0.03585302185547845,-0.7450589663912979,-0.7092059445358194,-0.7450589663912979,-0.7092059445358194
1754081100,168.1,168.61,167.61,167.62,20051.964,-0.046262869868637146,-0.7670345318716159,-0.7207716620029787,-0.7670345318716159,-0.7207716620029787
1754081200,167.61,168.97,167.43,167.76,61805.472,-0.03485677425297451,-0.7643426298191969,-0.7294858555662224,-0.7643426298191969,-0.7294858555662224
1754081300,167.77,168.46,167.61,167.95,35877.938,-0.007104465365479706,-0.738366437273072,-0.7312619719075923,-0.738366437273072,-0.7312619719075923
1754081400,167.96,168.4,167.6,168.37,30192.718,0.04413276662334609,-0.6760960136284098,-0.7202287802517559,-0.6760960136284098,-0.7202287802517559
1754081500,168.36,168.36,167.2,167.34,23975.701,0.014767753029250263,-0.7017690889651931,-0.7165368419944433,-0.7017690889651931,-0.7165368419944433
1754081600,167.35,168.36,167.08,168.33,18602.609,0.06530019818010524,-0.6349115942693118,-0.700211792449417,-0.6349115942693118,-0.700211792449417
1754081700,168.32,168.6,167.89,168.14,17423.465,0.08780815266018849,-0.5904516016241814,-0.6782597542843699,-0.5904516016241814,-0.6782597542843699
1754081800,168.14,168.63,167.87,168.52,16550.288,0.12774693098037992,-0.518576090558895,-0.6463230215392749,-0.518576090558895,-0.6463230215392749
1754081900,168.52,168.75,167.94,168.6,19290.001,0.15708089499555689,-0.4499719027948288,-0.6070527987903857,-0.4499719027948288,-0.6070527987903857
1754082000,168.59,168.72,167.88,168.51,13083.193,0.1670232100051049,-0.3982737852840046,-0.56529681425679853,-0.3982737852840046,-0.56529681425679853
1754082100,168.51,168.66,167.8,168.05,27787.462,0.1402968072214148,-0.389925986262341,-0.5302227934837558,-0.389925986262341,-0.5302227934837558
1754082200,168.05,168.66,167.8,168.52,28426.272,0.15101886726091357,-0.3414492094076138,-0.4924680766685274,-0.3414492094076138,-0.4924680766685274
1754082300,168.52,169.23,168.49,169.2,23492.974,0.1977083370513108,-0.24533265535438886,-0.44304099240569966,-0.24533265535438886,-0.44304099240569966
1754082400,169.19,169.76,168.94,169.4,24904.027,0.23341084738705214,-0.15127743317188447,-0.3846882805589366,-0.15127743317188447,-0.3846882805589366
1754082500,169.41,169.41,168.55,169.15,19874.201,0.23110542054866123,-0.09580650487311004,-0.3269119254217713,-0.09580650487311004,-0.3269119254217713
1754082600,169.16,170.35,168.37,169.8,59575.814,0.2620073707447113,0.0005972880091178467,-0.26141008273559346,0.0005972880091178467,-0.26141008273559346
1754082700,169.81,169.81,168.81,169.02,39702.03,0.2202467031839769,0.013898296244377661,-0.20634840693959924,0.013898296244377661,-0.20634840693959924
1754082800,169.02,169.94,168.79,169.19,31776.476,0.2118490641533886,0.058462923252136534,-0.15338614090125208,0.058462923252136534,-0.15338614090125208
1754082900,169.19,169.74,168.8,168.85,37978.938,0.2056583345143997,-0.0706583345143997,-0.1356583345143997
1754083000,168.86,169.36,168.23,169.23,34106.629,0.2118490641533886,0.058462923252136534,-0.15338614090125208,0.058462923252136534,-0.15338614090125208
1754083100,169.23,169.48,168.58,169.4,37232.699,0.2218441955615625,-0.5569641955615625,-0.6782597542843699,-0.5569641955615625,-0.6782597542843699
1754083200,169.41,169.41,166.19,167.28,101150.168,0.04413276662334609,-0.6760960136284098,-0.7202287802517559,-0.6760960136284098,-0.7202287802517559
1754083300,167.21,168.06,166.67,167.25,54633.499,-0.055821152413336184,-0.756063841485286,-0.7002426890719499,-0.756063841485286,-0.7002426890719499
1754083400,167.25,168.3,166.53,168.11,56579.804,-0.03585302185547845,-0.7450589663912979,-0.7092059445358194,-0.7450589663912979,-0.7092059445358194
1754083500,168.1,168.61,167.61,167.62,20051.964,-0.046262869868637146,-0.7670345318716159,-0.7207716620029787,-0.7670345318716159,-0.7207716620029787
1754083600,167.61,168.97,167.43,167.76,61805.472,-0.03485677425297451,-0.7643426298191969,-0.7294858555662224,-0.7643426298191969,-0.7294858555662224
1754083700,167.77,168.46,167.61,167.95,35877.938,-0.007104465365479706,-0.738366437273072,-0.7312619719075923,-0.738366437273072,-0.7312619719075923
1754083800,167.96,168.4,167.6,168.37,30192.718,0.04413276662334609,-0.6760960136284098,-0.7202287802517559,-0.6760960136284098,-0.7202287802517559
1754083900,168.36,168.36,167.2,167.34,23975.701,0.014767753029250263,-0.7017690889651931,-0.7165368419944433,-0.7017690889651931,-0.7165368419944433
1754084000,167.35,168.36,167.08,168.33,18602.609,0.06530019818010524,-0.6349115942693118,-0.700211792449417,-0.6349115942693118,-0.700211792449417
1754084100,168.32,168.6,167.89,168.14,17423.465,0.08780815266018849,-0.5904516016241814,-0.6782597542843699,-0.5904516016241814,-0.6782597542843699
1754084200,168.14,168.63,167.87,168.52,16550.288,0.12774693098037992,-0.518576090558895,-0.6463230215392749,-0.518576090558895,-0.6463230215392749
1754084300,168.52,168.75,167.94,168.6,19290.001,0.15708089499555689,-0.4499719027948288,-0.6070527987903857,-0.4499719027948288,-0.6070527987903857
1754084400,168.59,168.72,167.88,168.51,13083.193,0.1670232100051049,-0.3982737852840046,-0.56529681425679853,-0.3982737852840046,-0.56529681425679853
1754084500,168.51,168.66,167.8,168.05,27787.462,0.1402968072214148,-0.389925986262341,-0.5302227934837558,-0.389925986262341,-0.5302227934837558
1754084600,168.05,168.66,167.8,168.52,28426.272,0.15101886726091357,-0.3414492094076138,-0.4924680766685274,-0.3414492094076138,-0.4924680766685274
1754084700,168.52,169.23,168.49,169.2,23492.974,0.1977083370513108,-0.24533265535438886,-0.44304099240569966,-0.24533265535438886,-0.44304099240569966
1754084800,169.19,169.76,168.94,169.4,24904.027,0.23341084738705214,-0.15127743317188447,-0.3846882805589366,-0.15127743317188447,-0.3846882805589366
1754084900,169.41,169.41,168.55,169.15,19874.201,0.23110542054866123,-0.09580650487311004,-0.3269119254217713,-0.09580650487311004,-0.3269119254217713
1754085000,169.16,170.35,168.37,169.8,59575.814,0.2620073707447113,0.0005972880091178467,-0.26141008273559346,0.0005972880091178467,-0.26141008273559346
1754085100,169.81,169.81,168.81,169.02,39702.03,0.2202467031839769,0.013898296244377661,-0.20634840693959924,0.013898296244377661,-0.20634840693959924
1754085200,169.02,169.94,168.79,169.19,31776.476,0.2118490641533886,0.058462923252136534,-0.15338614090125208,0.058462923252136534,-0.15338614090125208
1754085300,169.19,169.74,168.8,168.85,37978.938,0.2056583345143997,-0.0706583345143997,-0.1356583345143997
1754085400,168.86,169.36,168.23,169.23,34106.629,0.2118490641533886,0.058462923252136534,-0.15338614090125208,0.058462923252136534,-0.15338614090125208
1754085500,169.23,169.48,168.58,169.4,37232.699,0.2218441955615625,-0.5569641955615625,-0.6782597542843699,-0.5569641955615625,-0.6782597542843699
1754085600,169.41,169.41,166.19,167.28,101150.168,0.04413276662334609,-0.6760960136284098,-0.7202287802517559,-0.6760960136284098,-0.7202287802517559
1754085700,167.21,168.06,166.67,167.25,54633.499,-0.055821152413336184,-0.756063841485286,-0.7002426890719499,-0.756063841485286,-0.7002426890719499
1754085800,167.25,168.3,166.53,168.11,56579.804,-0.03585302185547845,-0.7450589663912979,-0.7092059445358194,-0.7450589663912979,-0.7092059445358194
1754085900,168.1,168.61,167.61,167.62,20051.964,-0.046262869868637146,-0.7670345318716159,-0.7207716620029787,-0.7670345318716159,-0.7207716620029787
1754086000,167.61,168.97,167.43,167.76,61805.472,-0.03485677425297451,-0.7643426298191969,-0.7294858555662224,-0.7643426298191969,-0.7294858555662224
1754086100,167.77,168.46,167.61,167.95,35877.938,-0.007104465365479706,-0.738366437273072,-0.7312619719075923,-0.738366437273072,-0.7312619719075923
1754086200,167.96,168.4,167.6,168.37,30192.718,0.04413276662334609,-0.6760960136284098,-0.7202287802517559,-0.6760960136284098,-0.7202287802517559
1754086300,168.36,168.36,167.2,167.34,23975.701,0.014767753029250263,-0.7017690889651931,-0.7165368419944433,-0.7017690889651931,-0.7165368419944433
1754086400,167.35,168.36,167.08,168.33,18602.609,0.06530019818010524,-0.6349115942693118,-0.700211792449417,-0.6349115942693118,-0.700211792449417
1754086500,168.32,168.6,167.89,168.14,17423.465,0.08780815266018849,-0.5904516016241814,-0.6782597542843699,-0.5904516016241814,-0.6782597542843699
1754086600,168.14,168.63,167.87,168.52,16550.288,0.12774693098037992,-0.518576090558895,-0.6463230215392749,-0.518576090558895,-0.6463230215392749
1754086700,168.52,168.75,167.94,168.6,19290.001,0.15708089499555689,-0.4499719027948288,-0.6070527987903857,-0.4499719027948288,-0.6070527987903857
1754086800,168.59,168.72,167.88,168.51,13083.193,0.1670232100051049,-0.3982737852840046,-0.56529681425679853,-0.3982737852840046,-0.56529681425679853
1754086900,168.51,168.66,167.8,168.05,27787.462,0.1402968072214148,-0.389925986262341,-0.5302227934837558,-0.389925986262341,-0.5302227934837558
1754087000,168.05,168.66,167.8,168.52,28426.272,0.15101886726091357,-0.3414492094076138,-0.492468076668