source_file,symbol,asset_class,old_pnl,old_status,old_reason,new_pnl,new_status,new_reason,applied
alpha_engine\data\closed_picks.json,CT=F,COMMODITY,-0.032776,LOST,SL_HIT,-0.032776,LOST,SL_HIT_REPLAY,False
alpha_engine\data\closed_picks.json,CT=F,COMMODITY,-0.032776,LOST,SL_HIT,-0.032776,LOST,SL_HIT_REPLAY,False
alpha_engine\data\closed_picks.json,PEP,EQUITY,-0.020251,LOST,SL_HIT,-0.020251,LOST,SL_HIT_REPLAY,False
alpha_engine\data\closed_picks.json,KC=F,COMMODITY,-0.049054,LOST,SL_HIT,-0.03869,LOST,TIME_EXIT_REPLAY,False
alpha_engine\data\closed_picks.json,GBPJPY=X,FOREX,0.003415,WON,TP_HIT,0.003415,WON,TP_HIT_REPLAY,False
alpha_engine\data\closed_picks.json,KC=F,COMMODITY,-0.01,LOST,SL_HIT,-0.01,LOST,SL_HIT_REPLAY,False
alpha_engine\data\closed_picks.json,NZDUSD=X,FOREX,-0.001999,LOST,SL_HIT,0.003,WON,TP_HIT_REPLAY,False
alpha_engine\data\closed_picks.json,KC=F,COMMODITY,-0.01,LOST,SL_HIT,-0.01,LOST,SL_HIT_REPLAY,False
alpha_engine\data\closed_picks.json,CT=F,COMMODITY,-0.033315,LOST,SL_HIT,-0.033315,LOST,SL_HIT_REPLAY,False
alpha_engine\data\closed_picks.json,CT=F,COMMODITY,-0.033315,LOST,SL_HIT,-0.033315,LOST,SL_HIT_REPLAY,False
alpha_engine\data\closed_picks.json,CT=F,COMMODITY,-0.033315,LOST,SL_HIT,-0.033315,LOST,SL_HIT_REPLAY,False
alpha_engine\data\closed_picks.json,GBPJPY=X,FOREX,-0.015,LOST,SL_HIT,-0.015,LOST,SL_HIT_REPLAY,False
alpha_engine\data\closed_picks.json,EURGBP=X,CRYPTO,-0.02,LOST,SL_HIT,-0.02,LOST,SL_HIT_REPLAY,False
alpha_engine\data\closed_picks.json,EURGBP=X,CRYPTO,-0.02,LOST,SL_HIT,-0.02,LOST,SL_HIT_REPLAY,False
alpha_engine\data\closed_picks.json,EURGBP=X,CRYPTO,0.03,WON,TP_HIT,0.03,WON,TP_HIT_REPLAY,False
alpha_engine\data\closed_picks.json,GBPJPY=X,FOREX,-0.001776,LOST,PRICE_RESOLVED,-0.001692,LOST,TIME_EXIT_REPLAY,False
alpha_engine\data\closed_picks.json,EURGBP=X,FOREX,-0.002344,LOST,PRICE_RESOLVED,-3.5e-05,FLAT,TIME_EXIT_REPLAY,False
alpha_engine\data\closed_picks.json,CVX,EQUITY,0.01037,WON,TIME_EXPIRY,0.05,WON,TP_HIT_REPLAY,False
alpha_engine\data\closed_picks.json,JNJ,EQUITY,-0.013828,LOST,TIME_EXPIRY,-0.014478,LOST,TIME_EXIT_REPLAY,False
alpha_engine\data\closed_picks.json,PEP,EQUITY,0.035,WON,TP_HIT,0.035,WON,TP_HIT_REPLAY,False
alpha_engine\data\closed_picks.json,NZDUSD=X,FOREX,0.003,WON,TP_HIT,0.003,WON,TP_HIT_REPLAY,False
alpha_engine\data\closed_picks.json,CT=F,COMMODITY,-0.032087,LOST,SL_HIT,-0.032087,LOST,SL_HIT_REPLAY,False
alpha_engine\data\closed_picks.json,CT=F,COMMODITY,-0.032087,LOST,SL_HIT,-0.032087,LOST,SL_HIT_REPLAY,False
alpha_engine\data\closed_picks.json,USDCAD=X,FOREX,0.006347,WON,TP_HIT,0.006347,WON,TP_HIT_REPLAY,False
alpha_engine\data\closed_picks.json,CT=F,COMMODITY,-0.031105,LOST,SL_HIT,-0.031105,LOST,SL_HIT_REPLAY,False
alpha_engine\data\closed_picks.json,CT=F,COMMODITY,-0.031105,LOST,SL_HIT,-0.031105,LOST,SL_HIT_REPLAY,False
alpha_engine\data\closed_picks_fast.json,AUDJPY=X,FOREX,-0.006163,LOST,SL_HIT,0.030948,WON,TP_HIT_REPLAY,False
alpha_engine\data\closed_picks_fast.json,AUDJPY=X,FOREX,-0.009368,LOST,SL_HIT,0.02504,WON,TP_HIT_REPLAY,False
alpha_engine\data\closed_picks_fast.json,AUDJPY=X,FOREX,-0.009267,LOST,SL_HIT,-0.009267,LOST,SL_HIT_REPLAY,False
alpha_engine\data\closed_picks_fast.json,COIN,CRYPTO,0.005806,WON,TIME_EXPIRY,0.167776,WON,TP_HIT_REPLAY,False
alpha_engine\data\closed_picks_fast.json,EURUSD=X,FOREX,-0.00905,LOST,SL_HIT,0.022633,WON,TP_HIT_REPLAY,False
alpha_engine\data\closed_picks_fast.json,USDCAD=X,FOREX,-0.001241,LOST,SL_HIT,-0.001241,LOST,SL_HIT_REPLAY,False
alpha_engine\data\closed_picks_fast.json,EURUSD=X,FOREX,-0.011291,LOST,SL_HIT,0.022668,WON,TP_HIT_REPLAY,False
alpha_engine\data\closed_picks_fast.json,GBPUSD=X,FOREX,-0.008198,LOST,SL_HIT,-0.008198,LOST,SL_HIT_REPLAY,False
alpha_engine\data\closed_picks_fast.json,NZDUSD=X,FOREX,-0.012084,LOST,SL_HIT,-0.012084,LOST,SL_HIT_REPLAY,False
alpha_engine\data\closed_picks_fast.json,EURUSD=X,FOREX,-0.008133,LOST,SL_HIT,-0.008133,LOST,SL_HIT_REPLAY,False
alpha_engine\data\closed_picks_fast.json,EURJPY=X,FOREX,-0.00698,LOST,SL_HIT,-0.00698,LOST,SL_HIT_REPLAY,False
alpha_engine\data\closed_picks_fast.json,NZDUSD=X,FOREX,-0.013097,LOST,SL_HIT,-0.012084,LOST,SL_HIT_REPLAY,False
alpha_engine\data\closed_picks_fast.json,GBPUSD=X,FOREX,-0.009206,LOST,SL_HIT,-0.008198,LOST,SL_HIT_REPLAY,False
alpha_engine\data\closed_picks_fast.json,EURJPY=X,FOREX,-0.007987,LOST,SL_HIT,-0.00698,LOST,SL_HIT_REPLAY,False
alpha_engine\data\closed_picks_fast.json,AUDJPY=X,CRYPTO,0.018114,WON,TIME_EXPIRY,0.031877,WON,TP_HIT_REPLAY,False
alpha_engine\data\closed_picks_fast.json,NVDA,STOCK,-0.02749,LOST,SL_HIT,0.049653,WON,TP_HIT_REPLAY,False
alpha_engine\data\closed_picks_fast.json,SI=F,CRYPTO,-0.023987,LOST,SL_HIT,-0.022791,LOST,SL_HIT_REPLAY,False
alpha_engine\data\closed_picks_fast.json,NZDUSD=X,FOREX,-0.012871,LOST,SL_HIT,-0.011859,LOST,SL_HIT_REPLAY,False
alpha_engine\data\closed_picks_fast.json,GBPJPY=X,FOREX,,EXPIRED,GRADE_GATE,-0.006122,LOST,SL_HIT_REPLAY,False
alpha_engine\data\closed_picks_fast.json,QQQ,STOCK,,EXPIRED,GRADE_GATE,-0.026814,LOST,SL_HIT_REPLAY,False
alpha_engine\data\closed_picks_fast.json,EURUSD=X,FOREX,,EXPIRED,GRADE_GATE,0.024424,WON,TP_HIT_REPLAY,False
alpha_engine\data\closed_picks_fast.json,IWM,ETF,,EXPIRED,GRADE_GATE,0.044461,WON,TP_HIT_REPLAY,False
alpha_engine\data\closed_picks_fast.json,TSLA,STOCK,,EXPIRED,GRADE_GATE,-0.051802,LOST,SL_HIT_REPLAY,False
alpha_engine\data\closed_picks_fast.json,QQQ,STOCK,,EXPIRED,GRADE_GATE,-0.013031,LOST,SL_HIT_REPLAY,False
alpha_engine\data\closed_picks_fast.json,AUDJPY=X,FOREX,,EXPIRED,GRADE_GATE,-0.015461,LOST,SL_HIT_REPLAY,False
alpha_engine\data\closed_picks_fast.json,HYG,ETF,,EXPIRED,GRADE_GATE,0.011681,WON,TP_HIT_REPLAY,False
alpha_engine\data\closed_picks_fast.json,AAPL,STOCK,,EXPIRED,GRADE_GATE,0.085839,WON,TP_HIT_REPLAY,False
alpha_engine\data\closed_picks_fast.json,GC=F,EQUITY,,EXPIRED,GRADE_GATE,-0.015766,LOST,SL_HIT_REPLAY,False
alpha_engine\data\closed_picks_fast.json,AUDUSD=X,FOREX,,EXPIRED,GRADE_GATE,-0.00829,LOST,SL_HIT_REPLAY,False
alpha_engine\data\closed_picks_fast.json,SPY,STOCK,,EXPIRED,GRADE_GATE,-0.021577,LOST,SL_HIT_REPLAY,False
alpha_engine\data\closed_picks_fast.json,GBPJPY=X,FOREX,,EXPIRED,GRADE_GATE,0.022575,WON,TIME_EXIT_REPLAY,False
alpha_engine\data\closed_picks_fast.json,AAPL,STOCK,,EXPIRED,GRADE_GATE,0.073565,WON,TP_HIT_REPLAY,False
alpha_engine\data\closed_picks_fast.json,SPY,STOCK,,EXPIRED,GRADE_GATE,-0.021577,LOST,SL_HIT_REPLAY,False
alpha_engine\data\closed_picks_fast.json,TSLA,CRYPTO,,EXPIRED,GRADE_GATE,-0.051802,LOST,SL_HIT_REPLAY,False
alpha_engine\data\closed_picks_fast.json,NVDA,STOCK,,EXPIRED,GRADE_GATE,-0.023875,LOST,SL_HIT_REPLAY,False
alpha_engine\data\closed_picks_fast.json,IWM,STOCK,,EXPIRED,GRADE_GATE,0.07036,WON,TP_HIT_REPLAY,False
alpha_engine\data\closed_picks_fast.json,EURUSD=X,FOREX,,EXPIRED,GRADE_GATE,0.025676,WON,TP_HIT_REPLAY,False
alpha_engine\data\closed_picks_fast.json,USDJPY=X,FOREX,,EXPIRED,GRADE_GATE,-0.009446,LOST,SL_HIT_REPLAY,False
alpha_engine\data\closed_picks_fast.json,SLV,STOCK,,EXPIRED,GRADE_GATE,-0.099235,LOST,SL_HIT_REPLAY,False
alpha_engine\data\closed_picks_fast.json,USDCHF=X,FOREX,,EXPIRED,GRADE_GATE,-0.010403,LOST,SL_HIT_REPLAY,False
alpha_engine\data\closed_picks_fast.json,GLD,STOCK,,EXPIRED,GRADE_GATE,-0.039465,LOST,SL_HIT_REPLAY,False
alpha_engine\data\closed_picks_fast.json,SPY,STOCK,,EXPIRED,GRADE_GATE,-0.021407,LOST,SL_HIT_REPLAY,False
alpha_engine\data\closed_picks_fast.json,SPY,STOCK,,EXPIRED,GRADE_GATE,-0.010703,LOST,SL_HIT_REPLAY,False
alpha_engine\data\closed_picks_fast.json,SPY,STOCK,0.002631,WON,TIME_EXPIRY,-0.021404,LOST,SL_HIT_REPLAY,False
alpha_engine\data\closed_picks_fast.json,QQQ,STOCK,0.00488,WON,TIME_EXPIRY,-0.026433,LOST,SL_HIT_REPLAY,False
alpha_engine\data\closed_picks_fast.json,NVDA,STOCK,-0.007041,LOST,TIME_EXPIRY,-0.025216,LOST,SL_HIT_REPLAY,False
alpha_engine\data\closed_picks_fast.json,TSLA,STOCK,0.009379,WON,TIME_EXPIRY,-0.052533,LOST,SL_HIT_REPLAY,False
