open_time,open,high,low,close,volume,close_time,quote_volume,trades,taker_buy_base_volume,taker_buy_quote_volume,symbol,open_time_formatted,close_time_formatted
1739577600000,26.38,26.97,25.38,25.48,880943.46,1739663999999,22959101.3097,115586,414675.72,10812671.9405,AVAXUSDT,2025-02-15,2025-02-15 23:59:59.999
1739664000000,25.49,25.59,24.74,24.85,1050638.52,1739750399999,26467002.9519,114085,526360.02,13267372.2716,AVAXUSDT,2025-02-16,2025-02-16 23:59:59.999
1739750400000,24.86,25.95,24.43,25.03,1756982.01,1739836799999,44270096.3329,205132,857263.6,21601725.6107,AVAXUSDT,2025-02-17,2025-02-17 23:59:59.999
1739836800000,25.04,25.12,22.93,23.52,2182686.86,1739923199999,51671352.225,303459,987356.2,23415647.0432,AVAXUSDT,2025-02-18,2025-02-18 23:59:59.999
1739923200000,23.53,24.02,22.98,23.74,1684111.7,1740009599999,39830964.9959,184576,817297.13,19339816.1633,AVAXUSDT,2025-02-19,2025-02-19 23:59:59.999
1740009600000,23.73,25.35,23.72,25.15,2019666.25,1740095999999,49698632.5128,200576,962090.34,23669770.1311,AVAXUSDT,2025-02-20,2025-02-20 23:59:59.999
1740096000000,25.15,26.54,23.77,24.54,3693083.33,1740182399999,93158496.7842,382990,1797550.19,45388852.4449,AVAXUSDT,2025-02-21,2025-02-21 23:59:59.999
1740182400000,24.54,26.37,24.44,25.83,2159273.44,1740268799999,55008685.3541,208567,1039613.35,26464811.1102,AVAXUSDT,2025-02-22,2025-02-22 23:59:59.999
1740268800000,25.84,25.98,24.4,24.85,1371001.72,1740355199999,34383537.2343,148440,665239.85,16676573.7604,AVAXUSDT,2025-02-23,2025-02-23 23:59:59.999
1740355200000,24.85,25.18,21.47,21.88,2988167.3,1740441599999,69436665.5074,369982,1397376.5,32473653.6198,AVAXUSDT,2025-02-24,2025-02-24 23:59:59.999
1740441600000,21.88,22.34,20.3,21.94,5702796.73,1740527999999,121123997.5943,567068,2895042.62,61560015.2213,AVAXUSDT,2025-02-25,2025-02-25 23:59:59.999
1740528000000,21.94,22.59,21.0,21.87,3583388.79,1740614399999,78322118.175,354172,1731562.49,37879008.1404,AVAXUSDT,2025-02-26,2025-02-26 23:59:59.999
1740614400000,21.88,23.39,21.65,22.52,2709549.54,1740700799999,61273125.5863,274989,1347517.78,30470817.9846,AVAXUSDT,2025-02-27,2025-02-27 23:59:59.999
1740700800000,22.53,22.61,20.23,22.37,4866833.75,1740787199999,103422389.1454,390828,2446910.38,51977011.2264,AVAXUSDT,2025-02-28,2025-02-28 23:59:59.999
1740787200000,22.38,22.5,21.05,21.86,1582538.68,1740873599999,34477528.8809,145442,802018.81,17481945.285,AVAXUSDT,2025-03-01,2025-03-01 23:59:59.999
1740873600000,21.87,24.99,21.56,24.95,5943544.61,1740959999999,139096246.2803,501795,2899560.25,67872144.4076,AVAXUSDT,2025-03-02,2025-03-02 23:59:59.999
1740960000000,24.95,25.12,20.58,20.95,5065494.28,1741046399999,115053851.0895,491084,2440662.22,55341756.3593,AVAXUSDT,2025-03-03,2025-03-03 23:59:59.999
1741046400000,20.96,21.11,18.84,20.0,7079770.52,1741132799999,141421209.3369,629235,3499440.25,69930422.4607,AVAXUSDT,2025-03-04,2025-03-04 23:59:59.999
1741132800000,19.99,22.48,19.69,21.73,5087934.65,1741219199999,106170321.9242,384524,2554468.25,53323244.088,AVAXUSDT,2025-03-05,2025-03-05 23:59:59.999
1741219200000,21.73,22.57,20.89,20.99,3392070.57,1741305599999,73529163.9997,327922,1656401.96,35904386.5331,AVAXUSDT,2025-03-06,2025-03-06 23:59:59.999
1741305600000,21.0,21.32,19.68,20.14,4832190.14,1741391999999,99216520.7926,430605,2347414.21,48214019.0017,AVAXUSDT,2025-03-07,2025-03-07 23:59:59.999
1741392000000,20.14,21.1,19.42,20.49,2408378.09,1741478399999,48799426.9391,221625,1219074.03,24714548.2384,AVAXUSDT,2025-03-08,2025-03-08 23:59:59.999
1741478400000,20.5,20.69,17.76,17.97,2853469.06,1741564799999,53567494.2243,261847,1317906.97,24757223.3642,AVAXUSDT,2025-03-09,2025-03-09 23:59:59.999
1741564800000,17.98,19.06,16.14,16.26,5594677.27,1741651199999,97887232.2178,468913,2720513.86,47618722.3516,AVAXUSDT,2025-03-10,2025-03-10 23:59:59.999
1741651200000,16.26,17.91,15.27,17.51,7468057.14,1741737599999,125898176.6961,474716,3686050.69,62115046.0819,AVAXUSDT,2025-03-11,2025-03-11 23:59:59.999
1741737600000,17.51,18.98,16.95,18.91,3790676.49,1741823999999,68699303.4944,292452,1867237.75,33852117.0938,AVAXUSDT,2025-03-12,2025-03-12 23:59:59.999
1741824000000,18.92,19.33,17.73,18.5,3010210.36,1741910399999,56114838.3378,254820,1491835.92,27829879.2882,AVAXUSDT,2025-03-13,2025-03-13 23:59:59.999
1741910400000,18.51,19.31,18.46,18.58,2623693.56,1741996799999,49382522.0337,184398,1326350.22,24972407.2113,AVAXUSDT,2025-03-14,2025-03-14 23:59:59.999
1741996800000,18.58,19.47,18.37,19.4,2550418.34,1742083199999,47865003.7058,182174,1339375.71,25141886.157,AVAXUSDT,2025-03-15,2025-03-15 23:59:59.999
1742083200000,19.39,19.85,18.12,18.25,2170899.75,1742169599999,40969548.7115,200582,1015056.92,19178055.9761,AVAXUSDT,2025-03-16,2025-03-16 23:59:59.999
1742169600000,18.26,19.09,18.2,18.82,1988333.14,1742255999999,36971660.9853,164503,980174.68,18234865.186,AVAXUSDT,2025-03-17,2025-03-17 23:59:59.999
1742256000000,18.83,19.28,18.32,18.97,2168023.22,1742342399999,40601532.7985,203824,1078874.53,20205950.14,AVAXUSDT,2025-03-18,2025-03-18 23:59:59.999
1742342400000,18.97,20.1,18.84,19.74,3243124.39,1742428799999,63209350.0208,292647,1668474.64,32529940.6128,AVAXUSDT,2025-03-19,2025-03-19 23:59:59.999
1742428800000,19.74,19.86,18.41,18.74,1835276.74,1742515199999,34882936.5782,153031,933356.44,17746606.8248,AVAXUSDT,2025-03-20,2025-03-20 23:59:59.999
1742515200000,18.75,19.49,18.36,19.18,1398814.97,1742601599999,26361091.9,119003,630503.4,11887644.1934,AVAXUSDT,2025-03-21,2025-03-21 23:59:59.999
1742601600000,19.19,19.74,19.08,19.43,1024746.34,1742687999999,19927143.8146,86504,424488.27,8257723.608,AVAXUSDT,2025-03-22,2025-03-22 23:59:59.999
1742688000000,19.43,19.85,19.31,19.82,931913.86,1742774399999,18218893.4998,82278,466699.01,9126440.3661,AVAXUSDT,2025-03-23,2025-03-23 23:59:59.999
1742774400000,19.82,22.14,19.78,21.48,3286114.76,1742860799999,70137438.4496,271256,1700767.78,36269342.0548,AVAXUSDT,2025-03-24,2025-03-24 23:59:59.999
1742860800000,21.49,23.46,21.29,22.9,2480199.49,1742947199999,55666156.96,236458,1273196.17,28573908.8489,AVAXUSDT,2025-03-25,2025-03-25 23:59:59.999
1742947200000,22.91,23.25,21.83,22.04,1937359.3,1743033599999,43449904.9655,167441,917406.12,20614115.8178,AVAXUSDT,2025-03-26,2025-03-26 23:59:59.999
1743033600000,22.05,22.38,21.63,22.02,1464098.29,1743119999999,32253008.4496,130407,705931.16,15557174.218,AVAXUSDT,2025-03-27,2025-03-27 23:59:59.999
1743120000000,22.03,22.19,19.77,20.36,2326905.48,1743206399999,48054422.387,191564,1099451.77,22685639.8666,AVAXUSDT,2025-03-28,2025-03-28 23:59:59.999
1743206400000,20.37,20.54,19.46,19.6,1829316.22,1743292799999,36504610.3305,154664,858915.02,17152022.637,AVAXUSDT,2025-03-29,2025-03-29 23:59:59.999
1743292800000,19.6,19.91,18.69,18.86,1847685.92,1743379199999,35696938.21,153442,887820.71,17153204.0566,AVAXUSDT,2025-03-30,2025-03-30 23:59:59.999
1743379200000,18.87,19.12,18.18,18.77,2071811.15,1743465599999,38779225.2074,191836,1079992.51,20218882.2344,AVAXUSDT,2025-03-31,2025-03-31 23:59:59.999
1743465600000,18.78,19.95,18.72,19.82,2184703.13,1743551999999,42539275.3153,170214,1102470.52,21477955.689,AVAXUSDT,2025-04-01,2025-04-01 23:59:59.999
1743552000000,19.83,19.9,17.76,17.99,4154300.33,1743638399999,79695314.8266,331745,2024389.78,38822988.878,AVAXUSDT,2025-04-02,2025-04-02 23:59:59.999
1743638400000,17.98,18.99,17.58,18.15,2568740.81,1743724799999,46698936.2102,206603,1231634.08,22403039.7696,AVAXUSDT,2025-04-03,2025-04-03 23:59:59.999
1743724800000,18.16,18.77,17.61,18.19,2567824.38,1743811199999,46526960.4437,218548,1306085.9,23656289.4142,AVAXUSDT,2025-04-04,2025-04-04 23:59:59.999
1743811200000,18.18,18.37,17.69,17.87,892954.09,1743897599999,16053024.7534,69064,346723.74,6245199.5857,AVAXUSDT,2025-04-05,2025-04-05 23:59:59.999
1743897600000,17.88,17.92,15.62,16.04,2995334.12,1743983999999,50269103.4019,211162,1370719.75,22949877.2904,AVAXUSDT,2025-04-06,2025-04-06 23:59:59.999
1743984000000,16.05,17.23,14.66,16.68,7001164.45,1744070399999,112072613.5996,529203,3387471.67,54286415.3537,AVAXUSDT,2025-04-07,2025-04-07 23:59:59.999
1744070400000,16.69,17.74,15.94,16.15,3013852.32,1744156799999,50680687.3626,248240,1353174.35,22773635.1369,AVAXUSDT,2025-04-08,2025-04-08 23:59:59.999
1744156800000,16.16,18.91,15.59,18.44,5039404.19,1744243199999,87358685.7385,408307,2444745.86,42426016.2833,AVAXUSDT,2025-04-09,2025-04-09 23:59:59.999
1744243200000,18.44,18.45,17.55,18.31,2260469.93,1744329599999,40856524.9191,188169,1092758.94,19764466.1828,AVAXUSDT,2025-04-10,2025-04-10 23:59:59.999
1744329600000,18.31,19.57,18.31,19.12,2645844.68,1744415999999,50243726.5795,192222,1517699.54,28847438.2861,AVAXUSDT,2025-04-11,2025-04-11 23:59:59.999
1744416000000,19.13,21.03,18.84,20.49,2565460.53,1744502399999,51164785.4125,176306,1285097.65,25633741.8841,AVAXUSDT,2025-04-12,2025-04-12 23:59:59.999
1744502400000,20.5,20.68,19.27,19.59,2081180.7,1744588799999,41435383.9504,165364,973248.9,19373357.3017,AVAXUSDT,2025-04-13,2025-04-13 23:59:59.999
1744588800000,19.6,20.68,19.55,20.11,2493602.65,1744675199999,50354679.0092,222343,1261013.85,25457993.2788,AVAXUSDT,2025-04-14,2025-04-14 23:59:59.999
1744675200000,20.12,20.28,18.96,19.01,1992562.14,1744761599999,39340073.8086,180495,934500.08,18477771.6767,AVAXUSDT,2025-04-15,2025-04-15 23:59:59.999
1744761600000,19.01,19.3,18.5,18.76,1866616.8,1744847999999,35218492.2373,186846,917634.77,17325193.023,AVAXUSDT,2025-04-16,2025-04-16 23:59:59.999
1744848000000,18.75,19.56,18.69,19.05,1310110.82,1744934399999,25172332.3713,132090,651139.47,12515807.6749,AVAXUSDT,2025-04-17,2025-04-17 23:59:59.999
1744934400000,19.06,19.34,18.85,19.07,717388.72,1745020799999,13686565.8289,75533,339893.27,6485677.1641,AVAXUSDT,2025-04-18,2025-04-18 23:59:59.999
1745020800000,19.07,20.36,19.03,19.89,1150790.73,1745107199999,22727767.9792,117853,556451.82,10974133.8164,AVAXUSDT,2025-04-19,2025-04-19 23:59:59.999
1745107200000,19.89,20.04,19.23,19.51,968529.05,1745193599999,18959174.4691,87915,492119.22,9638827.858,AVAXUSDT,2025-04-20,2025-04-20 23:59:59.999
1745193600000,19.51,20.95,19.51,19.92,2363765.38,1745279999999,47952952.1332,206436,1205906.07,24456211.0475,AVAXUSDT,2025-04-21,2025-04-21 23:59:59.999
1745280000000,19.92,22.3,19.44,22.11,3142750.25,1745366399999,66139435.1782,302341,1608556.06,33825688.9382,AVAXUSDT,2025-04-22,2025-04-22 23:59:59.999
1745366400000,22.11,23.08,21.88,22.33,3055259.88,1745452799999,68661297.3,330659,1489301.5,33492044.0682,AVAXUSDT,2025-04-23,2025-04-23 23:59:59.999
1745452800000,22.34,22.64,21.61,22.37,1922790.32,1745539199999,42587258.3043,218568,929952.97,20602216.4482,AVAXUSDT,2025-04-24,2025-04-24 23:59:59.999
1745539200000,22.38,22.87,21.77,22.17,2307424.43,1745625599999,51711129.2556,236089,1188299.23,26651335.0786,AVAXUSDT,2025-04-25,2025-04-25 23:59:59.999
1745625600000,22.17,22.99,21.72,22.42,1837182.04,1745711999999,40923431.6444,191332,868227.88,19348505.4423,AVAXUSDT,2025-04-26,2025-04-26 23:59:59.999
1745712000000,22.41,22.8,21.65,21.71,1405919.05,1745798399999,31126231.0543,179269,641178.04,14204246.4704,AVAXUSDT,2025-04-27,2025-04-27 23:59:59.999
1745798400000,21.72,22.43,21.02,21.84,2387195.87,1745884799999,52073415.8734,244850,1164929.58,25416904.8744,AVAXUSDT,2025-04-28,2025-04-28 23:59:59.999
1745884800000,21.84,22.3,21.27,21.57,1849977.57,1745971199999,40576282.7602,196135,913572.53,20064510.7626,AVAXUSDT,2025-04-29,2025-04-29 23:59:59.999
1745971200000,21.56,21.94,20.36,20.92,2032986.84,1746057599999,42991436.4224,196036,968779.26,20473257.0277,AVAXUSDT,2025-04-30,2025-04-30 23:59:59.999
1746057600000,20.91,21.87,20.81,21.64,2133588.19,1746143999999,45632481.5394,170167,1118240.79,23923015.1368,AVAXUSDT,2025-05-01,2025-05-01 23:59:59.999
1746144000000,21.64,22.19,20.97,21.25,1781738.14,1746230399999,38255276.4756,173594,890657.22,19125028.293,AVAXUSDT,2025-05-02,2025-05-02 23:59:59.999
1746230400000,21.26,21.28,20.49,20.52,1026816.5,1746316799999,21408406.8564,85636,481097.73,10037370.7761,AVAXUSDT,2025-05-03,2025-05-03 23:59:59.999
1746316800000,20.53,20.63,19.76,19.91,1135995.1,1746403199999,22868619.5267,112606,529412.78,10657636.7406,AVAXUSDT,2025-05-04,2025-05-04 23:59:59.999
1746403200000,19.91,20.24,19.3,19.69,1425147.33,1746489599999,28146509.3088,121494,678525.85,13404449.4111,AVAXUSDT,2025-05-05,2025-05-05 23:59:59.999
1746489600000,19.69,20.13,19.27,20.01,1370974.68,1746575999999,27023837.2436,137363,635380.5,12536484.7864,AVAXUSDT,2025-05-06,2025-05-06 23:59:59.999
1746576000000,20.01,20.25,19.09,19.55,1742392.2,1746662399999,34142291.6819,152566,857226.62,16781020.5377,AVAXUSDT,2025-05-07,2025-05-07 23:59:59.999
1746662400000,19.55,22.17,19.49,22.16,3458163.09,1746748799999,72841350.7856,279818,1836049.22,38673327.6574,AVAXUSDT,2025-05-08,2025-05-08 23:59:59.999
1746748800000,22.16,24.01,21.96,23.27,4452531.81,1746835199999,102519688.405,399378,2132342.07,49058984.9129,AVAXUSDT,2025-05-09,2025-05-09 23:59:59.999
1746835200000,23.27,25.97,23.01,25.82,4159813.91,1746921599999,101624346.2023,391744,2027187.96,49521098.2231,AVAXUSDT,2025-05-10,2025-05-10 23:59:59.999
1746921600000,25.81,26.02,24.16,24.78,2729887.08,1747007999999,68150117.3342,311422,1294597.22,32333402.8005,AVAXUSDT,2025-05-11,2025-05-11 23:59:59.999
1747008000000,24.79,26.84,23.73,24.83,5218008.53,1747094399999,131614493.6047,509067,2528914.58,63863607.807,AVAXUSDT,2025-05-12,2025-05-12 23:59:59.999
1747094400000,24.83,26.25,23.45,25.72,2925803.5,1747180799999,72716442.2431,306181,1451626.74,36090944.295,AVAXUSDT,2025-05-13,2025-05-13 23:59:59.999
1747180800000,25.72,26.54,24.74,24.96,2672732.93,1747267199999,68678206.3357,319358,1296082.96,33340911.1156,AVAXUSDT,2025-05-14,2025-05-14 23:59:59.999
1747267200000,24.95,25.13,22.94,23.5,3638550.04,1747353599999,86761937.605,358053,1803654.57,43032004.6361,AVAXUSDT,2025-05-15,2025-05-15 23:59:59.999
1747353600000,23.51,24.05,22.67,23.06,2227565.34,1747439999999,52512748.3983,242918,1046983.75,24713756.8918,AVAXUSDT,2025-05-16,2025-05-16 23:59:59.999
1747440000000,23.06,23.14,21.97,22.17,1687574.64,1747526399999,38022312.1884,191589,754645.02,17000457.3922,AVAXUSDT,2025-05-17,2025-05-17 23:59:59.999
1747526400000,22.18,23.86,21.56,23.06,2886141.5,1747612799999,65624125.9404,263970,1457216.47,33159893.4887,AVAXUSDT,2025-05-18,2025-05-18 23:59:59.999
1747612800000,23.06,23.2,21.26,22.25,2300923.36,1747699199999,50650958.3385,228547,1091978.19,24060821.1958,AVAXUSDT,2025-05-19,2025-05-19 23:59:59.999
1747699200000,22.25,22.82,21.75,22.6,2363016.87,1747785599999,52681440.0096,224065,1146214.74,25560383.0664,AVAXUSDT,2025-05-20,2025-05-20 23:59:59.999
1747785600000,22.61,23.81,22.15,23.17,3700764.84,1747871999999,84517794.0543,357335,1812264.21,41410192.2618,AVAXUSDT,2025-05-21,2025-05-21 23:59:59.999
1747872000000,23.18,25.43,23.13,25.26,4544921.58,1747958399999,112080848.1633,392026,2259593.8,55688874.8978,AVAXUSDT,2025-05-22,2025-05-22 23:59:59.999
1747958400000,25.26,25.98,22.92,23.07,4705888.32,1748044799999,116259960.8171,471129,2082476.26,51472113.0236,AVAXUSDT,2025-05-23,2025-05-23 23:59:59.999
1748044800000,23.08,23.48,22.75,22.96,1900215.75,1748131199999,43939870.4176,204181,896234.73,20732120.1596,AVAXUSDT,2025-05-24,2025-05-24 23:59:59.999
1748131200000,22.96,23.47,22.03,23.45,1560632.88,1748217599999,35290419.9525,179472,751470.23,17005338.5714,AVAXUSDT,2025-05-25,2025-05-25 23:59:59.999
1739577600000,659.72,671.43,653.46,662.21,255950.897,1739663999999,169188074.94996,994231,126083.904,83327781.69396,BNBUSDT,2025-02-15,2025-02-15 23:59:59.999
1739664000000,662.21,686.04,653.11,673.1,362205.963,1739750399999,242885041.45402,1291598,181474.264,121707666.57568,BNBUSDT,2025-02-16,2025-02-16 23:59:59.999
1739750400000,673.1,682.29,657.99,667.51,323350.276,1739836799999,217073600.40769,1237030,165338.553,111023518.19536,BNBUSDT,2025-02-17,2025-02-17 23:59:59.999
1739836800000,667.52,668.3,629.65,648.18,366356.988,1739923199999,237605531.27277,1391692,177257.309,115012941.00804,BNBUSDT,2025-02-18,2025-02-18 23:59:59.999
1739923200000,648.19,664.44,636.99,653.38,352798.243,1740009599999,230093608.31893,1191211,193133.819,125969321.17783,BNBUSDT,2025-02-19,2025-02-19 23:59:59.999
1740009600000,653.38,659.03,645.88,656.36,215894.368,1740095999999,140683645.98812,881876,106050.773,69114738.66123,BNBUSDT,2025-02-20,2025-02-20 23:59:59.999
1740096000000,656.36,668.5,635.0,647.47,317327.155,1740182399999,207737127.35011,1188753,147783.357,96718918.23002,BNBUSDT,2025-02-21,2025-02-21 23:59:59.999
1740182400000,647.47,679.9,645.21,668.57,297923.184,1740268799999,197901565.80744,943929,155840.869,103524783.65619,BNBUSDT,2025-02-22,2025-02-22 23:59:59.999
1740268800000,668.57,671.1,648.49,658.42,166658.013,1740355199999,110014935.59318,575895,84848.026,56019771.32977,BNBUSDT,2025-02-23,2025-02-23 23:59:59.999
1740355200000,658.41,659.56,610.6,614.2,360147.153,1740441599999,228275603.70987,1455350,166933.094,105832570.00856,BNBUSDT,2025-02-24,2025-02-24 23:59:59.999
1740441600000,614.19,628.7,586.0,623.49,647434.612,1740527999999,393335861.56722,2577232,318885.089,193882659.92564,BNBUSDT,2025-02-25,2025-02-25 23:59:59.999
1740528000000,623.49,632.14,594.07,611.57,428035.431,1740614399999,263292239.55094,1692118,219184.862,134818476.5011,BNBUSDT,2025-02-26,2025-02-26 23:59:59.999
1740614400000,611.57,619.77,595.84,605.41,295518.116,1740700799999,180214548.10665,1226636,148033.753,90303218.43496,BNBUSDT,2025-02-27,2025-02-27 23:59:59.999
1740700800000,605.41,606.33,559.71,588.07,600999.319,1740787199999,348100030.61127,2432030,290649.36,168356328.2758,BNBUSDT,2025-02-28,2025-02-28 23:59:59.999
1740787200000,588.07,609.48,586.4,607.93,292254.356,1740873599999,174627265.35593,907408,138923.865,83069359.86372,BNBUSDT,2025-03-01,2025-03-01 23:59:59.999
1740873600000,607.94,635.01,601.5,623.94,469069.23,1740959999999,290922261.43101,1562454,245101.1,152067918.41563,BNBUSDT,2025-03-02,2025-03-02 23:59:59.999
1740960000000,623.94,624.36,567.5,576.1,497949.879,1741046399999,296931073.33352,1973288,241553.666,144072117.41662,BNBUSDT,2025-03-03,2025-03-03 23:59:59.999
1741046400000,576.09,588.75,546.83,584.01,488869.851,1741132799999,277254366.05704,2272449,239364.916,135969624.60744,BNBUSDT,2025-03-04,2025-03-04 23:59:59.999
1741132800000,584.01,606.06,580.57,598.24,206205.988,1741219199999,122536170.87545,1100570,109983.898,65363592.43801,BNBUSDT,2025-03-05,2025-03-05 23:59:59.999
1741219200000,598.25,612.9,589.2,596.5,223701.39,1741305599999,134753375.22754,988783,115838.986,69810960.69956,BNBUSDT,2025-03-06,2025-03-06 23:59:59.999
1741305600000,596.49,610.2,577.23,594.77,289363.933,1741391999999,172750428.92419,1444209,139088.377,83079063.06782,BNBUSDT,2025-03-07,2025-03-07 23:59:59.999
1741392000000,594.77,602.77,590.11,593.1,117220.631,1741478399999,69991200.96482,584699,61572.326,36775210.39153,BNBUSDT,2025-03-08,2025-03-08 23:59:59.999
1741478400000,593.1,593.1,550.2,554.65,246382.904,1741564799999,140015234.56134,1116177,114473.664,65068828.59632,BNBUSDT,2025-03-09,2025-03-09 23:59:59.999
1741564800000,554.65,573.4,523.01,531.49,410154.62,1741651199999,225187261.71934,1870843,180204.628,99065035.02858,BNBUSDT,2025-03-10,2025-03-10 23:59:59.999
1741651200000,531.49,566.0,507.0,551.61,691870.521,1741737599999,377448189.6883,2542958,356080.306,194509409.31414,BNBUSDT,2025-03-11,2025-03-11 23:59:59.999
1741737600000,551.61,574.95,544.63,569.87,367224.211,1741823999999,205368085.28517,1256293,193847.468,108461303.66392,BNBUSDT,2025-03-12,2025-03-12 23:59:59.999
1741824000000,569.87,613.71,567.99,579.8,647497.028,1741910399999,379822302.22007,1747273,334188.046,196105919.06673,BNBUSDT,2025-03-13,2025-03-13 23:59:59.999
1741910400000,579.8,589.81,576.61,587.76,213012.082,1741996799999,124194131.58567,762657,119668.704,69802426.5705,BNBUSDT,2025-03-14,2025-03-14 23:59:59.999
1741996800000,587.76,619.96,587.49,619.83,254324.009,1742083199999,153638521.26638,782849,145822.969,88061716.82361,BNBUSDT,2025-03-15,2025-03-15 23:59:59.999
1742083200000,619.82,622.8,593.06,602.2,255774.316,1742169599999,154620391.15023,894863,128315.116,77571862.18962,BNBUSDT,2025-03-16,2025-03-16 23:59:59.999
1742169600000,602.21,643.72,602.04,631.69,591668.184,1742255999999,372213621.75484,1356953,315023.627,198094659.14582,BNBUSDT,2025-03-17,2025-03-17 23:59:59.999
1742256000000,631.68,643.33,620.28,627.81,443437.833,1742342399999,280327124.87383,1122369,234818.226,148510772.63949,BNBUSDT,2025-03-18,2025-03-18 23:59:59.999
1742342400000,627.81,628.2,604.36,618.7,399993.645,1742428799999,246061914.58732,1063862,198921.712,122395842.79462,BNBUSDT,2025-03-19,2025-03-19 23:59:59.999
1742428800000,618.71,637.75,616.55,630.47,578472.125,1742515199999,363283126.57964,1595124,303161.499,190477016.38663,BNBUSDT,2025-03-20,2025-03-20 23:59:59.999
1742515200000,630.47,637.8,624.92,635.17,262205.569,1742601599999,165876355.89652,898550,142825.787,90374452.49758,BNBUSDT,2025-03-21,2025-03-21 23:59:59.999
1742601600000,635.16,636.1,623.79,627.01,140206.083,1742687999999,88175594.70204,553359,72429.096,45550910.32958,BNBUSDT,2025-03-22,2025-03-22 23:59:59.999
1742688000000,627.01,629.14,619.5,623.79,155602.578,1742774399999,96944430.59188,554919,74107.911,46168947.43786,BNBUSDT,2025-03-23,2025-03-23 23:59:59.999
1742774400000,623.8,639.5,618.0,637.08,307575.991,1742860799999,193512028.36247,946889,159195.813,100185500.4603,BNBUSDT,2025-03-24,2025-03-24 23:59:59.999
1742860800000,637.08,644.88,627.05,629.82,554571.557,1742947199999,353137599.65513,1145565,279526.624,178017544.75809,BNBUSDT,2025-03-25,2025-03-25 23:59:59.999
1742947200000,629.82,634.01,615.3,617.99,222093.835,1743033599999,139017120.22607,598142,107003.361,67014650.57561,BNBUSDT,2025-03-26,2025-03-26 23:59:59.999
1743033600000,618.0,642.5,617.2,637.36,743401.847,1743119999999,471692258.54266,1409175,404853.991,257031844.97872,BNBUSDT,2025-03-27,2025-03-27 23:59:59.999
1743120000000,637.36,637.51,616.0,619.81,317817.16,1743206399999,199721001.67967,815115,162209.954,102012816.82467,BNBUSDT,2025-03-28,2025-03-28 23:59:59.999
1743206400000,619.81,623.84,596.97,602.99,254422.261,1743292799999,154421898.07789,821221,117317.848,71147891.75337,BNBUSDT,2025-03-29,2025-03-29 23:59:59.999
1743292800000,603.0,613.37,593.58,602.2,195649.405,1743379199999,118304368.03307,645314,94617.905,57226801.24544,BNBUSDT,2025-03-30,2025-03-30 23:59:59.999
1743379200000,602.2,608.89,587.26,604.81,254764.269,1743465599999,152922764.81958,884465,124962.911,75032301.51448,BNBUSDT,2025-03-31,2025-03-31 23:59:59.999
1743465600000,604.81,618.54,604.46,611.13,565603.069,1743551999999,346421089.82224,1089355,290668.752,178031689.04563,BNBUSDT,2025-04-01,2025-04-01 23:59:59.999
1743552000000,611.12,614.0,584.85,590.68,399507.957,1743638399999,240612013.9548,1295784,193292.74,116485587.68892,BNBUSDT,2025-04-02,2025-04-02 23:59:59.999
1743638400000,590.67,610.58,578.46,592.67,507928.514,1743724799999,303406596.77059,1371430,249191.245,148930615.97128,BNBUSDT,2025-04-03,2025-04-03 23:59:59.999
1743724800000,592.68,600.0,585.0,597.71,177145.405,1743811199999,105181815.22505,810433,90706.293,53859108.42922,BNBUSDT,2025-04-04,2025-04-04 23:59:59.999
1743811200000,597.71,599.0,588.71,593.13,85938.079,1743897599999,51106827.24289,380314,42255.817,25136751.779,BNBUSDT,2025-04-05,2025-04-05 23:59:59.999
1743897600000,593.13,593.78,544.17,555.54,332256.265,1743983999999,189035699.70554,1118055,158081.268,89897358.89043,BNBUSDT,2025-04-06,2025-04-06 23:59:59.999
1743984000000,555.55,567.6,520.0,554.6,727293.86,1744070399999,397028708.94978,2220788,359672.824,196528892.59089,BNBUSDT,2025-04-07,2025-04-07 23:59:59.999
1744070400000,554.6,566.0,547.64,553.72,212191.86,1744156799999,118512835.45122,1049822,108115.704,60396930.94729,BNBUSDT,2025-04-08,2025-04-08 23:59:59.999
1744156800000,553.72,585.97,534.3,582.32,378370.127,1744243199999,213004910.74643,1609476,193982.128,109219970.2604,BNBUSDT,2025-04-09,2025-04-09 23:59:59.999
1744243200000,582.32,583.58,566.17,578.03,369219.863,1744329599999,212832786.45699,1138171,186081.31,107293864.22683,BNBUSDT,2025-04-10,2025-04-10 23:59:59.999
1744329600000,578.03,590.36,575.7,585.93,174700.72,1744415999999,101866043.54306,606797,96173.418,56083928.04283,BNBUSDT,2025-04-11,2025-04-11 23:59:59.999
1744416000000,585.93,600.48,584.0,597.29,151268.708,1744502399999,89655284.516,557934,86887.103,51515080.10647,BNBUSDT,2025-04-12,2025-04-12 23:59:59.999
1744502400000,597.3,598.67,580.32,584.28,144896.285,1744588799999,85200185.56801,690159,76113.352,44756998.9664,BNBUSDT,2025-04-13,2025-04-13 23:59:59.999
1744588800000,584.29,593.1,583.14,584.54,153827.795,1744675199999,90513576.06251,734997,80178.549,47177512.21977,BNBUSDT,2025-04-14,2025-04-14 23:59:59.999
1744675200000,584.53,590.84,579.38,579.52,141640.579,1744761599999,83039414.125,536522,73221.639,42939464.38349,BNBUSDT,2025-04-15,2025-04-15 23:59:59.999
1744761600000,579.52,587.0,576.0,582.8,174537.948,1744847999999,101484755.50647,657295,86959.904,50570922.85495,BNBUSDT,2025-04-16,2025-04-16 23:59:59.999
1744848000000,582.8,592.97,581.0,590.49,151848.259,1744934399999,89134723.84238,484906,80958.213,47523386.93926,BNBUSDT,2025-04-17,2025-04-17 23:59:59.999
1744934400000,590.5,596.08,587.08,591.71,191575.748,1745020799999,113223034.09646,437839,103011.453,60878054.0929,BNBUSDT,2025-04-18,2025-04-18 23:59:59.999
1745020800000,591.7,594.49,587.7,591.73,96609.003,1745107199999,57098589.6793,302829,47094.893,27841129.52672,BNBUSDT,2025-04-19,2025-04-19 23:59:59.999
1745107200000,591.74,595.23,587.5,592.77,115343.598,1745193599999,68276647.28278,355346,61438.772,36373336.59498,BNBUSDT,2025-04-20,2025-04-20 23:59:59.999
1745193600000,592.77,608.52,592.53,597.34,171926.422,1745279999999,103304762.56314,606843,96639.431,58078847.87047,BNBUSDT,2025-04-21,2025-04-21 23:59:59.999
1745280000000,597.32,619.9,595.0,618.51,285468.164,1745366399999,173308242.979,720292,143772.387,87320127.76024,BNBUSDT,2025-04-22,2025-04-22 23:59:59.999
1745366400000,618.5,619.99,601.38,605.71,314125.448,1745452799999,191839028.68921,931184,154607.709,94425950.10554,BNBUSDT,2025-04-23,2025-04-23 23:59:59.999
1745452800000,605.72,606.78,592.59,601.55,204214.28,1745539199999,122518204.22908,688342,100792.489,60468356.25663,BNBUSDT,2025-04-24,2025-04-24 23:59:59.999
1745539200000,601.56,610.35,597.2,599.91,257426.554,1745625599999,155796837.88555,804129,125451.263,75941840.30518,BNBUSDT,2025-04-25,2025-04-25 23:59:59.999
1745625600000,599.9,609.25,599.34,607.23,137533.142,1745711999999,83138818.02772,496928,67820.807,40997359.68962,BNBUSDT,2025-04-26,2025-04-26 23:59:59.999
1745712000000,607.23,608.68,597.0,603.46,121784.476,1745798399999,73282794.69697,445823,59758.166,35960993.53884,BNBUSDT,2025-04-27,2025-04-27 23:59:59.999
1745798400000,603.46,608.27,598.2,606.16,143778.008,1745884799999,86833971.50822,558813,76423.695,46165668.28541,BNBUSDT,2025-04-28,2025-04-28 23:59:59.999
1745884800000,606.16,610.75,598.1,601.0,236809.997,1745971199999,143146651.13683,618674,115028.198,69546774.25076,BNBUSDT,2025-04-29,2025-04-29 23:59:59.999
1745971200000,601.0,604.44,591.42,599.88,210580.664,1746057599999,126352033.11528,579043,102515.522,61516465.80972,BNBUSDT,2025-04-30,2025-04-30 23:59:59.999
1746057600000,599.88,605.28,598.14,599.63,156229.229,1746143999999,94008927.36652,462918,76624.754,46106226.36805,BNBUSDT,2025-05-01,2025-05-01 23:59:59.999
1746144000000,599.64,603.61,595.12,600.69,141344.865,1746230399999,84772654.30253,400361,75828.994,45473472.17316,BNBUSDT,2025-05-02,2025-05-02 23:59:59.999
1746230400000,600.69,601.2,595.23,599.36,100770.294,1746316799999,60296742.70511,302618,47275.805,28287838.71476,BNBUSDT,2025-05-03,2025-05-03 23:59:59.999
1746316800000,599.36,600.49,584.7,586.03,143960.835,1746403199999,85298964.66439,425251,56633.176,33528296.63366,BNBUSDT,2025-05-04,2025-05-04 23:59:59.999
1746403200000,586.02,599.98,583.55,597.61,201100.589,1746489599999,119371782.25071,493859,121764.427,72279230.42811,BNBUSDT,2025-05-05,2025-05-05 23:59:59.999
1746489600000,597.61,603.18,593.23,602.57,214613.107,1746575999999,128368850.19364,557571,110867.174,66320706.46383,BNBUSDT,2025-05-06,2025-05-06 23:59:59.999
1746576000000,602.57,609.07,597.89,602.7,194088.591,1746662399999,117132375.09366,519932,95123.861,57386101.54186,BNBUSDT,2025-05-07,2025-05-07 23:59:59.999
1746662400000,602.7,629.33,600.8,629.17,384267.525,1746748799999,236647691.95012,939619,213749.387,131672616.58335,BNBUSDT,2025-05-08,2025-05-08 23:59:59.999
1746748800000,629.17,671.15,623.12,666.29,480734.869,1746835199999,306980185.05931,1362546,267177.721,170693063.01934,BNBUSDT,2025-05-09,2025-05-09 23:59:59.999
1746835200000,666.29,678.95,648.83,663.9,444595.43,1746921599999,294150052.77147,1321115,205655.434,136104919.11429,BNBUSDT,2025-05-10,2025-05-10 23:59:59.999
1746921600000,663.9,668.49,647.83,651.15,319998.959,1747007999999,210577921.77225,965437,161132.058,106081184.90481,BNBUSDT,2025-05-11,2025-05-11 23:59:59.999
1747008000000,651.15,693.0,647.31,660.07,586386.945,1747094399999,392542282.91301,1658320,295553.825,197899426.73381,BNBUSDT,2025-05-12,2025-05-12 23:59:59.999
1747094400000,660.08,672.0,640.66,664.13,416309.75,1747180799999,272901658.76016,1236144,202178.273,132530521.2148,BNBUSDT,2025-05-13,2025-05-13 23:59:59.999
1747180800000,664.12,667.33,647.15,652.47,290029.994,1747267199999,190546608.72786,986450,132285.555,86895899.86184,BNBUSDT,2025-05-14,2025-05-14 23:59:59.999
1747267200000,652.47,661.0,642.29,651.88,313560.813,1747353599999,204057655.69996,1164772,155958.471,101509971.87388,BNBUSDT,2025-05-15,2025-05-15 23:59:59.999
1747353600000,651.88,659.97,644.0,646.76,200793.607,1747439999999,131210358.66972,766260,99557.406,65094079.1123,BNBUSDT,2025-05-16,2025-05-16 23:59:59.999
1747440000000,646.76,646.9,635.05,639.51,141777.711,1747526399999,90893253.2512,656073,65178.49,41795523.47777,BNBUSDT,2025-05-17,2025-05-17 23:59:59.999
1747526400000,639.5,655.19,634.39,651.53,189475.296,1747612799999,122348372.20883,690151,96290.237,62221467.1999,BNBUSDT,2025-05-18,2025-05-18 23:59:59.999
1747612800000,651.54,653.53,633.51,649.62,210901.52,1747699199999,135603856.35643,806175,106737.212,68647027.87929,BNBUSDT,2025-05-19,2025-05-19 23:59:59.999
1747699200000,649.62,653.75,640.14,650.0,169584.291,1747785599999,109772099.60261,632029,85465.73,55334610.84733,BNBUSDT,2025-05-20,2025-05-20 23:59:59.999
1747785600000,650.0,678.0,648.49,673.31,470531.895,1747871999999,311660393.95119,1133569,250336.215,165844964.38723,BNBUSDT,2025-05-21,2025-05-21 23:59:59.999
1747872000000,673.31,690.02,673.0,686.57,390007.996,1747958399999,266404901.15309,992245,218945.112,149577785.12489,BNBUSDT,2025-05-22,2025-05-22 23:59:59.999
1747958400000,686.57,691.35,652.19,656.98,343668.707,1748044799999,231427488.3675,1142401,158745.455,107053575.69443,BNBUSDT,2025-05-23,2025-05-23 23:59:59.999
1748044800000,656.99,677.47,655.4,668.01,165142.039,1748131199999,110606139.47037,627945,86453.281,57901683.06552,BNBUSDT,2025-05-24,2025-05-24 23:59:59.999
1748131200000,668.0,671.67,657.1,669.44,169208.322,1748217599999,112315213.63574,606622,79479.263,52774960.16916,BNBUSDT,2025-05-25,2025-05-25 23:59:59.999
1739577600000,97500.47,97972.26,97223.58,97569.66,7349.37683,1739663999999,717245393.778092,1694327,3579.14202,349322778.2339769,BTCUSDT,2025-02-15,2025-02-15 23:59:59.999
1739664000000,97569.67,97704.47,96046.18,96118.12,8191.4249,1739750399999,794694242.2949733,1596701,3719.73063,360842416.6644167,BTCUSDT,2025-02-16,2025-02-16 23:59:59.999
1739750400000,96118.12,97046.59,95205.0,95780.0,16492.0451,1739836799999,1584593526.1754677,2831237,8010.41565,769979077.1361973,BTCUSDT,2025-02-17,2025-02-17 23:59:59.999
1739836800000,95780.01,96753.91,93388.09,95671.74,23368.19471,1739923199999,2223994802.892005,4234248,11432.47367,1088319233.5219896,BTCUSDT,2025-02-18,2025-02-18 23:59:59.999
1739923200000,95671.74,96899.99,95029.99,96644.37,16438.50954,1740009599999,1576817572.1032505,2784225,7173.61807,688586919.9759259,BTCUSDT,2025-02-19,2025-02-19 23:59:59.999
1740009600000,96644.37,98711.36,96415.09,98305.0,17057.39177,1740095999999,1663386824.7315507,2386973,8356.42859,815056614.173827,BTCUSDT,2025-02-20,2025-02-20 23:59:59.999
1740096000000,98305.01,99475.0,94871.95,96181.98,32249.2814,1740182399999,3143975917.5734644,4528525,15313.58184,1493403646.8483026,BTCUSDT,2025-02-21,2025-02-21 23:59:59.999
1740182400000,96181.99,96980.0,95770.49,96551.01,11268.17708,1740268799999,1087077133.8226364,1506418,5293.28051,510722895.1675426,BTCUSDT,2025-02-22,2025-02-22 23:59:59.999
1740268800000,96551.01,96650.0,95227.94,96258.0,10884.84913,1740355199999,1044392011.7910241,1457368,4619.93267,443381984.4110255,BTCUSDT,2025-02-23,2025-02-23 23:59:59.999
1740355200000,96258.0,96500.0,91349.26,91552.88,31550.10299,1740441599999,2981809595.445377,4972684,14438.63366,1366473567.874773,BTCUSDT,2025-02-24,2025-02-24 23:59:59.999
1740441600000,91552.88,92540.69,86050.99,88680.4,78333.11111,1740527999999,6962982500.904474,10289145,35822.15275,3183981371.47505,BTCUSDT,2025-02-25,2025-02-25 23:59:59.999
1740528000000,88680.39,89414.15,82256.01,84250.09,56893.54409,1740614399999,4898429925.6364765,8490006,28077.1845,2417690848.8189874,BTCUSDT,2025-02-26,2025-02-26 23:59:59.999
1740614400000,84250.09,87078.46,82716.49,84708.58,42505.45439,1740700799999,3618738891.2221622,6357581,20355.71969,1732725913.2817628,BTCUSDT,2025-02-27,2025-02-27 23:59:59.999
1740700800000,84708.57,85120.0,78258.52,84349.94,83648.03969,1740787199999,6806705236.690679,11344216,40224.85287,3274291175.8103995,BTCUSDT,2025-02-28,2025-02-28 23:59:59.999
1740787200000,84349.95,86558.0,83824.78,86064.53,25785.05464,1740873599999,2194003507.852643,3700728,11748.10769,1000093822.5383525,BTCUSDT,2025-03-01,2025-03-01 23:59:59.999
1740873600000,86064.54,95000.0,85050.6,94270.0,54889.09045,1740959999999,4972549515.788669,7403218,29273.81031,2652973441.154539,BTCUSDT,2025-03-02,2025-03-02 23:59:59.999
1740960000000,94269.99,94416.46,85117.11,86220.61,59171.10218,1741046399999,5321123743.471923,9797860,27915.4365,2513464571.356911,BTCUSDT,2025-03-03,2025-03-03 23:59:59.999
1741046400000,86221.16,88967.52,81500.0,87281.98,55609.10706,1741132799999,4704901219.590436,10326631,27584.7159,2335087296.239287,BTCUSDT,2025-03-04,2025-03-04 23:59:59.999
1741132800000,87281.98,91000.0,86334.53,90606.01,38264.01163,1741219199999,3400243670.3049755,8070266,19230.28436,1709708737.4698935,BTCUSDT,2025-03-05,2025-03-05 23:59:59.999
1741219200000,90606.0,92810.64,87836.0,89931.89,34342.44902,1741305599999,3105145628.3993993,7643526,17283.99411,1563426526.4289935,BTCUSDT,2025-03-06,2025-03-06 23:59:59.999
1741305600000,89931.88,91283.02,84667.03,86801.75,57980.35713,1741391999999,5097554826.613157,9510442,28394.41537,2497922400.4504447,BTCUSDT,2025-03-07,2025-03-07 23:59:59.999
1741392000000,86801.74,86897.25,85218.47,86222.45,12989.23054,1741478399999,1119358968.6520054,2553974,6491.56581,559581591.3470742,BTCUSDT,2025-03-08,2025-03-08 23:59:59.999
1741478400000,86222.46,86500.0,80000.0,80734.37,26115.39345,1741564799999,2173552660.454479,5189138,12093.87232,1006299692.7104127,BTCUSDT,2025-03-09,2025-03-09 23:59:59.999
1741564800000,80734.48,84123.46,77459.91,78595.86,47633.38405,1741651199999,3834924947.758186,8701538,22898.57072,1846606255.3521485,BTCUSDT,2025-03-10,2025-03-10 23:59:59.999
1741651200000,78595.86,83617.4,76606.0,82932.99,48770.06853,1741737599999,3927000827.1107917,6983310,24029.1677,1935950413.2018194,BTCUSDT,2025-03-11,2025-03-11 23:59:59.999
1741737600000,82932.99,84539.85,80607.65,83680.12,31933.986,1741823999999,2638600996.825396,5253577,15749.41702,1301890518.499408,BTCUSDT,2025-03-12,2025-03-12 23:59:59.999
1741824000000,83680.12,84336.33,79939.9,81115.78,27546.27412,1741910399999,2260870111.2393894,4367093,13013.18135,1067945431.1219469,BTCUSDT,2025-03-13,2025-03-13 23:59:59.999
1741910400000,81115.78,85309.71,80818.84,83983.2,26858.52755,1741996799999,2244729595.5411716,3290987,14082.88688,1177807467.01818,BTCUSDT,2025-03-14,2025-03-14 23:59:59.999
1741996800000,83983.19,84676.28,83618.0,84338.44,11324.7332,1742083199999,953445671.8337505,1329670,5195.29128,437551330.253166,BTCUSDT,2025-03-15,2025-03-15 23:59:59.999
1742083200000,84338.44,85117.04,81981.12,82574.53,17596.12531,1742169599999,1468056556.2967227,2767947,8505.95317,710037465.075748,BTCUSDT,2025-03-16,2025-03-16 23:59:59.999
1742169600000,82574.52,84756.83,82456.0,84010.03,17214.74358,1742255999999,1437716814.0468738,3014756,8387.89111,700505421.7877294,BTCUSDT,2025-03-17,2025-03-17 23:59:59.999
1742256000000,84010.02,84021.74,81134.66,82715.03,17610.89883,1742342399999,1450813055.479726,3126371,8047.23418,662808749.3427887,BTCUSDT,2025-03-18,2025-03-18 23:59:59.999
1742342400000,82715.03,87000.0,82547.16,86845.94,28151.05374,1742428799999,2375813941.9437623,3774761,13804.24847,1166238970.2811465,BTCUSDT,2025-03-19,2025-03-19 23:59:59.999
1742428800000,86845.93,87453.67,83655.23,84223.39,22090.30463,1742515199999,1885241921.1556518,3252595,10163.59262,867440339.2962607,BTCUSDT,2025-03-20,2025-03-20 23:59:59.999
1742515200000,84223.38,84850.33,83175.25,84088.79,11956.97443,1742601599999,1005135519.2560017,2360005,5466.41961,459501348.0817583,BTCUSDT,2025-03-21,2025-03-21 23:59:59.999
1742601600000,84088.79,84539.17,83625.1,83840.59,5420.22114,1742687999999,456235443.8016522,864481,2284.19178,192291026.7874248,BTCUSDT,2025-03-22,2025-03-22 23:59:59.999
1742688000000,83840.59,86129.64,83809.75,86082.5,8461.97813,1742774399999,718692319.1499038,1206533,4424.81013,376007261.5213597,BTCUSDT,2025-03-23,2025-03-23 23:59:59.999
1742774400000,86082.5,88765.43,85519.09,87498.16,30115.62111,1742860799999,2636765917.9518433,2916713,14379.95578,1258638667.112904,BTCUSDT,2025-03-24,2025-03-24 23:59:59.999
1742860800000,87498.16,88539.63,86310.0,87392.87,22643.25248,1742947199999,1979571590.8982937,2802815,9440.56294,825308072.6337814,BTCUSDT,2025-03-25,2025-03-25 23:59:59.999
1742947200000,87392.88,88275.0,85860.0,86909.17,18408.78485,1743033599999,1606406955.5864632,2380154,8590.97753,749604853.2968135,BTCUSDT,2025-03-26,2025-03-26 23:59:59.999
1743033600000,86909.17,87756.39,85800.0,87232.01,17098.03897,1743119999999,1487968807.7079022,2376381,8185.05517,712324893.2889168,BTCUSDT,2025-03-27,2025-03-27 23:59:59.999
1743120000000,87232.01,87515.67,83585.0,84424.38,27182.73169,1743206399999,2309946560.664114,3236085,11274.83736,958523321.8112731,BTCUSDT,2025-03-28,2025-03-28 23:59:59.999
1743206400000,84424.38,84624.73,81644.81,82648.54,11696.39864,1743292799999,970199917.9868716,2172387,5621.60485,466215575.4849069,BTCUSDT,2025-03-29,2025-03-29 23:59:59.999
1743292800000,82648.53,83534.64,81565.0,82389.99,9864.49508,1743379199999,816584795.5288126,1907663,4725.07105,391214080.1101161,BTCUSDT,2025-03-30,2025-03-30 23:59:59.999
1743379200000,82390.0,83943.08,81278.52,82550.01,20569.13885,1743465599999,1696009191.0809648,3964358,9912.88184,817875871.1107413,BTCUSDT,2025-03-31,2025-03-31 23:59:59.999
1743465600000,82550.0,85579.46,82432.74,85158.34,20190.39697,1743551999999,1698895702.5754683,3328693,10246.42648,862302772.4330863,BTCUSDT,2025-04-01,2025-04-01 23:59:59.999
1743552000000,85158.35,88500.0,82320.0,82516.29,39931.457,1743638399999,3417279759.830764,5338238,20739.67809,1777735583.8407478,BTCUSDT,2025-04-02,2025-04-02 23:59:59.999
1743638400000,82516.28,83998.02,81211.24,83213.09,27337.84135,1743724799999,2259299724.8643928,4117486,13951.52792,1153439398.6198013,BTCUSDT,2025-04-03,2025-04-03 23:59:59.999
1743724800000,83213.09,84720.0,81659.0,83889.87,32915.53976,1743811199999,2739842666.426737,4992586,15896.18779,1323832046.264688,BTCUSDT,2025-04-04,2025-04-04 23:59:59.999
1743811200000,83889.87,84266.0,82379.95,83537.99,9360.40468,1743897599999,779626577.9013436,1575750,4029.64658,335654613.7277184,BTCUSDT,2025-04-05,2025-04-05 23:59:59.999
1743897600000,83537.99,83817.63,77153.83,78430.0,27942.71436,1743983999999,2239085051.1529646,3948493,12493.8449,1001459573.4944661,BTCUSDT,2025-04-06,2025-04-06 23:59:59.999
1743984000000,78430.0,81243.58,74508.0,79163.24,78387.53089,1744070399999,6084614024.150647,9736596,39075.84274,3034375055.6843963,BTCUSDT,2025-04-07,2025-04-07 23:59:59.999
1744070400000,79163.24,80867.99,76239.9,76322.42,35317.32063,1744156799999,2775277777.102461,5512751,15704.73031,1235370767.1153502,BTCUSDT,2025-04-08,2025-04-08 23:59:59.999
1744156800000,76322.42,83588.0,74620.0,82615.22,75488.28772,1744243199999,5980231256.222496,7741252,39491.62958,3137004042.959261,BTCUSDT,2025-04-09,2025-04-09 23:59:59.999
1744243200000,82615.22,82753.21,78464.36,79607.3,33284.80718,1744329599999,2690294353.8478427,4529545,16339.9191,1321475356.0200849,BTCUSDT,2025-04-10,2025-04-10 23:59:59.999
1744329600000,79607.3,84300.0,78969.58,83423.84,34435.43797,1744415999999,2830363945.1787524,4423157,18019.58367,1482515278.9177043,BTCUSDT,2025-04-11,2025-04-11 23:59:59.999
1744416000000,83423.83,85905.0,82792.95,85276.9,18470.74437,1744502399999,1557403252.9267516,2501196,9526.72644,803747272.783468,BTCUSDT,2025-04-12,2025-04-12 23:59:59.999
1744502400000,85276.91,86100.0,83034.23,83760.0,24680.04181,1744588799999,2086106375.4392555,3275879,11658.67909,986303246.0931836,BTCUSDT,2025-04-13,2025-04-13 23:59:59.999
1744588800000,83760.0,85799.99,83678.0,84591.58,28659.09348,1744675199999,2429132805.0815287,3921522,15196.58929,1288815999.1406174,BTCUSDT,2025-04-14,2025-04-14 23:59:59.999
1744675200000,84591.58,86496.42,83600.0,83643.99,20910.99528,1744761599999,1780972414.3956008,2910533,10439.36072,889895753.1673651,BTCUSDT,2025-04-15,2025-04-15 23:59:59.999
1744761600000,83643.99,85500.0,83111.64,84030.38,20867.24519,1744847999999,1753910031.2009242,3264730,10456.769,878939829.4848368,BTCUSDT,2025-04-16,2025-04-16 23:59:59.999
1744848000000,84030.38,85470.01,83736.26,84947.91,13728.84772,1744934399999,1161659427.386263,2003405,6424.41565,543726754.4187016,BTCUSDT,2025-04-17,2025-04-17 23:59:59.999
1744934400000,84947.92,85132.08,84303.96,84474.69,6529.96315,1745020799999,552648483.647487,840009,2911.78856,246467088.2621466,BTCUSDT,2025-04-18,2025-04-18 23:59:59.999
1745020800000,84474.7,85677.99,84364.45,85077.01,9666.58153,1745107199999,823222752.2842493,875226,5416.30087,461342923.999082,BTCUSDT,2025-04-19,2025-04-19 23:59:59.999
1745107200000,85077.0,85320.76,83949.52,85179.24,8091.67725,1745193599999,685253644.8918362,944130,3843.48314,325482835.7378329,BTCUSDT,2025-04-20,2025-04-20 23:59:59.999
1745193600000,85179.24,88465.99,85144.76,87516.23,31773.37262,1745279999999,2773299591.467066,3041395,17216.39877,1502705225.134135,BTCUSDT,2025-04-21,2025-04-21 23:59:59.999
1745280000000,87516.22,93888.0,87076.03,93442.99,43872.74705,1745366399999,3967785064.12817,3268475,22777.77047,2062639579.2030854,BTCUSDT,2025-04-22,2025-04-22 23:59:59.999
1745366400000,93442.99,94696.05,91935.41,93691.08,27404.16808,1745452799999,2560279933.947952,3016536,13128.05774,1226992558.5765462,BTCUSDT,2025-04-23,2025-04-23 23:59:59.999
1745452800000,93691.07,94005.0,91660.01,93980.47,19497.06071,1745539199999,1811120137.3146787,2797383,8565.18128,795787487.3608981,BTCUSDT,2025-04-24,2025-04-24 23:59:59.999
1745539200000,93980.47,95758.04,92855.96,94638.68,27500.66648,1745625599999,2596877713.640173,3331828,13072.22136,1234153095.7292683,BTCUSDT,2025-04-25,2025-04-25 23:59:59.999
1745625600000,94638.68,95199.0,93870.69,94628.0,9415.06875,1745711999999,889627361.8414447,1475983,4156.22463,392757114.4383579,BTCUSDT,2025-04-26,2025-04-26 23:59:59.999
1745712000000,94628.0,95369.0,93602.58,93749.3,11162.841,1745798399999,1052334792.1866189,1918160,5250.08719,495112239.1081697,BTCUSDT,2025-04-27,2025-04-27 23:59:59.999
1745798400000,93749.29,95630.0,92800.01,95011.18,22157.53351,1745884799999,2092532996.5551717,3424740,11626.77592,1098667305.2399979,BTCUSDT,2025-04-28,2025-04-28 23:59:59.999
1745884800000,95011.18,95461.53,93742.54,94256.82,16955.3402,1745971199999,1607154803.4675477,3020875,7112.68469,674688527.813066,BTCUSDT,2025-04-29,2025-04-29 23:59:59.999
1745971200000,94256.82,95228.45,92910.0,94172.0,17661.2751,1746057599999,1664825670.9831252,3214149,8393.2162,791272380.0312448,BTCUSDT,2025-04-30,2025-04-30 23:59:59.999
1746057600000,94172.0,97424.02,94130.43,96489.91,21380.45343,1746143999999,2053857614.2732673,2925716,10925.87308,1049157198.8587635,BTCUSDT,2025-05-01,2025-05-01 23:59:59.999
1746144000000,96489.9,97895.68,96350.0,96887.14,14905.74811,1746230399999,1446387651.5840576,2698263,7440.33531,722022817.2246199,BTCUSDT,2025-05-02,2025-05-02 23:59:59.999
1746230400000,96887.13,96935.67,95753.01,95856.42,9723.34838,1746316799999,935906144.9651498,1181239,3929.4049,378271292.4443145,BTCUSDT,2025-05-03,2025-05-03 23:59:59.999
1746316800000,95856.42,96304.48,94151.38,94277.62,11036.38342,1746403199999,1053542403.8531588,1674726,4385.33486,418573470.8569623,BTCUSDT,2025-05-04,2025-05-04 23:59:59.999
1746403200000,94277.61,95199.0,93514.1,94733.68,17251.18189,1746489599999,1626999380.1759968,2623300,8399.64855,792299650.3395202,BTCUSDT,2025-05-05,2025-05-05 23:59:59.999
1746489600000,94733.68,96920.65,93377.0,96834.02,16122.64513,1746575999999,1526847764.5636683,2512960,7505.95734,711372483.6117135,BTCUSDT,2025-05-06,2025-05-06 23:59:59.999
1746576000000,96834.02,97732.0,95784.61,97030.5,16644.83854,1746662399999,1611730124.5924542,2849139,8316.74471,805430612.4055355,BTCUSDT,2025-05-07,2025-05-07 23:59:59.999
1746662400000,97030.5,104145.76,96876.29,103261.6,34962.02847,1746748799999,3508645830.5650144,4991147,18547.23009,1861334478.364427,BTCUSDT,2025-05-08,2025-05-08 23:59:59.999
1746748800000,103261.61,104361.3,102315.14,102971.99,27617.39907,1746835199999,2847518447.981513,4406929,14525.20381,1497826622.326188,BTCUSDT,2025-05-09,2025-05-09 23:59:59.999
1746835200000,102971.99,104984.57,102818.76,104809.53,15324.78611,1746921599999,1588386278.502415,2227845,8258.23478,856095289.5216646,BTCUSDT,2025-05-10,2025-05-10 23:59:59.999
1746921600000,104809.53,104972.0,103345.06,104118.0,17987.12197,1747007999999,1873381777.2124255,3100176,9071.95578,944903285.107308,BTCUSDT,2025-05-11,2025-05-11 23:59:59.999
1747008000000,104118.0,105819.45,100718.37,102791.32,31272.77792,1747094399999,3242348937.383069,5298407,16455.99797,1707457796.5881395,BTCUSDT,2025-05-12,2025-05-12 23:59:59.999
1747094400000,102791.32,104976.25,101429.7,104103.72,21253.42409,1747180799999,2197244118.152367,3703531,10705.97845,1106609664.707795,BTCUSDT,2025-05-13,2025-05-13 23:59:59.999
1747180800000,104103.72,104356.95,102602.05,103507.82,16452.9081,1747267199999,1704708279.3884108,3025221,8026.03333,831783471.654361,BTCUSDT,2025-05-14,2025-05-14 23:59:59.999
1747267200000,103507.83,104192.7,101383.07,103763.71,17998.98604,1747353599999,1850183474.5292037,4139477,8475.18036,871244345.564136,BTCUSDT,2025-05-15,2025-05-15 23:59:59.999
1747353600000,103763.71,104550.33,103100.49,103463.9,15683.88024,1747439999999,1628832372.3241482,3237442,7555.15801,784850382.1942747,BTCUSDT,2025-05-16,2025-05-16 23:59:59.999
1747440000000,103463.9,103709.86,102612.5,103126.65,11250.89622,1747526399999,1160418362.950618,2568597,5335.11525,550379728.7338501,BTCUSDT,2025-05-17,2025-05-17 23:59:59.999
1747526400000,103126.65,106660.0,103105.09,106454.26,21599.98726,1747612799999,2262214972.0749383,3193300,11664.89904,1221914552.0552013,BTCUSDT,2025-05-18,2025-05-18 23:59:59.999
1747612800000,106454.27,107108.62,102000.0,105573.74,30260.03524,1747699199999,3150324504.5954514,4881371,14208.309,1480452895.0841563,BTCUSDT,2025-05-19,2025-05-19 23:59:59.999
1747699200000,105573.73,107320.0,104184.72,106849.99,23705.48275,1747785599999,2509102444.669598,3878351,12350.46275,1307273652.3895233,BTCUSDT,2025-05-20,2025-05-20 23:59:59.999
1747785600000,106850.0,110797.38,106100.01,109643.99,45531.040345,1747871999999,4914709514.320026,6835279,23661.649395,2555528481.098726,BTCUSDT,2025-05-21,2025-05-21 23:59:59.999
1747872000000,109643.99,111980.0,109177.37,111696.21,31630.77313,1747958399999,3509432834.573417,5794216,16584.56293,1840083098.5827858,BTCUSDT,2025-05-22,2025-05-22 23:59:59.999
1747958400000,111696.22,111800.0,106800.0,107318.3,31737.72309,1748044799999,3469704446.3904047,5251192,14309.31652,1565622441.187517,BTCUSDT,2025-05-23,2025-05-23 23:59:59.999
1748044800000,107318.3,109506.03,106875.41,107761.91,16782.53129,1748131199999,1819958819.7748587,2805418,8786.90747,953683093.321657,BTCUSDT,2025-05-24,2025-05-24 23:59:59.999
1748131200000,107761.9,109299.99,106600.64,109004.19,17710.04695,1748217599999,1904366455.425858,3151168,7867.16712,846688135.0097136,BTCUSDT,2025-05-25,2025-05-25 23:59:59.999
1739577600000,2725.95,2739.0,2662.28,2693.04,202971.4295,1739663999999,548554180.222323,1678502,90810.3179,245463912.573468,ETHUSDT,2025-02-15,2025-02-15 23:59:59.999
1739664000000,2693.04,2727.31,2651.26,2661.41,191231.5314,1739750399999,514482095.174283,1449884,89433.4055,240599550.812392,ETHUSDT,2025-02-16,2025-02-16 23:59:59.999
1739750400000,2661.41,2849.7,2637.71,2744.05,639739.8197,1739836799999,1752388687.805609,3881592,329950.3751,904399237.600089,ETHUSDT,2025-02-17,2025-02-17 23:59:59.999
1739836800000,2744.05,2756.93,2605.44,2671.99,604863.8737,1739923199999,1616153629.018717,3898156,285508.8694,762964442.385853,ETHUSDT,2025-02-18,2025-02-18 23:59:59.999
1739923200000,2672.0,2736.7,2656.03,2715.5,326154.0202,1740009599999,882047186.131933,2376004,163604.8767,442601160.332459,ETHUSDT,2025-02-19,2025-02-19 23:59:59.999
1740009600000,2715.51,2770.59,2707.18,2738.04,336735.2544,1740095999999,921476439.354937,2096063,170515.6667,466756209.201236,ETHUSDT,2025-02-20,2025-02-20 23:59:59.999
1740096000000,2738.04,2845.32,2616.72,2663.0,890440.0604,1740182399999,2429306635.177234,3872201,428879.7345,1170981749.414793,ETHUSDT,2025-02-21,2025-02-21 23:59:59.999
1740182400000,2663.0,2798.07,2653.33,2763.22,444989.6669,1740268799999,1214059511.899935,2597168,248387.7772,677008292.573996,ETHUSDT,2025-02-22,2025-02-22 23:59:59.999
1740268800000,2763.23,2857.34,2745.41,2819.69,611002.1222,1740355199999,1711849865.819046,2796506,321625.3377,901407652.084993,ETHUSDT,2025-02-23,2025-02-23 23:59:59.999
1740355200000,2819.7,2839.95,2470.33,2513.52,876876.3707,1740441599999,2334572148.661955,4737903,411575.6658,1095102528.763101,ETHUSDT,2025-02-24,2025-02-24 23:59:59.999
1740441600000,2513.52,2533.49,2313.49,2495.7,1322016.8718,1740527999999,3207776114.782463,7076645,655424.217,1590563026.371759,ETHUSDT,2025-02-25,2025-02-25 23:59:59.999
1740528000000,2495.69,2507.5,2253.77,2336.37,863087.2133,1740614399999,2059160287.050773,5495972,408608.956,975185376.421555,ETHUSDT,2025-02-26,2025-02-26 23:59:59.999
1740614400000,2336.38,2381.6,2230.57,2307.72,637583.9106,1740700799999,1480849324.540646,3906903,297736.9154,691230000.438891,ETHUSDT,2025-02-27,2025-02-27 23:59:59.999
1740700800000,2307.72,2314.18,2076.26,2237.59,1291539.0557,1740787199999,2794546441.726884,5708556,625030.5287,1351940395.764772,ETHUSDT,2025-02-28,2025-02-28 23:59:59.999
1740787200000,2237.59,2281.14,2142.73,2217.39,446430.7271,1740873599999,988941461.430361,2511839,209196.8605,463872993.775749,ETHUSDT,2025-03-01,2025-03-01 23:59:59.999
1740873600000,2217.4,2550.58,2172.04,2518.11,1266684.7748,1740959999999,3001215557.603687,4977392,627527.3017,1488652979.402768,ETHUSDT,2025-03-02,2025-03-02 23:59:59.999
1740960000000,2518.12,2523.56,2097.91,2149.01,1109565.2003,1741046399999,2529346005.909485,4969357,510488.2652,1161760907.053157,ETHUSDT,2025-03-03,2025-03-03 23:59:59.999
1741046400000,2149.02,2221.88,1993.2,2171.51,1257822.3372,1741132799999,2634485208.259771,5856962,596181.03,1248910466.060303,ETHUSDT,2025-03-04,2025-03-04 23:59:59.999
1741132800000,2171.5,2273.51,2155.03,2241.59,687130.7897,1741219199999,1514537132.807393,3480893,326604.0072,720412253.031027,ETHUSDT,2025-03-05,2025-03-05 23:59:59.999
1741219200000,2241.59,2319.99,2176.9,2202.2,596908.3935,1741305599999,1343407922.359188,3304973,304201.8256,684721457.490546,ETHUSDT,2025-03-06,2025-03-06 23:59:59.999
1741305600000,2202.21,2258.47,2101.82,2141.6,782387.2606,1741391999999,1698459492.23933,4452265,384442.6282,834995037.361386,ETHUSDT,2025-03-07,2025-03-07 23:59:59.999
1741392000000,2141.6,2234.93,2105.06,2203.58,328793.0979,1741478399999,714743022.410347,2118806,165408.6608,359616114.815223,ETHUSDT,2025-03-08,2025-03-08 23:59:59.999
1741478400000,2203.57,2212.0,1989.66,2020.41,601671.5882,1741564799999,1249766628.544949,2791079,283406.499,589074622.734246,ETHUSDT,2025-03-09,2025-03-09 23:59:59.999
1741564800000,2020.43,2152.4,1810.01,1865.1,1248745.3514,1741651199999,2461512870.770777,5261040,617411.7094,1216440716.446106,ETHUSDT,2025-03-10,2025-03-10 23:59:59.999
1741651200000,1865.11,1963.2,1754.28,1923.43,1171427.9995,1741737599999,2203451540.611388,4578427,576537.0793,1085290919.303633,ETHUSDT,2025-03-11,2025-03-11 23:59:59.999
1741737600000,1923.42,1960.0,1829.72,1908.2,788739.6763,1741823999999,1494384669.01818,3444921,399364.7041,756917595.001095,ETHUSDT,2025-03-12,2025-03-12 23:59:59.999
1741824000000,1908.2,1923.09,1821.81,1864.59,569537.2622,1741910399999,1069629049.44307,2688683,276728.702,519941674.768743,ETHUSDT,2025-03-13,2025-03-13 23:59:59.999
1741910400000,1864.59,1945.64,1861.31,1911.65,375805.7355,1741996799999,718122712.753679,1728618,196808.7418,376032113.705905,ETHUSDT,2025-03-14,2025-03-14 23:59:59.999
1741996800000,1911.64,1957.19,1903.75,1937.17,209545.8675,1742083199999,404571982.738394,884429,103183.2548,199258936.505655,ETHUSDT,2025-03-15,2025-03-15 23:59:59.999
1742083200000,1937.18,1940.87,1860.38,1887.0,324766.6564,1742169599999,616620264.891675,1466585,147750.6179,280566280.649476,ETHUSDT,2025-03-16,2025-03-16 23:59:59.999
1742169600000,1887.01,1952.4,1879.98,1926.31,334840.4877,1742255999999,641484974.278307,1566024,166794.9782,319499477.720785,ETHUSDT,2025-03-17,2025-03-17 23:59:59.999
1742256000000,1926.3,1936.2,1872.31,1931.54,332896.0155,1742342399999,632109997.551311,1549810,156778.6707,297667875.793969,ETHUSDT,2025-03-18,2025-03-18 23:59:59.999
1742342400000,1931.54,2069.9,1927.58,2056.06,691809.5034,1742428799999,1385193898.481618,2614680,338168.3696,677189954.262031,ETHUSDT,2025-03-19,2025-03-19 23:59:59.999
1742428800000,2056.05,2067.9,1952.17,1983.79,401518.9282,1742515199999,800851703.937569,1885019,185718.3372,370117787.131419,ETHUSDT,2025-03-20,2025-03-20 23:59:59.999
1742515200000,1983.79,1996.73,1937.1,1965.75,262641.659,1742601599999,516587945.858554,1470569,130673.0391,256964902.673041,ETHUSDT,2025-03-21,2025-03-21 23:59:59.999
1742601600000,1965.74,2006.61,1964.34,1980.69,170782.9574,1742687999999,339679365.319319,833146,83417.243,165949750.564435,ETHUSDT,2025-03-22,2025-03-22 23:59:59.999
1742688000000,1980.68,2020.74,1976.81,2005.99,268707.5233,1742774399999,537810044.752251,973880,141545.4057,283218620.576171,ETHUSDT,2025-03-23,2025-03-23 23:59:59.999
1742774400000,2005.99,2104.11,1977.67,2081.2,477912.8154,1742860799999,985984215.594533,1804046,241987.6758,499157615.491606,ETHUSDT,2025-03-24,2025-03-24 23:59:59.999
1742860800000,2081.2,2097.7,2037.08,2066.15,328765.3292,1742947199999,678919919.780749,1398034,144848.2928,299282311.765827,ETHUSDT,2025-03-25,2025-03-25 23:59:59.999
1742947200000,2066.16,2079.21,1981.6,2009.52,428975.3286,1743033599999,872757205.466645,1468474,181445.0723,369125581.320511,ETHUSDT,2025-03-26,2025-03-26 23:59:59.999
1743033600000,2009.52,2037.38,1987.06,2003.66,360634.8383,1743119999999,726385594.534751,1394730,154040.2327,310291637.030968,ETHUSDT,2025-03-27,2025-03-27 23:59:59.999
1743120000000,2003.67,2015.93,1860.0,1896.9,626167.5832,1743206399999,1197329354.058415,2245087,307332.2769,587606938.584515,ETHUSDT,2025-03-28,2025-03-28 23:59:59.999
1743206400000,1896.9,1913.6,1797.2,1828.08,409769.7555,1743292799999,758545295.871779,1755638,199201.1398,368752720.356886,ETHUSDT,2025-03-29,2025-03-29 23:59:59.999
1743292800000,1828.09,1849.01,1767.69,1807.74,327843.4476,1743379199999,595676639.883548,1523210,164123.1476,298224370.054843,ETHUSDT,2025-03-30,2025-03-30 23:59:59.999
1743379200000,1807.74,1854.22,1776.75,1822.43,497854.9052,1743465599999,904456573.010415,2283021,248408.7865,451323627.204578,ETHUSDT,2025-03-31,2025-03-31 23:59:59.999
1743465600000,1822.43,1927.9,1817.88,1904.98,452989.0974,1743551999999,851190042.273377,2141608,227293.9134,427068696.66992,ETHUSDT,2025-04-01,2025-04-01 23:59:59.999
1743552000000,1904.98,1957.0,1781.53,1795.22,750840.7823,1743638399999,1411539014.562126,3408080,364479.3767,685797603.628611,ETHUSDT,2025-04-02,2025-04-02 23:59:59.999
1743638400000,1795.21,1845.26,1750.0,1817.23,508075.018,1743724799999,912214691.840036,2579520,253462.4464,455404696.427552,ETHUSDT,2025-04-03,2025-04-03 23:59:59.999
1743724800000,1817.23,1835.68,1758.72,1816.87,572734.4702,1743811199999,1030518559.141754,2647730,277397.8197,499272616.797469,ETHUSDT,2025-04-04,2025-04-04 23:59:59.999
1743811200000,1816.88,1827.29,1764.39,1806.01,201716.2696,1743897599999,362822603.997079,861593,96425.6245,173484839.307568,ETHUSDT,2025-04-05,2025-04-05 23:59:59.999
1743897600000,1806.02,1817.0,1537.5,1580.76,979847.0958,1743983999999,1621420911.803542,3251935,453768.9316,751319408.63196,ETHUSDT,2025-04-06,2025-04-06 23:59:59.999
1743984000000,1580.77,1639.0,1411.01,1553.04,2168796.0067,1744070399999,3314200223.327178,5723226,1076060.067,1645270461.504365,ETHUSDT,2025-04-07,2025-04-07 23:59:59.999
1744070400000,1553.04,1618.67,1441.3,1473.41,891846.1327,1744156799999,1361139288.977932,3369669,449628.1417,686762120.765776,ETHUSDT,2025-04-08,2025-04-08 23:59:59.999
1744156800000,1473.41,1689.0,1385.05,1669.51,1968530.9138,1744243199999,2995077137.626647,4723847,990740.8363,1508747907.727771,ETHUSDT,2025-04-09,2025-04-09 23:59:59.999
1744243200000,1669.51,1669.85,1471.02,1522.25,911855.3934,1744329599999,1425649915.894919,3007121,454828.2592,711164539.487151,ETHUSDT,2025-04-10,2025-04-10 23:59:59.999
1744329600000,1522.24,1591.47,1504.63,1566.85,578484.3183,1744415999999,901210974.608363,2547292,305707.1748,476514872.298804,ETHUSDT,2025-04-11,2025-04-11 23:59:59.999
1744416000000,1566.85,1669.59,1546.06,1644.18,501867.9033,1744502399999,813176435.313973,2177800,266899.4092,432987094.823904,ETHUSDT,2025-04-12,2025-04-12 23:59:59.999
1744502400000,1644.19,1649.75,1562.01,1597.76,580136.6145,1744588799999,931598664.291855,2597350,281372.538,452135764.611083,ETHUSDT,2025-04-13,2025-04-13 23:59:59.999
1744588800000,1597.76,1691.5,1595.56,1623.77,645930.1419,1744675199999,1062426756.849636,2975844,332185.1295,546536662.981744,ETHUSDT,2025-04-14,2025-04-14 23:59:59.999
1744675200000,1623.78,1661.21,1583.12,1588.78,476178.8915,1744761599999,774210116.710625,2283302,232389.8503,377978352.554607,ETHUSDT,2025-04-15,2025-04-15 23:59:59.999
1744761600000,1588.77,1613.66,1538.07,1577.14,611387.8686,1744847999999,965271509.893183,2645419,311107.7903,491272640.364742,ETHUSDT,2025-04-16,2025-04-16 23:59:59.999
1744848000000,1577.15,1616.96,1563.2,1583.62,449870.3628,1744934399999,716711483.143345,1871114,226961.4241,361610704.821231,ETHUSDT,2025-04-17,2025-04-17 23:59:59.999
1744934400000,1583.63,1600.64,1573.54,1588.6,200409.0359,1745020799999,317931022.839473,889028,99073.5374,157166748.966902,ETHUSDT,2025-04-18,2025-04-18 23:59:59.999
1745020800000,1588.6,1631.81,1585.01,1613.27,223096.3899,1745107199999,358254845.712294,1762563,119856.3027,192451022.067047,ETHUSDT,2025-04-19,2025-04-19 23:59:59.999
1745107200000,1613.26,1619.19,1565.59,1587.36,276052.2306,1745193599999,438377495.975152,1913811,138393.3947,219774032.482756,ETHUSDT,2025-04-20,2025-04-20 23:59:59.999
1745193600000,1587.36,1658.75,1564.07,1579.57,691486.6667,1745279999999,1117358203.868595,4257816,349723.7779,565324291.159292,ETHUSDT,2025-04-21,2025-04-21 23:59:59.999
1745280000000,1579.57,1778.0,1537.26,1756.26,1103036.9586,1745366399999,1833852783.080129,3841594,570956.5969,949980453.538352,ETHUSDT,2025-04-22,2025-04-22 23:59:59.999
1745366400000,1756.25,1834.86,1744.95,1795.07,887545.6316,1745452799999,1590311895.515477,3346263,465865.2367,834633411.499644,ETHUSDT,2025-04-23,2025-04-23 23:59:59.999
1745452800000,1795.08,1802.82,1722.9,1769.65,483465.0385,1745539199999,851507192.04646,2225460,228156.9812,401904077.519877,ETHUSDT,2025-04-24,2025-04-24 23:59:59.999
1745539200000,1769.64,1827.32,1738.6,1784.6,595610.8894,1745625599999,1063192910.339053,2516748,310119.5698,553732398.650821,ETHUSDT,2025-04-25,2025-04-25 23:59:59.999
1745625600000,1784.6,1841.16,1778.94,1820.88,355068.0442,1745711999999,640645562.865216,1907298,184308.0796,332672166.455174,ETHUSDT,2025-04-26,2025-04-26 23:59:59.999
1745712000000,1820.87,1857.47,1781.9,1791.29,340332.6435,1745798399999,616122293.308254,2405764,164744.7128,298455924.453593,ETHUSDT,2025-04-27,2025-04-27 23:59:59.999
1745798400000,1791.29,1827.98,1744.71,1799.88,587269.743,1745884799999,1049690759.152374,2980656,282424.4021,504906960.405928,ETHUSDT,2025-04-28,2025-04-28 23:59:59.999
1745884800000,1799.88,1842.99,1780.47,1797.81,480456.3884,1745971199999,871685371.749142,2590967,247137.1213,448518545.933271,ETHUSDT,2025-04-29,2025-04-29 23:59:59.999
1745971200000,1797.81,1816.8,1731.7,1793.61,473523.9877,1746057599999,843558998.326332,2468998,224863.7757,400751136.051079,ETHUSDT,2025-04-30,2025-04-30 23:59:59.999
1746057600000,1793.62,1873.17,1792.52,1838.11,537198.7291,1746143999999,988206595.824892,2398765,284534.1382,523485516.257833,ETHUSDT,2025-05-01,2025-05-01 23:59:59.999
1746144000000,1838.1,1871.0,1813.0,1842.2,410667.875,1746230399999,755324594.318921,2062923,214203.7089,394103918.039345,ETHUSDT,2025-05-02,2025-05-02 23:59:59.999
1746230400000,1842.2,1848.6,1810.0,1833.52,213751.5979,1746316799999,391267436.332057,1135719,102337.2203,187310371.211181,ETHUSDT,2025-05-03,2025-05-03 23:59:59.999
1746316800000,1833.52,1849.95,1803.0,1808.86,238254.3564,1746403199999,435999576.565349,1443996,115191.4115,210878994.455424,ETHUSDT,2025-05-04,2025-05-04 23:59:59.999
1746403200000,1808.86,1833.55,1781.85,1820.19,342341.0078,1746489599999,619310042.705,1961255,174628.629,315946281.030022,ETHUSDT,2025-05-05,2025-05-05 23:59:59.999
1746489600000,1820.19,1820.9,1752.0,1817.0,384584.2451,1746575999999,687049952.313885,2333041,187697.5461,335412217.286639,ETHUSDT,2025-05-06,2025-05-06 23:59:59.999
1746576000000,1817.0,1850.0,1787.01,1811.11,456170.0705,1746662399999,831394497.734043,2408512,237181.4755,432215626.276345,ETHUSDT,2025-05-07,2025-05-07 23:59:59.999
1746662400000,1811.11,2226.0,1808.71,2207.39,1473152.686,1746748799999,2976074419.323541,5616063,774940.4643,1564609175.673035,ETHUSDT,2025-05-08,2025-05-08 23:59:59.999
1746748800000,2207.39,2490.77,2184.33,2345.04,1667041.0382,1746835199999,3881949928.351723,6885286,816968.732,1901989668.677011,ETHUSDT,2025-05-09,2025-05-09 23:59:59.999
1746835200000,2345.04,2600.0,2317.0,2583.23,979350.1606,1746921599999,2393510879.665205,4862978,508011.2632,1242333639.703975,ETHUSDT,2025-05-10,2025-05-10 23:59:59.999
1746921600000,2583.22,2608.13,2435.51,2514.57,831584.3888,1747007999999,2087255708.689512,4340859,402700.0972,1010999635.269731,ETHUSDT,2025-05-11,2025-05-11 23:59:59.999
1747008000000,2514.58,2624.0,2406.63,2495.47,1068680.9433,1747094399999,2694150708.642761,5441783,534397.3204,1347640836.766131,ETHUSDT,2025-05-12,2025-05-12 23:59:59.999
1747094400000,2495.48,2738.5,2415.3,2679.71,1031355.6465,1747180799999,2653880363.305381,4666012,569632.7662,1468803335.988289,ETHUSDT,2025-05-13,2025-05-13 23:59:59.999
1747180800000,2679.71,2725.99,2547.26,2609.74,830047.1122,1747267199999,2183890526.340228,4181188,413256.8419,1088633834.584732,ETHUSDT,2025-05-14,2025-05-14 23:59:59.999
1747267200000,2609.75,2647.03,2476.03,2548.69,768954.0332,1747353599999,1963827790.236602,4305508,396304.5157,1012773316.797603,ETHUSDT,2025-05-15,2025-05-15 23:59:59.999
1747353600000,2548.7,2649.31,2529.4,2537.12,605953.6919,1747439999999,1568128704.046345,3310498,323624.7041,837990689.566938,ETHUSDT,2025-05-16,2025-05-16 23:59:59.999
1747440000000,2537.13,2538.16,2446.42,2475.08,494333.2782,1747526399999,1227578098.31878,2950197,227882.8455,566013389.009042,ETHUSDT,2025-05-17,2025-05-17 23:59:59.999
1747526400000,2475.09,2587.61,2323.21,2497.78,810103.1851,1747612799999,2001441345.434297,3416878,400896.368,990832542.382129,ETHUSDT,2025-05-18,2025-05-18 23:59:59.999
1747612800000,2497.78,2547.36,2348.38,2528.14,861747.523,1747699199999,2109843607.573324,4757453,431712.8465,1057907975.585551,ETHUSDT,2025-05-19,2025-05-19 23:59:59.999
1747699200000,2528.14,2588.63,2442.4,2524.19,676989.1747,1747785599999,1703522806.130449,3816684,338210.0092,851893459.669116,ETHUSDT,2025-05-20,2025-05-20 23:59:59.999
1747785600000,2524.19,2615.95,2452.2,2550.99,1095890.2902,1747871999999,2780015740.832861,5568312,550624.5604,1397549396.349744,ETHUSDT,2025-05-21,2025-05-21 23:59:59.999
1747872000000,2551.0,2692.99,2544.83,2664.82,852555.6669,1747958399999,2246807632.745271,5196535,448569.1098,1182067855.833156,ETHUSDT,2025-05-22,2025-05-22 23:59:59.999
1747958400000,2664.83,2734.23,2498.3,2526.5,971442.4532,1748044799999,2537338702.615742,5450420,473528.1684,1237163443.755829,ETHUSDT,2025-05-23,2025-05-23 23:59:59.999
1748044800000,2526.49,2575.85,2515.08,2530.4,257544.2344,1748131199999,656038924.220513,2090724,128007.8604,326091787.487667,ETHUSDT,2025-05-24,2025-05-24 23:59:59.999
1748131200000,2530.41,2554.26,2463.0,2551.22,359890.0299,1748217599999,901956598.724874,2556052,170482.1859,427565947.988837,ETHUSDT,2025-05-25,2025-05-25 23:59:59.999
