,equity
2014-02-11,1.0109438435687987
2014-02-12,1.0114438802302423
2014-02-13,1.016665741300748
2014-02-14,1.02227659512246
2014-02-18,1.0234987562658222
2014-02-19,1.0167213480222106
2014-02-20,1.0227210250624412
2014-02-21,1.0215543858741978
2014-02-24,1.0238863280398973
2014-02-25,1.0254526164663236
2014-02-26,1.026986163618211
2014-02-27,1.0323752780323971
2014-02-28,1.033177601252821
2014-03-03,1.0312589773109588
2014-03-04,1.0345443211084242
2014-03-05,1.0354818978147067
2014-03-06,1.0344371259335223
2014-03-07,1.0348769009755387
2014-03-10,1.0351642315015406
2014-03-11,1.0331166369553644
2014-03-12,1.0352911010630703
2014-03-13,1.0401082154002381
2014-03-14,1.043659836338218
2014-03-17,1.04629112765508
2014-03-18,1.0513067454487923
2014-03-19,1.043624709743466
2014-03-20,1.0467747646040106
2014-03-21,1.0434347605224539
2014-03-24,1.0414827365420456
2014-03-25,1.0436465646297313
2014-03-26,1.0421030509466618
2014-03-27,1.0415153687736622
2014-03-28,1.0422462416186349
2014-03-31,1.0465678022869997
2014-04-01,1.0479799882158374
2014-04-02,1.0474582866790265
2014-04-03,1.0471284579194138
2014-04-04,1.0441540527376003
2014-04-07,1.0396178086401824
2014-04-08,1.0424756343325265
2014-04-09,1.0536831776252882
2014-04-10,1.044838924618442
2014-04-11,1.0412044559426523
2014-04-14,1.0444938947241422
2014-04-15,1.0487027804443052
2014-04-16,1.0533785815279924
2014-04-17,1.0548499866622065
2014-04-21,1.056585612510644
2014-04-22,1.0587788402134413
2014-04-23,1.0588920883131328
2014-04-24,1.059809670624669
2014-04-25,1.0561926106086932
2014-04-28,1.0570893205405618
2014-04-29,1.060016502458396
2014-04-30,1.0629997413463554
2014-05-01,1.0635757340177532
2014-05-02,1.0635922006676788
2014-05-05,1.0642991099573427
2014-05-06,1.0602903222165005
2014-05-07,1.063825771672297
2014-05-08,1.0638292358011066
2014-05-09,1.0642089685414426
2014-05-12,1.0679910352371484
2014-05-13,1.0705540936194242
2014-05-14,1.0704638682763932
2014-05-15,1.067680882989241
2014-05-16,1.0684000316770546
2014-05-19,1.0696890142608857
2014-05-20,1.0678693687601182
2014-05-21,1.0715432333979458
2014-05-22,1.0722768299554541
2014-05-23,1.075515124057694
2014-05-27,1.0789762540168772
2014-05-28,1.0815495446868655
2014-05-29,1.0836721591198257
2014-05-30,1.0848195355067207
2014-06-02,1.0830984709263782
2014-06-03,1.0800924299356458
2014-06-04,1.0807646472429475
2014-06-05,1.085078047557659
2014-06-06,1.0899297382211683
2014-06-09,1.0933545763167765
2014-06-10,1.0939253826660444
2014-06-11,1.091356808529428
2014-06-12,1.0896206877440173
2014-06-13,1.090223750292721
2014-06-16,1.0906729934614328
2014-06-17,1.0877684905936742
2014-06-18,1.0946291395581633
2014-06-19,1.0938600463382666
2014-06-20,1.0929961825318795
2014-06-23,1.0924566429357532
2014-06-24,1.0913997067576653
2014-06-25,1.0943953306461316
2014-06-26,1.0954348254459565
2014-06-27,1.0964997829195349
2014-06-30,1.0966435671193173
2014-07-01,1.1086714820528614
2014-07-02,1.1105398519090979
2014-07-03,1.117546394782781
2014-07-07,1.1169650388729
2014-07-08,1.1159306101175521
2014-07-09,1.124217773323886
2014-07-10,1.123192246645929
2014-07-11,1.1248880771729701
2014-07-14,1.1316182743314966
2014-07-15,1.1300659391758954
2014-07-16,1.1329783027737468
2014-07-17,1.1458760835079171
2014-07-18,1.1505738992188814
2014-07-21,1.1496636125523574
2014-07-22,1.1528886178970077
2014-07-23,1.1541128432318113
2014-07-24,1.152807144241922
2014-07-25,1.1523363291368312
2014-07-28,1.1519039948638847
2014-07-29,1.1502059161025626
2014-07-30,1.1462536494921713
2014-07-31,1.1394756098410117
2014-08-01,1.1463111493661915
2014-08-04,1.1507818034365773
2014-08-05,1.1454803073161068
2014-08-06,1.1461564675712272
2014-08-07,1.1456490196562095
2014-08-08,1.151781416327655
2014-08-11,1.153173823259434
2014-08-12,1.1515396907626505
2014-08-13,1.1573203079342633
2014-08-14,1.1612178275759106
2014-08-15,1.1597361324989977
2014-08-18,1.1627711870011694
2014-08-19,1.1692869161928592
2014-08-20,1.1692869161928592
2014-08-21,1.172226327188425
2014-08-22,1.174004241597331
2014-08-25,1.1781526482657898
2014-08-26,1.1793378943955661
2014-08-27,1.179574907450128
2014-08-28,1.1782712000073123
2014-08-29,1.1826566197303328
2014-09-02,1.1860938968066224
2014-09-03,1.179100881341004
2014-09-04,1.1761547990263774
2014-09-05,1.1820716659458317
2014-09-08,1.1799174616181558
2014-09-09,1.1748175631539117
2014-09-10,1.1755523752191213
2014-09-11,1.1754880272113641
2014-09-12,1.1698320346526792
2014-09-15,1.1721984837229193
2014-09-16,1.1764459270864074
2014-09-17,1.175751705032451
2014-09-18,1.1846114838889716
2014-09-19,1.181067626422162
2014-09-22,1.1777688966758784
2014-09-23,1.1756536762622594
2014-09-24,1.1786063191859846
2014-09-25,1.1719555357673404
2014-09-26,1.1753669955580335
2014-09-29,1.1761738972778348
2014-09-30,1.1741155389255846
2014-10-01,1.1700123153064557
2014-10-02,1.1683638318134493
2014-10-03,1.1746267772831227
2014-10-06,1.1748997643681833
2014-10-07,1.169273010526713
2014-10-08,1.1815632399547948
2014-10-09,1.181406486586512
2014-10-10,1.176972033287088
2014-10-13,1.1846988878240596
2014-10-14,1.1862234747658464
2014-10-15,1.1915780915425729
2014-10-16,1.1911104721970396
2014-10-17,1.188226470158985
2014-10-20,1.1948351200928595
2014-10-21,1.2050398643930327
2014-10-22,1.2005848468497853
2014-10-23,1.2050697092586824
2014-10-24,1.2149251523990985
2014-10-27,1.2147231043767681
2014-10-28,1.2201955433613294
2014-10-29,1.2172476975661473
2014-10-30,1.2217864665763554
2014-10-31,1.2277849892437944
2014-11-03,1.2268338840503492
2014-11-04,1.2246472233328245
2014-11-05,1.2286900462737447
2014-11-06,1.2292738592050447
2014-11-07,1.2281858513227346
2014-11-10,1.2325376983969643
2014-11-11,1.23640599665989
2014-11-12,1.2385819201970047
2014-11-13,1.243900864893842
2014-11-14,1.2477691631567678
2014-11-17,1.2440217751535443
2014-11-18,1.253329836145504
2014-11-19,1.2476482528970652
2014-11-20,1.2532089258858017
2014-11-21,1.255626669942321
2014-11-24,1.2654182797455849
2014-11-25,1.2673523827632949
2014-11-26,1.2700541049744003
2014-11-28,1.2711698092053492
2014-12-01,1.2641190382751402
2014-12-02,1.265395415761671
2014-12-03,1.2680799631612578
2014-12-04,1.2696059675704825
2014-12-05,1.2697263916493577
2014-12-08,1.279330436654358
2014-12-09,1.2812627548744204
2014-12-10,1.2829214339341988
2014-12-11,1.2803672090825635
2014-12-12,1.2840915578908318
2014-12-15,1.277341108611784
2014-12-16,1.2754539149136122
2014-12-17,1.2835525404769796
2014-12-18,1.3026592107663773
2014-12-19,1.3056240894700004
2014-12-22,1.3145185580262662
2014-12-23,1.316165703553023
2014-12-24,1.3150676344609522
2014-12-26,1.3236326906673268
2014-12-29,1.3292329519473802
2014-12-30,1.3214364687058837
2014-12-31,1.3156290390475918
2015-01-02,1.3186284432746114
2015-01-05,1.3107443264173422
2015-01-06,1.3089739802510798
2015-01-07,1.325093576827153
2015-01-08,1.3475700571257496
2015-01-09,1.3346290323217758
2015-01-12,1.331750173079112
2015-01-13,1.3304918213995263
2015-01-14,1.3295426490044484
2015-01-15,1.351953374028883
2015-01-16,1.3558352421447815
2015-01-20,1.3666847414212389
2015-01-21,1.3635994168261578
2015-01-22,1.3720464726306618
2015-01-23,1.3727730828670872
2015-01-26,1.37280963035467
2015-01-27,1.3647002867925386
2015-01-28,1.3645765989280583
2015-01-29,1.3684638662727586
2015-01-30,1.3658535645548924
2015-02-02,1.3723341623912069
2015-02-03,1.3764678089856266
2015-02-04,1.3749805370031627
2015-02-05,1.3927469290148957
2015-02-06,1.39123730839118
2015-02-09,1.3802059151503452
2015-02-10,1.3890310828986687
2015-02-11,1.3870569704363298
2015-02-12,1.402849338578484
2015-02-13,1.4112100144881843
2015-02-17,1.415622642658726
2015-02-18,1.417132174689682
2015-02-19,1.4172483197975274
2015-02-20,1.4210802224288406
2015-02-23,1.4224736979447106
2015-02-24,1.424331665299204
2015-02-25,1.4259573424380056
2015-02-26,1.4311827205851886
2015-02-27,1.4234026816219574
2015-03-02,1.433737381401237
2015-03-03,1.4252605603836912
2015-03-04,1.4208480208059093
2015-03-05,1.4250283587607595
2015-03-06,1.4077202790459715
2015-03-09,1.4139069446465564
2015-03-10,1.4054405463939448
2015-03-11,1.4050495266877172
2015-03-12,1.4146402980027852
2015-03-13,1.4092423076424878
2015-03-16,1.4211030462927408
2015-03-17,1.4187175628505098
2015-03-18,1.4353880169382263
2015-03-19,1.4381516756107375
2015-03-20,1.4508185397028004
2015-03-23,1.4495518445080815
2015-03-24,1.4492063981559082
2015-03-25,1.435457423370384
2015-03-26,1.4297060077793078
2015-03-27,1.4341305536773565
2015-03-30,1.4428122976787183
2015-03-31,1.4383759473721376
2015-04-01,1.4380886822807264
2015-04-02,1.438625342553202
2015-04-06,1.444397436348126
2015-04-07,1.4430849577884508
2015-04-08,1.4554973407908565
2015-04-09,1.4502771251239908
2015-04-10,1.4572374126798113
2015-04-13,1.455425051517088
2015-04-14,1.4589674454975365
2015-04-15,1.4626435972764196
2015-04-16,1.4629734263257332
2015-04-17,1.4560384061576495
2015-04-20,1.4613541219652273
2015-04-21,1.458938761451297
2015-04-22,1.458289748378065
2015-04-23,1.4623540693631112
2015-04-24,1.4666174428844152
2015-04-27,1.462420946444943
2015-04-28,1.4613744506337583
2015-04-29,1.4556606888473227
2015-04-30,1.4481645268104897
2015-05-01,1.4509642516420775
2015-05-04,1.451535269180024
2015-05-05,1.4419978972892786
2015-05-06,1.438095513581907
2015-05-07,1.444020822933319
2015-05-08,1.4563114362569494
2015-05-11,1.445671960573288
2015-05-12,1.4440569694317453
2015-05-13,1.443238668364743
2015-05-14,1.4643527400190506
2015-05-15,1.470397348744052
2015-05-18,1.467721792383556
2015-05-19,1.4642270924380356
2015-05-20,1.4653070554525631
2015-05-21,1.4718048003112054
2015-05-22,1.468387010496964
2015-05-26,1.465057644844579
2015-05-27,1.4715994930426284
2015-05-28,1.4714584859989521
2015-05-29,1.467300505550925
2015-06-01,1.4644031907333492
2015-06-02,1.4585782847570148
2015-06-03,1.4542914571932848
2015-06-04,1.4516935993886582
2015-06-05,1.4452037900329826
2015-06-08,1.4417983846968652
2015-06-09,1.4393500132501489
2015-06-10,1.4452186540491023
2015-06-11,1.4532564937516335
2015-06-12,1.447277453652375
2015-06-15,1.4522030905900702
2015-06-16,1.452356575988175
2015-06-17,1.4539449964815574
2015-06-18,1.460952626376376
2015-06-19,1.458078408006758
2015-06-22,1.4556777077844625
2015-06-23,1.4539717995474593
2015-06-24,1.4541956148937127
2015-06-25,1.451423942253447
2015-06-26,1.448729098286979
2015-06-29,1.4604316106899946
2015-06-30,1.4538999230842469
2015-07-01,1.4464618265535951
2015-07-02,1.4476065310930615
2015-07-06,1.450663824931902
2015-07-07,1.4571519168669995
2015-07-08,1.462217873821197
2015-07-09,1.4588961721095852
2015-07-10,1.4630274141641328
2015-07-13,1.4691439078623423
2015-07-14,1.4788005209553543
2015-07-15,1.4813799380531052
2015-07-16,1.5023163436179554
2015-07-17,1.5244604631775012
2015-07-20,1.5296946413627361
2015-07-21,1.5287880022222389
2015-07-22,1.5283613391996334
2015-07-23,1.5271805179194726
2015-07-24,1.5199829955585487
2015-07-27,1.518962305276312
2015-07-28,1.5261445788414494
2015-07-29,1.5303124704751454
2015-07-30,1.537583324075376
2015-07-31,1.5357998360615002
2015-08-03,1.5343640194600114
2015-08-04,1.5289065076863506
2015-08-05,1.528470249471151
2015-08-06,1.524889605192033
2015-08-07,1.5264465043172684
2015-08-10,1.5329072173511684
2015-08-11,1.53105337232288
2015-08-12,1.5316835059535718
2015-08-13,1.528719799494869
2015-08-14,1.5310751668917935
2015-08-17,1.543821400923367
2015-08-18,1.5359242661752794
2015-08-19,1.5345499786576056
2015-08-20,1.5499901511553849
2015-08-21,1.5579401574556166
2015-08-24,1.5550369513291555
2015-08-25,1.5411455005052768
2015-08-26,1.5258849841227475
2015-08-27,1.5258806356654055
2015-08-28,1.5260621802772347
2015-08-31,1.5256154042103705
2015-09-01,1.5305023977408223
2015-09-02,1.542947214091192
2015-09-03,1.5453854778680247
2015-09-04,1.5360804901917327
2015-09-08,1.5520075883527733
2015-09-09,1.5422670128415916
2015-09-10,1.5423463984915844
2015-09-11,1.5478821371703688
2015-09-14,1.5490456876145897
2015-09-15,1.5406137166211715
2015-09-16,1.5506515658410414
2015-09-17,1.5650474841592628
2015-09-18,1.5519461205709497
2015-09-21,1.5515401137339973
2015-09-22,1.5453285402193737
2015-09-23,1.5432276379535625
2015-09-24,1.541591612724621
2015-09-25,1.5393776666606576
2015-09-28,1.5340280616999205
2015-09-29,1.5335557431631475
2015-09-30,1.5480047811332225
2015-10-01,1.5494502649111235
2015-10-02,1.5647603370730772
2015-10-05,1.574348591715483
2015-10-06,1.5732593648418163
2015-10-07,1.5805644267592445
2015-10-08,1.587869342012243
2015-10-09,1.5947898497948436
2015-10-12,1.5967121804756927
2015-10-13,1.5924214192826394
2015-10-14,1.5929580262187109
2015-10-15,1.6133706421981162
2015-10-16,1.6164518693985543
2015-10-19,1.616475404478227
2015-10-20,1.6126726325054228
2015-10-21,1.6104429994612885
2015-10-22,1.6467454977871903
2015-10-23,1.6927030773085738
2015-10-26,1.6928278616239365
2015-10-27,1.696847564076815
2015-10-28,1.7021000450892083
2015-10-29,1.6963847680778388
2015-10-30,1.6943968851167397
2015-11-02,1.7006994439130738
2015-11-03,1.7009302678984992
2015-11-04,1.697470400774404
2015-11-05,1.6960633916670658
2015-11-06,1.7018206241776739
2015-11-09,1.692426757727517
2015-11-10,1.6959876886862877
2015-11-11,1.6922513077651977
2015-11-12,1.6809215434342704
2015-11-13,1.6746742220292048
2015-11-16,1.6885155115460178
2015-11-17,1.6889079411326888
2015-11-18,1.714420206295323
2015-11-19,1.7222701455549905
2015-11-20,1.7348299884804028
2015-11-23,1.724625022525294
2015-11-24,1.7250176018371033
2015-11-25,1.7253813279169437
2015-11-27,1.727263566260825
2015-11-30,1.7240029740799157
2015-12-01,1.7354633190209632
2015-12-02,1.7241706254009261
2015-12-03,1.7030329570030187
2015-12-04,1.7227913767732987
2015-12-07,1.7203415930706956
2015-12-08,1.7222522048974387
2015-12-09,1.7218753008526084
2015-12-10,1.719258115652394
2015-12-11,1.730839057834966
2015-12-14,1.7133675999288625
2015-12-15,1.708916328454139
2015-12-16,1.7170094406796346
2015-12-17,1.7075041769803405
2015-12-18,1.690392694131602
2015-12-21,1.6977619318514363
2015-12-22,1.7089223003572558
2015-12-23,1.721611588726522
2015-12-24,1.7213057580977489
2015-12-28,1.7195015422721853
2015-12-29,1.7465478864412112
2015-12-30,1.7406896575314625
2015-12-31,1.7329734677289803
2016-01-04,1.7488787312925695
2016-01-05,1.7501103399157376
2016-01-06,1.7443550762707403
2016-01-07,1.725311058901565
2016-01-08,1.7180213265638473
2016-01-11,1.7161459772537226
2016-01-12,1.7269253499936235
2016-01-13,1.7087701667410293
2016-01-14,1.721051355381949
2016-01-15,1.7339083925192058
2016-01-19,1.7319515074814271
2016-01-20,1.7477834239088559
2016-01-21,1.7466015675748918
2016-01-22,1.7625789205820868
2016-01-25,1.7745848042874897
2016-01-26,1.7853614938687694
2016-01-27,1.7893489782465546
2016-01-28,1.7951650490672988
2016-01-29,1.8218425580104338
2016-02-01,1.8180903882172448
2016-02-02,1.8081468891818415
2016-02-03,1.8125757031289702
2016-02-04,1.8161518599654336
2016-02-05,1.8000127159879595
2016-02-08,1.794622130447174
2016-02-09,1.7948327764808696
2016-02-10,1.7967363894031405
2016-02-11,1.836971270595594
2016-02-12,1.8489012922595354
2016-02-16,1.8617456104086747
2016-02-17,1.874671511406258
2016-02-18,1.875178892761304
2016-02-19,1.874739621491442
2016-02-22,1.887378731281746
2016-02-23,1.8773412134690919
2016-02-24,1.881636244473899
2016-02-25,1.8958383872162472
2016-02-26,1.8890425205056418
2016-02-29,1.8831752084151814
2016-03-01,1.8966230039415586
2016-03-02,1.8992385044241546
2016-03-03,1.904089445579411
2016-03-04,1.9039697629800922
2016-03-07,1.9028103994467207
2016-03-08,1.8979271160624582
2016-03-09,1.8988890839948842
2016-03-10,1.8962569701893723
2016-03-11,1.9088533509694823
2016-03-14,1.9083339014992922
2016-03-15,1.9066030008269572
2016-03-16,1.9171299191137874
2016-03-17,1.9241684799591154
2016-03-18,1.9175697557486393
2016-03-21,1.9162118497279341
2016-03-22,1.9136758147253483
2016-03-23,1.9027405243554893
2016-03-24,1.907989417012421
2016-03-28,1.9099509581184047
2016-03-29,1.9398008152660324
2016-03-30,1.9512140845917738
2016-03-31,1.9472633632794962
2016-04-01,1.9621882918533102
2016-04-04,1.9547257438398464
2016-04-05,1.9358500939537548
2016-04-06,1.9547257438398464
2016-04-07,1.9480736833823853
2016-04-08,1.9480736833823853
2016-04-11,1.9456117104400155
2016-04-12,1.9508098996798755
2016-04-13,1.9707297079232344
2016-04-14,1.9702869517055928
2016-04-15,1.9627617846258907
2016-04-18,1.9686812334852473
2016-04-19,1.9701818780764828
2016-04-20,1.9661178568725932
2016-04-21,1.9592176618420216
2016-04-22,1.9786382229881574
2016-04-25,1.9758487831605347
2016-04-26,1.975237743543479
2016-04-27,1.9827040009422896
2016-04-28,1.9771419978264315
2016-04-29,1.9714454757391262
2016-05-02,1.9749790573627428
2016-05-03,1.9722455249962172
2016-05-04,1.9685349243301824
2016-05-05,1.9710182396942555
2016-05-06,1.982637728525332
2016-05-09,1.985342393649801
2016-05-10,1.997505568327783
2016-05-11,1.9896976258376955
2016-05-12,1.9872923518038532
2016-05-13,1.9824112941244698
2016-05-16,1.9886142958512643
2016-05-17,1.9779840003863656
2016-05-18,1.9702964792224005
2016-05-19,1.9678730758308216
2016-05-20,2.00092384090344
2016-05-23,1.9985760243002584
2016-05-24,2.0397539634376023
2016-05-25,2.051673827918583
2016-05-26,2.0493260113154017
2016-05-27,2.0697343372097516
2016-05-31,2.076958568484369
2016-06-01,2.0910457436849605
2016-06-02,2.1071195859308403
2016-06-03,2.0944772845433226
2016-06-06,2.117052921157283
2016-06-07,2.12319342817672
2016-06-08,2.1389061208647067
2016-06-09,2.1251800952220083
2016-06-10,2.1188407682903465
2016-06-13,2.1287641549531955
2016-06-14,2.129606456782004
2016-06-15,2.140741959442081
2016-06-16,2.1306382520145344
2016-06-17,2.1406938901708363
2016-06-20,2.1297050473957597
2016-06-21,2.1068289620735805
2016-06-22,2.1094401014928095
2016-06-23,2.09752167957467
2016-06-24,2.163448884316153
2016-06-27,2.1786377499765712
2016-06-28,2.1980922723634966
2016-06-29,2.2123386496630335
2016-06-30,2.253496735952721
2016-07-01,2.2615322612136515
2016-07-05,2.2282139670568757
2016-07-06,2.2321337135945862
2016-07-07,2.236837439345588
2016-07-08,2.288970935563861
2016-07-11,2.3154295985152706
2016-07-12,2.3463961045609185
2016-07-13,2.3371845357156786
2016-07-14,2.3395364733555524
2016-07-15,2.3460040401899
2016-07-18,2.349923936256356
2016-07-19,2.351879822054475
2016-07-20,2.367256715125128
2016-07-21,2.356019743234585
2016-07-22,2.373565187933751
2016-07-25,2.3693892675106687
2016-07-26,2.3745659183514003
2016-07-27,2.3942375470040083
2016-07-28,2.3962577572093484
2016-07-29,2.405060016993044
2016-08-01,2.409719990404392
2016-08-02,2.399108978410026
2016-08-03,2.4074193720424835
2016-08-04,2.4204043744766617
2016-08-05,2.443777418485265
2016-08-08,2.44325810556748
2016-08-09,2.4484520272869856
2016-08-10,2.4406611447077267
2016-08-11,2.4494908512579694
2016-08-12,2.4468938903982163
2016-08-15,2.4588400688614107
2016-08-16,2.4406611447077267
2016-08-17,2.439622320736743
2016-08-18,2.4406611447077267
2016-08-19,2.4422192815964956
2016-08-22,2.4422192815964956
2016-08-23,2.4510489881467388
2016-08-24,2.4443433274099746
2016-08-25,2.4415385970946177
2016-08-26,2.442576910742439
2016-08-29,2.4519215355347526
2016-08-30,2.4497907752692454
2016-08-31,2.4456272230325156
2016-09-01,2.4534339579283455
2016-09-02,2.4643635059056463
2016-09-06,2.4738341251507197
2016-09-07,2.4743837291715463
2016-09-08,2.465488026304674
2016-09-09,2.4515140922309677
2016-09-12,2.4510710188681175
2016-09-13,2.4384162619103247
2016-09-14,2.4453389810550554
2016-09-15,2.4578877165016784
2016-09-16,2.4483131940685117
2016-09-19,2.4487645906541076
2016-09-20,2.4518138738615165
2016-09-21,2.4675864867987096
2016-09-22,2.4872184670426787
2016-09-23,2.480961621355034
2016-09-26,2.4835458283550644
2016-09-27,2.4933623009390584
2016-09-28,2.4989943694023458
2016-09-29,2.4884701859340996
2016-09-30,2.494753166306576
2016-10-03,2.487183220196387
2016-10-04,2.4751538910965563
2016-10-05,2.47784213569953
2016-10-06,2.4765906458638796
2016-10-07,2.4711672580066653
2016-10-10,2.4868115175188454
2016-10-11,2.451351100472921
2016-10-12,2.4492652310329577
2016-10-13,2.4405044839001295
2016-10-14,2.4434247329444054
2016-10-17,2.4367498552515405
2016-10-18,2.4584432475387605
2016-10-19,2.458234612852273
2016-10-20,2.455314363807997
2016-10-21,2.4644923803138
2016-10-24,2.494112140129535
2016-10-25,2.48618577260102
2016-10-26,2.469289864111552
2016-10-27,2.46174484689746
2016-10-28,2.458331058021677
2016-10-31,2.462976553942179
2016-11-01,2.4692765596359716
2016-11-02,2.482137812791762
2016-11-03,2.487974724255445
2016-11-04,2.4927145660110415
2016-11-07,2.46508236112081
2016-11-08,2.455568314204196
2016-11-09,2.436062955302974
2016-11-10,2.431771207264812
2016-11-11,2.4876335939074843
2016-11-14,2.5225962777180477
2016-11-15,2.5304093760829978
2016-11-16,2.5302138623493566
2016-11-17,2.5450586002231472
2016-11-18,2.5585359341183613
2016-11-21,2.570450648340586
2016-11-22,2.5938893473569795
2016-11-23,2.6101011911701186
2016-11-25,2.6186954503519493
2016-11-28,2.618512274991001
2016-11-29,2.622426218073854
2016-11-30,2.610495277268745
2016-12-01,2.598877732542303
2016-12-02,2.605361297943431
2016-12-05,2.612693389581899
2016-12-06,2.640949379308559
2016-12-07,2.662616250295876
2016-12-08,2.6608300842219528
2016-12-09,2.6620326648204466
2016-12-12,2.6607594621914528
2016-12-13,2.670401448443453
2016-12-14,2.6482824490018038
2016-12-15,2.650034757698578
2016-12-16,2.645169094716747
2016-12-19,2.662490843053004
2016-12-20,2.685067590563058
2016-12-21,2.6675510256425676
2016-12-22,2.633686201353987
2016-12-23,2.6476990375232785
2016-12-27,2.659571267078005
2016-12-28,2.632323673170354
2016-12-29,2.6346590963691527
2016-12-30,2.6245387311900252
2017-01-03,2.6339516034269743
2017-01-04,2.6778766031860415
2017-01-05,2.6469736126931385
2017-01-06,2.637255668771991
2017-01-09,2.6199577404550722
2017-01-10,2.645029905281664
2017-01-11,2.649694625128335
2017-01-12,2.6292868835803023
2017-01-13,2.6483339706266804
2017-01-17,2.612377756059301
2017-01-18,2.6209295941608093
2017-01-19,2.599549998907039
2017-01-20,2.6129608089691208
2017-01-23,2.616416409107332
2017-01-24,2.65647931248628
2017-01-25,2.6613960627904296
2017-01-26,2.650727919908377
2017-01-27,2.6416115338061994
2017-01-30,2.63304195533503
2017-01-31,2.637453377597707
2017-02-01,2.6334557774848935
2017-02-02,2.634826652461774
2017-02-03,2.6750887737412428
2017-02-06,2.654957713101508
2017-02-07,2.6432310467002904
2017-02-08,2.638540201202344
2017-02-09,2.6756750921498482
2017-02-10,2.6960017910785172
2017-02-13,2.7030379102108877
2017-02-14,2.7120283246289114
2017-02-15,2.7282504964682395
2017-02-16,2.720628058927263
2017-02-17,2.7188691037014454
2017-02-21,2.740172801158392
2017-02-22,2.728055156408404
2017-02-23,2.7118329845690754
2017-02-24,2.709878391054323
2017-02-27,2.736263912357986
2017-02-28,2.731923978640645
2017-03-01,2.7705415218796796
2017-03-02,2.75227658870281
2017-03-03,2.758538823067331
2017-03-06,2.754363867442423
2017-03-07,2.754363867442423
2017-03-08,2.757495084161104
2017-03-09,2.7554008491309374
2017-03-10,2.766983537286357
2017-03-13,2.7642225545019947
2017-03-14,2.7603995708746987
2017-03-15,2.7844395336987753
2017-03-16,2.7825422450030435
2017-03-17,2.77579736600013
2017-03-20,2.778326655422614
2017-03-21,2.795134357368859
2017-03-22,2.8012070726299187
2017-03-23,2.7978612331019526
2017-03-24,2.7976413301737884
2017-03-27,2.799653661822854
2017-03-28,2.81677175671747
2017-03-29,2.8298242673433083
2017-03-30,2.8345317516018405
2017-03-31,2.8326060516325784
2017-04-03,2.8308942094930662
2017-04-04,2.8353875094213445
2017-04-05,2.833853127519024
2017-04-06,2.8353560996466647
2017-04-07,2.8338531275190237
2017-04-10,2.8349268662725184
2017-04-11,2.822686834268998
2017-04-12,2.8113059243318985
2017-04-13,2.8001396310818722
2017-04-17,2.8233310119892816
2017-04-18,2.8271834266100613
2017-04-19,2.810952146822236
2017-04-20,2.810458144226974
2017-04-21,2.8151483932765444
2017-04-24,2.849127381617682
2017-04-25,2.869727090641754
2017-04-26,2.865692049320883
2017-04-27,2.882893794701311
2017-04-28,2.887990740166776
2017-05-01,2.8863468841472057
2017-05-02,2.889880497293604
2017-05-03,2.8851386491330677
2017-05-04,2.8673285008992675
2017-05-05,2.8702996759220647
2017-05-08,2.866539788450697
2017-05-09,2.8635973361461544
2017-05-10,2.8656262889473534
2017-05-11,2.8637852327893794
2017-05-12,2.8702051487015843
2017-05-15,2.8793166452477483
2017-05-16,2.8913276421340415
2017-05-17,2.929187802978252
2017-05-18,2.9167957482522606
2017-05-19,2.9291208753286324
2017-05-22,2.9537711294813755
2017-05-23,2.956746137792804
2017-05-24,2.9703462221095616
2017-05-25,2.9956339548824977
2017-05-26,3.0009464928851624
2017-05-30,3.0034964073659336
2017-05-31,3.0024338349150836
2017-06-01,3.0141214833712624
2017-06-02,3.048546950119607
2017-06-05,3.0448726993536734
2017-06-06,3.0448258388579297
2017-06-07,3.044816254888788
2017-06-08,3.043159162885548
2017-06-09,3.0394325508312154
2017-06-12,3.038836928588709
2017-06-13,3.0635004398488546
2017-06-14,3.0695544343826575
2017-06-15,3.0638969952985513
2017-06-16,3.0423153622144485
2017-06-19,3.093186066461471
2017-06-20,3.068961921581937
2017-06-21,3.099352151335094
2017-06-22,3.098471090052334
2017-06-23,3.1103630651846235
2017-06-26,3.095828578256903
2017-06-27,3.0757543066137725
2017-06-28,3.1200980581164526
2017-06-29,3.10056916246017
2017-06-30,3.095736166827709
2017-07-03,3.121658628420517
2017-07-05,3.1104547134517717
2017-07-06,3.056633082314664
2017-07-07,3.086290070495157
2017-07-10,3.0728895526425495
2017-07-11,3.0818961943160543
2017-07-12,3.105621717819311
2017-07-13,3.1082581105679106
2017-07-14,3.1135302256537303
2017-07-17,3.1207797191024214
2017-07-18,3.112651651541323
2017-07-19,3.1436266684932708
2017-07-20,3.1458232713771324
2017-07-21,3.1315441794121184
2017-07-24,3.135937720385531
2017-07-25,3.1644962395212484
2017-07-26,3.1469217404219076
2017-07-27,3.1269307435063367
2017-07-28,3.1185831162185593
2017-07-31,3.1086972300212685
2017-08-01,3.114628694698505
2017-08-02,3.0805781655446
2017-08-03,3.06520060453481
2017-08-04,3.080139046091241
2017-08-07,3.0851916014503815
2017-08-08,3.0800977405487147
2017-08-09,3.0819082883002245
2017-08-10,3.0990996444203747
2017-08-11,3.103119017072198
2017-08-14,3.1147489642968673
2017-08-15,3.1099144893990833
2017-08-16,3.115534163824747
2017-08-17,3.0967707934043944
2017-08-18,3.094638301941444
2017-08-21,3.0968564003920047
2017-08-22,3.1429972428753996
2017-08-23,3.1353974212233124
2017-08-24,3.132683302741693
2017-08-25,3.1389620267886067
2017-08-28,3.1404821383141677
2017-08-29,3.145917695527473
2017-08-30,3.1520607443034843
2017-08-31,3.164021393192669
2017-09-01,3.159243105666716
2017-09-05,3.1588922127320767
2017-09-06,3.160499574753748
2017-09-07,3.167168720188742
2017-09-08,3.164143231325338
2017-09-11,3.1719886961629977
2017-09-12,3.173517159481133
2017-09-13,3.1710391175450274
2017-09-14,3.1708269056204563
2017-09-15,3.1670377564535044
2017-09-18,3.1642297798292245
2017-09-19,3.164043872194819
2017-09-20,3.16151290253416
2017-09-21,3.155208072443779
2017-09-22,3.158330906536512
2017-09-25,3.1598252896765957
2017-09-26,3.1594523644114
2017-09-27,3.1575008774976547
2017-09-28,3.1590990616662546
2017-09-29,3.162725788155283
2017-10-02,3.1654300722368984
2017-10-03,3.1710519153219154
2017-10-04,3.1609269146392864
2017-10-05,3.169575185082799
2017-10-06,3.1651456381013845
2017-10-09,3.152067176940521
2017-10-10,3.1611377381586023
2017-10-11,3.158817391974253
2017-10-12,3.1564970457899038
2017-10-13,3.1508015920886887
2017-10-16,3.1480595988657076
2017-10-17,3.1389890376476264
2017-10-18,3.1539658760862386
2017-10-19,3.149114038330256
2017-10-20,3.1636689078622675
2017-10-23,3.1590082539056508
2017-10-24,3.157021588579215
2017-10-25,3.1466719086931323
2017-10-26,3.1466208231563377
2017-10-27,3.231357376524708
2017-10-30,3.2311391753434875
2017-10-31,3.2450576350147267
2017-11-01,3.245573046122517
2017-11-02,3.2471196727393714
2017-11-03,3.2728945543572063
2017-11-06,3.2801114897467216
2017-11-07,3.2816579197168347
2017-11-08,3.299700454837364
2017-11-09,3.2734099654649977
2017-11-10,3.2734099654649977
2017-11-13,3.272378946602675
2017-11-14,3.265677422320951
2017-11-15,3.24144916731997
2017-11-16,3.2868128173817053
2017-11-17,3.265677422320951
2017-11-20,3.2780494520220778
2017-11-21,3.3125878956462813
2017-11-22,3.3064017824723475
2017-11-24,3.324959728700667
2017-11-27,3.324959728700667
2017-11-28,3.33578513178494
2017-11-29,3.3294386221120402
2017-11-30,3.3388320119438215
2017-12-01,3.338999853608115
2017-12-04,3.3361918151332444
2017-12-05,3.331452698064761
2017-12-06,3.335227562401263
2017-12-07,3.3375015941064254
2017-12-08,3.353319097171008
2017-12-11,3.3572626263102197
2017-12-12,3.358797834584792
2017-12-13,3.359845554994926
2017-12-14,3.3523481659319825
2017-12-15,3.3779864279538736
2017-12-18,3.4078106427287667
2017-12-19,3.3868816773526094
2017-12-20,3.385834989567146
2017-12-21,3.3790331157393374
2017-12-22,3.3769401393628367
2017-12-26,3.354441142308484
2017-12-27,3.362439783352287
2017-12-28,3.368202800284048
2017-12-29,3.3645691218377727
2018-01-02,3.4061328406819267
2018-01-03,3.4345436363734314
2018-01-04,3.451905856196265
2018-01-05,3.4882086064801014
2018-01-08,3.501361730333493
2018-01-09,3.4924173010480577
2018-01-10,3.480316651887769
2018-01-11,3.494521849032779
2018-01-12,3.5150406901319515
2018-01-16,3.509873376761654
2018-01-17,3.522742672250999
2018-01-18,3.514214027856721
2018-01-19,3.5176492142429314
2018-01-22,3.531272268060248
2018-01-23,3.540125315169218
2018-01-24,3.5360355014354057
2018-01-25,3.540700428033726
2018-01-26,3.5559242023794098
2018-01-29,3.541473846450233
2018-01-30,3.5297206861447954
2018-01-31,3.531110307409887
2018-02-01,3.517141934357282
2018-02-02,3.487560019611637
2018-02-05,3.5063045692049792
2018-02-06,3.4802478478407934
2018-02-07,3.466971769075423
2018-02-08,3.4711361146821798
2018-02-09,3.465168992242194
2018-02-12,3.4901026603026915
2018-02-13,3.497346260932876
2018-02-14,3.510354896533098
2018-02-15,3.5332687095580604
2018-02-16,3.5379525373829135
2018-02-20,3.524969111127161
2018-02-21,3.511013188916275
2018-02-22,3.5157074586928667
2018-02-23,3.587600157417718
2018-02-26,3.610537936241215
2018-02-27,3.5823466900013856
2018-02-28,3.5684193364753614
2018-03-01,3.5693123840062513
2018-03-02,3.5718926909375766
2018-03-05,3.5902599912951505
2018-03-06,3.5946345166754954
2018-03-07,3.5939758290011645
2018-03-08,3.6063738232087843
2018-03-09,3.6338696269476385
2018-03-12,3.635867810121663
2018-03-13,3.6271441822992436
2018-03-14,3.621382176840271
2018-03-15,3.6187026896143073
2018-03-16,3.611320816868918
2018-03-19,3.613469661497813
2018-03-20,3.6018337771082547
2018-03-21,3.599612446248577
2018-03-22,3.599898239556875
2018-03-23,3.6256439705713857
2018-03-26,3.6302195008535456
2018-03-27,3.6096202656327305
2018-03-28,3.58435454156169
2018-03-29,3.610908938543403
2018-04-02,3.630783012774036
2018-04-03,3.6112788512370777
2018-04-04,3.612369294020494
2018-04-05,3.5985135991164046
2018-04-06,3.6148534674637323
2018-04-09,3.621353945543918
2018-04-10,3.6469782213158735
2018-04-11,3.6391935101415873
2018-04-12,3.647618174227793
2018-04-13,3.643870383326286
2018-04-16,3.657961739590035
2018-04-17,3.678599261844174
2018-04-18,3.6727894824228966
2018-04-19,3.6575703164617774
2018-04-20,3.6359618880700926
2018-04-23,3.6338994302572307
2018-04-24,3.640573589512064
2018-04-25,3.641121386348494
2018-04-26,3.664849372754217
2018-04-27,3.6696410452255366
2018-04-30,3.657517026943154
2018-05-01,3.654472866921999
2018-05-02,3.6425590933258634
2018-05-03,3.643216748072297
2018-05-04,3.6669793683380596
2018-05-07,3.672280599120275
2018-05-08,3.6692080476870244
2018-05-09,3.6889685064828712
2018-05-10,3.710043405330033
2018-05-11,3.7047415052579726
2018-05-14,3.701605528428581
2018-05-15,3.6786164040194245
2018-05-16,3.6825124044995206
2018-05-17,3.699446778343556
2018-05-18,3.7042522478126285
2018-05-21,3.7287384228634393
2018-05-22,3.701734980743704
2018-05-23,3.706540799396723
2018-05-24,3.7079137906736013
2018-05-25,3.7012775497740424
2018-05-29,3.699970727032957
2018-05-30,3.7586130981171912
2018-05-31,3.7461845297389815
2018-06-01,3.753975999614399
2018-06-04,3.75626512859661
2018-06-05,3.7624393273478036
2018-06-06,3.7705929045798863
2018-06-07,3.7783822996890932
2018-06-08,3.7813706258210584
2018-06-11,3.782026383886622
2018-06-12,3.7833537780648463
2018-06-13,3.7750821515295296
2018-06-14,3.7952165130627367
2018-06-15,3.7963477267844152
2018-06-18,3.7933754648462004
2018-06-19,3.7911324883488975
2018-06-20,3.7882425693670605
2018-06-21,3.781391283196724
2018-06-22,3.768815146925962
2018-06-25,3.745746661204071
2018-06-26,3.7508091727824464
2018-06-27,3.7424224934189407
2018-06-28,3.7512988375265364
2018-06-29,3.7525365663925743
2018-07-02,3.751789068975775
2018-07-03,3.749934953783467
2018-07-05,3.7654136697710903
2018-07-06,3.8239897284794218
2018-07-09,3.8583950058094856
2018-07-10,3.86122592281193
2018-07-11,3.8416278033805686
2018-07-12,3.907825408356749
2018-07-13,3.9110915954616825
2018-07-16,3.901727971982117
2018-07-17,3.925463483257896
2018-07-18,3.9180595720412907
2018-07-19,3.8984617848771834
2018-07-20,3.8975909124049526
2018-07-23,3.9100027556709533
2018-07-24,3.9261167206788836
2018-07-25,3.980990989912539
2018-07-26,3.9206728539924915
2018-07-27,3.867758297021796
2018-07-30,3.855186387160479
2018-07-31,3.884687475748651
2018-08-01,3.8730456227371928
2018-08-02,3.9257446651470445
2018-08-03,3.9391852982355946
2018-08-06,3.96237236374271
2018-08-07,3.976809706568828
2018-08-08,3.9816221541775345
2018-08-09,3.9792159303731816
2018-08-10,3.9744738797333286
2018-08-13,3.966452248540135
2018-08-14,3.9771687149881916
2018-08-15,3.9671816981357004
2018-08-16,3.9826511577661194
2018-08-17,3.990438810420183
2018-08-20,4.000937463991577
2018-08-21,4.002905338543289
2018-08-22,4.005420749623088
2018-08-23,4.002566627260674
2018-08-24,4.015194836860865
2018-08-27,4.056121322076223
2018-08-28,4.062062355537963
2018-08-29,4.108929874215061
2018-08-30,4.101668685705479
2018-08-31,4.106949305896847
2018-09-04,4.089346790930352
2018-09-05,4.036538238791514
2018-09-06,4.000452545915877
2018-09-07,3.9850501774469684
2018-09-10,3.998472313344114
2018-09-11,4.02927705028193
2018-09-12,4.017395319104901
2018-09-13,4.060302036892022
2018-09-14,4.048420305714993
2018-09-17,4.038102378029246
2018-09-18,4.060013798467807
2018-09-19,4.058764095938258
2018-09-20,4.07541085060693
2018-09-21,4.045587962158473
2018-09-24,4.036665112825818
2018-09-25,4.032792140610629
2018-09-26,4.033360578545825
2018-09-27,4.038995689913494
2018-09-28,4.040202572657097
2018-10-01,4.038035758117999
2018-10-02,4.042071602765412
2018-10-03,4.0281685657982536
2018-10-04,4.024008956359049
2018-10-05,4.007917071211143
2018-10-08,4.008720923749468
2018-10-09,4.00287102946426
2018-10-10,4.008849214020284
2018-10-11,4.068563127819588
2018-10-12,4.056468354423031
2018-10-15,4.071234911228817
2018-10-16,4.115542602881752
2018-10-17,4.109962493804221
2018-10-18,4.115966741885728
2018-10-19,4.115100656163185
2018-10-22,4.110190798880475
2018-10-23,4.127604463444388
2018-10-24,4.143493376772102
2018-10-25,4.133949706773426
2018-10-26,4.149757485076662
2018-10-29,4.141378597212056
2018-10-30,4.12779458351849
2018-10-31,4.111096428108847
2018-11-01,4.134861111677675
2018-11-02,4.123699192305316
2018-11-05,4.11998749852864
2018-11-06,4.111880446070128
2018-11-07,4.155895851147576
2018-11-08,4.149213105089878
2018-11-09,4.1086826117270006
2018-11-12,4.076449452629118
2018-11-13,4.074258689279939
2018-11-14,4.064586054057258
2018-11-15,4.087208207499918
2018-11-16,4.097837493819318
2018-11-19,4.066219835518219
2018-11-20,4.06581830640014
2018-11-21,4.072344067302946
2018-11-23,4.059951656408436
2018-11-26,4.05606934644865
2018-11-27,4.045971801772928
2018-11-28,4.053339619733836
2018-11-29,4.06486382846297
2018-11-30,4.065353393979588
2018-12-03,4.092468649887481
2018-12-04,4.1143970908026715
2018-12-06,4.11997872554419
2018-12-07,4.142713213203519
2018-12-10,4.1367303598331056
2018-12-11,4.129042609351123
2018-12-12,4.127800511076756
2018-12-13,4.1283109371253195
2018-12-14,4.093421959830618
2018-12-17,4.113571255817603
2018-12-18,4.119256982595765
2018-12-19,4.095618267300391
2018-12-20,4.124603800925912
2018-12-21,4.117410077017501
2018-12-24,4.145138792585062
2018-12-26,4.129108071111885
2018-12-27,4.150020733471781
2018-12-28,4.1697078438878945
2018-12-31,4.180812500555734
2019-01-02,4.187400723326112
2019-01-03,4.22302473544678
2019-01-04,4.276698822243943
2019-01-07,4.287619069642097
2019-01-08,4.302406962955745
2019-01-09,4.313703571870112
2019-01-10,4.328920403397348
2019-01-11,4.330592678018051
2019-01-14,4.316135251856816
2019-01-15,4.365601654273656
2019-01-16,4.376165703799789
2019-01-17,4.4093664174819995
2019-01-18,4.468055126649468
2019-01-22,4.445648113565778
2019-01-23,4.449228342829277
2019-01-24,4.4574871735366886
2019-01-25,4.471205792423363
2019-01-28,4.454860612140528
2019-01-29,4.458338847300549
2019-01-30,4.498764602601317
2019-01-31,4.528861570873333
2019-02-01,4.5310427813122285
2019-02-04,4.562920711057581
2019-02-05,4.58204777611753
2019-02-06,4.576007461669724
2019-02-07,4.532385300976732
2019-02-08,4.537921786534426
2019-02-11,4.540438370878832
2019-02-12,4.598825687775212
2019-02-13,4.61375776289951
2019-02-14,4.603523482558514
2019-02-15,4.653689274568193
2019-02-19,4.661742856491523
2019-02-20,4.671138446058127
2019-02-21,4.654528477363814
2019-02-22,4.683386505895879
2019-02-25,4.68299224285951
2019-02-26,4.688267027501129
2019-02-27,4.683653260119551
2019-02-28,4.670471211275881
2019-03-01,4.702108329645863
2019-03-04,4.684312513420615
2019-03-05,4.670471211275882
2019-03-06,4.662841737826282
2019-03-07,4.651166494371214
2019-03-08,4.6505001867070686
2019-03-11,4.682443314791017
2019-03-12,4.69775906927214
2019-03-13,4.712411735459666
2019-03-14,4.707535377260988
2019-03-15,4.749177669337512
2019-03-18,4.7546241887738026
2019-03-19,4.75362805073018
2019-03-20,4.763017490820253
2019-03-21,4.788788351920171
2019-03-22,4.7603975647868
2019-03-25,4.764651175917179
2019-03-26,4.7803979773690735
2019-03-27,4.774855613338194
2019-03-28,4.784128380425754
2019-03-29,4.831134089095064
2019-04-01,4.897072680316711
2019-04-02,4.914046576599854
2019-04-03,4.9538708298841545
2019-04-04,4.9329794591521905
2019-04-05,4.956482313486846
2019-04-08,4.975415196039182
2019-04-09,4.951912341704527
2019-04-10,4.986513627783444
2019-04-11,4.9799851678215
2019-04-12,5.014586453900417
2019-04-15,5.012627965720791
2019-04-16,5.038089308235072
2019-04-17,5.066162134352045
2019-04-18,5.080525045122064
2019-04-22,5.079096818442589
2019-04-23,5.1065196381999405
2019-04-24,5.110546648707178
2019-04-25,5.1058314619714436
2019-04-26,5.124487185284964
2019-04-29,5.123181712116782
2019-04-30,5.129578883773443
2019-05-01,5.1040037442333555
2019-05-02,5.091246751115142
2019-05-03,5.139486338738145
2019-05-06,5.13548909748851
2019-05-07,5.152732164555339
2019-05-08,5.141499689482649
2019-05-09,5.154461834682251
2019-05-10,5.165709355432666
2019-05-13,5.204984143814042
2019-05-14,5.226080075586212
2019-05-15,5.249723943749691
2019-05-16,5.268876594677182
2019-05-17,5.253079441904574
2019-05-20,5.231283005649481
2019-05-21,5.25191886139228
2019-05-22,5.251748712915213
2019-05-23,5.235653251085969
2019-05-24,5.240860115571148
2019-05-28,5.227959196484969
2019-05-29,5.2094481276644595
2019-05-30,5.225985522261822
2019-05-31,5.208164079097563
2019-06-03,5.208954347702816
2019-06-04,5.2559502893166705
2019-06-05,5.278714201844538
2019-06-06,5.295392073039536
2019-06-07,5.33235193163718
2019-06-10,5.331406054195218
2019-06-11,5.330760247587956
2019-06-12,5.33292154501254
2019-06-13,5.350530783799982
2019-06-14,5.303834861111606
2019-06-17,5.304358115260213
2019-06-18,5.337224788748092
2019-06-19,5.35055885351037
2019-06-20,5.380504630382458
2019-06-21,5.352585295674486
2019-06-24,5.358592468234824
2019-06-25,5.336457779849415
2019-06-26,5.3228899622839565
2019-06-27,5.3403379700920715
2019-06-28,5.35529205235871
2019-07-01,5.440383680073767
2019-07-02,5.45479432096159
2019-07-03,5.4966540260131795
2019-07-05,5.486360561508348
2019-07-08,5.444500856456759
2019-07-09,5.463715567854543
2019-07-10,5.506947490518011
2019-07-11,5.527534419527674
2019-07-12,5.56802138342003
2019-07-15,5.586549724238197
2019-07-16,5.534396554681777
2019-07-17,5.528508464194513
2019-07-18,5.545440896134244
2019-07-19,5.524989192758434
2019-07-22,5.5330350132906405
2019-07-23,5.548275140141627
2019-07-24,5.565366314354479
2019-07-25,5.547251362826908
2019-07-26,5.5653280468130095
2019-07-29,5.562802880518577
2019-07-30,5.5572448739806415
2019-07-31,5.527908354454406
2019-08-01,5.620718904817569
2019-08-02,5.605385822722157
2019-08-05,5.668779431926389
2019-08-06,5.696369255496602
2019-08-07,5.739632311752515
2019-08-08,5.796193955115625
2019-08-09,5.772066199049709
2019-08-12,5.818330551771618
2019-08-13,5.853260663988852
2019-08-14,5.8928047609690655
2019-08-15,5.93115503554663
2019-08-16,5.967101751337278
2019-08-19,5.988865552716024
2019-08-20,6.025449794551219
2019-08-21,6.04200137831934
2019-08-22,6.034403704972954
2019-08-23,6.113799379858227
2019-08-26,6.1446485317873005
2019-08-27,6.145837964784636
2019-08-28,6.168552711083077
2019-08-29,6.202006441630355
2019-08-30,6.20144502989513
2019-09-03,6.184946147262205
2019-09-04,6.290443253070984
2019-09-05,6.4219204559979515
2019-09-06,6.416409453499642
2019-09-09,6.368384745733994
2019-09-10,6.336106188430818
2019-09-11,6.402238218410529
2019-09-12,6.406166223384988
2019-09-13,6.359154361122648
2019-09-16,6.363145266651122
2019-09-17,6.379514579734034
2019-09-18,6.382569204338251
2019-09-19,6.38379062188117
2019-09-20,6.372450798373581
2019-09-23,6.392300196046026
2019-09-24,6.383178505446495
2019-09-25,6.381103459568038
2019-09-26,6.3812950322947035
2019-09-27,6.368655312474864
2019-09-30,6.3859737637731655
2019-10-01,6.351968585422707
2019-10-02,6.400043171532553
2019-10-03,6.44296825888642
2019-10-04,6.49280107815436
2019-10-07,6.467954648265466
2019-10-08,6.4245905473354545
2019-10-09,6.44690034314097
2019-10-10,6.448516481331548
2019-10-11,6.45990738836497
2019-10-14,6.465257945074946
2019-10-15,6.536636039473617
2019-10-16,6.4914300138675545
2019-10-17,6.478740911018112
2019-10-18,6.416880097565456
2019-10-21,6.485878417918691
2019-10-22,6.398638793688572
2019-10-23,6.404190389637436
2019-10-24,6.497774867831566
2019-10-25,6.576290469130816
2019-10-28,6.659565013442362
2019-10-29,6.5992901109414195
2019-10-30,6.639737798613762
2019-10-31,6.6357721136166115
2019-11-01,6.715080972931006
2019-11-04,6.749977064654486
2019-11-05,6.742046299738762
2019-11-06,6.738873872756757
2019-11-07,6.792010663278544
2019-11-08,6.830079181984028
2019-11-11,6.833251608966033
2019-11-12,6.8562506456980605
2019-11-13,6.87131952259294
2019-11-14,6.863388757677217
2019-11-15,6.918904717165861
2019-11-18,6.939525190009607
2019-11-19,6.9530075508741955
2019-11-20,6.910973952250138
2019-11-21,6.876077860526658
2019-11-22,6.867353837595789
2019-11-25,6.967283169753928
2019-11-26,6.973628023717938
2019-11-27,7.012489195359991
2019-11-29,6.991869327594824
2019-12-02,6.94462529323174
2019-12-03,7.008855941703953
2019-12-04,7.017024660861228
2019-12-05,7.015156662929829
2019-12-06,7.036481161472402
2019-12-09,7.038312019903908
2019-12-10,7.030268605269265
2019-12-11,7.054823370357388
2019-12-12,7.014514242111664
2019-12-13,7.037244654234819
2019-12-16,7.044957591649163
2019-12-17,7.028572226388405
2019-12-18,7.027791800816858
2019-12-19,7.078508747742224
2019-12-20,7.096454368855785
2019-12-23,7.116741266683989
2019-12-24,7.119081948108341
2019-12-26,7.1721395764580596
2019-12-27,7.171359746176803
2019-12-30,7.149323534474814
2019-12-31,7.145081487148726
2020-01-02,7.279144420773638
2020-01-03,7.19730349662812
2020-01-06,7.214451164137603
2020-01-07,7.211333352348443
2020-01-08,7.288497856141117
2020-01-09,7.371117787237579
2020-01-10,7.353970119728096
2020-01-13,7.445943486192039
2020-01-14,7.410869144222128
2020-01-15,7.41944297797687
2020-01-16,7.519210576582815
2020-01-17,7.569873977498527
2020-01-21,7.566756165709367
2020-01-22,7.594036275537275
2020-01-23,7.629890219119924
2020-01-24,7.60958360207472
2020-01-27,7.661269508216355
2020-01-28,7.614215324507886
2020-01-29,7.65306406330978
2020-01-30,7.657034803945547
2020-01-31,7.698443173297827
2020-02-03,7.665001513211412
2020-02-04,7.70118448285366
2020-02-05,7.746247459268118
2020-02-06,7.816950706723571
2020-02-07,7.745470930426049
2020-02-10,7.850359822805908
2020-02-11,7.823943022922845
2020-02-12,7.9086314955469526
2020-02-13,7.887653361408916
2020-02-14,7.921839599103429
2020-02-18,7.892315498311873
2020-02-19,7.9863270592016775
2020-02-20,7.903192829801926
2020-02-21,7.878472667389886
2020-02-24,7.944553584412572
2020-02-25,7.884591915137068
2020-02-26,7.899773160522648
2020-02-27,7.919710214260291
2020-02-28,7.819594440786202
2020-03-02,7.833865648780941
2020-03-03,8.002506439782222
2020-03-04,8.000740141675243
2020-03-05,8.122706351149567
2020-03-06,8.165483818756938
2020-03-09,8.208843965241504
2020-03-10,8.046890473426062
2020-03-11,7.992415409212946
2020-03-12,7.835044754939923
2020-03-13,7.689959048187896
2020-03-16,7.747520599411178
2020-03-17,7.702905970999199
2020-03-18,7.572716943639233
2020-03-19,7.513558867449688
2020-03-20,7.665608527778943
2020-03-23,7.880300902308406
2020-03-24,8.044716285537945
2020-03-25,7.992003303134608
2020-03-26,8.052913830743009
2020-03-27,8.056741691548899
2020-03-30,8.083792470756697
2020-03-31,7.962404657397451
2020-04-01,8.011522117714614
2020-04-02,8.077847739418768
2020-04-03,8.100773094056368
2020-04-06,8.194742393767372
2020-04-07,8.154576010607062
2020-04-08,8.113194841841514
2020-04-09,8.227906004797964
2020-04-13,8.289577679204218
2020-04-14,8.327683726393587
2020-04-15,8.343647960889044
2020-04-16,8.344486834942874
2020-04-17,8.252535115382734
2020-04-20,8.292784622318568
2020-04-21,8.276033383991729
2020-04-22,8.34458583199617
2020-04-23,8.388855773203847
2020-04-24,8.371910910972007
2020-04-27,8.321837596876156
2020-04-28,8.321446190588796
2020-04-29,8.342423487330054
2020-04-30,8.256936981916871
2020-05-01,8.283772123125287
2020-05-04,8.29896938240851
2020-05-05,8.313499482525161
2020-05-06,8.244684461695373
2020-05-07,8.333136946759305
2020-05-08,8.388409033517497
2020-05-11,8.377535679596056
2020-05-12,8.407651325811226
2020-05-13,8.456746705790698
2020-05-14,8.500761966916935
2020-05-15,8.521963815014468
2020-05-18,8.463527828585661
2020-05-19,8.516236646550151
2020-05-20,8.589624633074239
2020-05-21,8.52984829520418
2020-05-22,8.563146567909465
2020-05-26,8.49104320216721
2020-05-27,8.557705078489601
2020-05-28,8.568171924753148
2020-05-29,8.601007121238426
2020-06-01,8.614809987647089
2020-06-02,8.643401384309657
2020-06-03,8.675320290921272
2020-06-04,8.646698050029526
2020-06-05,8.73595294897579
2020-06-08,8.793492017694643
2020-06-09,8.776474984798874
2020-06-10,8.78481019267951
2020-06-11,8.768702778696712
2020-06-12,8.765182067048405
2020-06-15,8.753756495433024
2020-06-16,8.742577903680356
2020-06-17,8.757791588545423
2020-06-18,8.75892435889551
2020-06-19,8.808684777623457
2020-06-22,8.833160416641007
2020-06-23,8.86889157053369
2020-06-24,8.861844500526383
2020-06-25,8.859902433685415
2020-06-26,8.891692154118237
2020-06-29,8.898468907551232
2020-06-30,8.91021053219493
2020-07-01,8.879279830643227
2020-07-02,8.909206698398151
2020-07-06,8.971386086494599
2020-07-07,9.014085738386312
2020-07-08,9.035058246962022
2020-07-09,9.03731314082877
2020-07-10,9.074571471279874
2020-07-13,9.085042031537217
2020-07-14,9.10585431904853
2020-07-15,9.146190449815021
2020-07-16,9.134503467300835
2020-07-17,9.146621752616301
2020-07-20,9.18657955660961
2020-07-21,9.201241921947162
2020-07-22,9.22893439317172
2020-07-23,9.178404505330711
2020-07-24,9.146598474141381
2020-07-27,9.172846594600674
2020-07-28,9.154646502551506
2020-07-29,9.216923068607276
2020-07-30,9.206870555623565
2020-07-31,9.2443729677489
2020-08-03,9.270484621822385
2020-08-04,9.30426282378495
2020-08-05,9.317657608367695
2020-08-06,9.354117559031918
2020-08-07,9.347571837830941
2020-08-10,9.356582751342483
2020-08-11,9.3019121114224
2020-08-12,9.353030973163948
2020-08-13,9.33496391631109
2020-08-14,9.337409926732905
2020-08-17,9.359929978097789
2020-08-18,9.378120586800957
2020-08-19,9.352439122059439
2020-08-20,9.380449444602988
2020-08-21,9.400546820189936
2020-08-24,9.441632055087764
2020-08-25,9.4469256766742
2020-08-26,9.492339890011579
2020-08-27,9.4859356656161
2020-08-28,9.524400206934923
2020-08-31,9.51224954755363
2020-09-01,9.569179423076523
2020-09-02,9.645060553948435
2020-09-03,9.612302918689355
2020-09-04,9.598813818156543
2020-09-08,9.599838692177359
2020-09-09,9.644071484155766
2020-09-10,9.634474246621846
2020-09-11,9.644440131234143
2020-09-14,9.703607315073945
2020-09-15,9.725732080530817
2020-09-16,9.703639383759064
2020-09-17,9.662560156513312
2020-09-18,9.583535653683416
2020-09-21,9.538867573656152
2020-09-22,9.587441297264292
2020-09-23,9.483865785023879
2020-09-24,9.50383391875129
2020-09-25,9.58455355471267
2020-09-28,9.663364879834134
2020-09-29,9.640614174261161
2020-09-30,9.664139004520035
2020-10-01,9.694764149522225
2020-10-02,9.643965724373349
2020-10-05,9.698962838261627
2020-10-06,9.653158496525824
2020-10-07,9.63704255220254
2020-10-08,9.688518616189963
2020-10-09,9.729377958111545
2020-10-12,9.812865145323242
2020-10-13,9.791781111752933
2020-10-14,9.762630938300006
2020-10-15,9.751373470352805
2020-10-16,9.745613938994307
2020-10-19,9.740035975125643
2020-10-20,9.75305358724968
2020-10-21,9.783321074921732
2020-10-22,9.718348114096463
2020-10-23,9.741717621982302
2020-10-26,9.752211694229358
2020-10-27,9.775954961495993
2020-10-28,9.696642019847042
2020-10-29,9.656105131924624
2020-10-30,9.662493456249859
2020-11-02,9.71461174644208
2020-11-03,9.731274822080014
2020-11-04,9.76953547779475
2020-11-05,9.863994246942264
2020-11-06,9.846143580728883
2020-11-09,9.871644007782125
2020-11-10,9.850374660503917
2020-11-11,9.894807718237494
2020-11-12,9.874975453095017
2020-11-13,9.93675700448305
2020-11-16,9.995047968202005
2020-11-17,9.981091772126904
2020-11-18,9.919370987433403
2020-11-19,9.945617840020248
2020-11-20,9.920246348657528
2020-11-23,9.940100522200302
2020-11-24,10.012334180433387
2020-11-25,10.006283666981822
2020-11-27,10.03521314463458
2020-11-30,10.009667431282201
2020-12-01,10.034475475233476
2020-12-02,10.036645563215886
2020-12-03,10.048718854481336
2020-12-04,10.072303701793922
2020-12-07,10.077571590504496
2020-12-08,10.097367524297324
2020-12-09,10.0449229604159
2020-12-10,10.05461485544424
2020-12-11,10.058781966918332
2020-12-14,10.033334436316995
2020-12-15,10.096143440549906
2020-12-16,10.099857580995593
2020-12-17,10.121355335785628
2020-12-18,10.075526315945101
2020-12-21,10.060883554050077
2020-12-22,10.060811552808687
2020-12-23,10.05484158134414
2020-12-24,10.081544687464463
2020-12-28,10.12526960140489
2020-12-29,10.114766192131265
2020-12-30,10.125359638384763
2020-12-31,10.154460744865153
2021-01-04,10.08660952070408
2021-01-05,10.109574476781647
2021-01-06,10.110234557763265
2021-01-07,10.167499441554018
2021-01-08,10.181888581521855
2021-01-11,10.137668710945942
2021-01-12,10.137880110557004
2021-01-13,10.16914472759327
2021-01-14,10.139743586223172
2021-01-15,10.116504407383806
2021-01-19,10.159210849758367
2021-01-20,10.23164900880559
2021-01-21,10.228978134528404
2021-01-22,10.218651246424507
2021-01-25,10.259483361823207
2021-01-26,10.249752738048654
2021-01-27,10.223312008713227
2021-01-28,10.214753940618383
2021-01-29,10.203659422616013
2021-02-01,10.254551749661475
2021-02-02,10.314095296427062
2021-02-03,10.305520103088309
2021-02-04,10.362339914530748
2021-02-05,10.371762646002262
2021-02-08,10.411415146123742
2021-02-09,10.411923748778172
2021-02-10,10.422894417901524
2021-02-11,10.42734565138524
2021-02-12,10.456793603888677
2021-02-16,10.414536546491396
2021-02-17,10.419293628919073
2021-02-18,10.39667640350639
2021-02-19,10.366615776569656
2021-02-22,10.318296573566972
2021-02-23,10.328552658861692
2021-02-24,10.378363120476784
2021-02-25,10.211549724160436
2021-02-26,10.133914793654766
2021-03-01,10.247984396523956
2021-03-02,10.21731223417586
2021-03-03,10.122285561722066
2021-03-04,10.047446665112258
2021-03-05,10.1328506943928
2021-03-08,10.087700650553334
2021-03-09,10.183612540039176
2021-03-10,10.225978681841847
2021-03-11,10.276037731276116
2021-03-12,10.245780592872872
2021-03-15,10.282629201015661
2021-03-16,10.110681892958457
2021-03-17,10.19007586060259
2021-03-18,10.084159593125884
2021-03-19,10.055279889673688
2021-03-22,9.979512744453906
2021-03-23,9.964880047228132
2021-03-24,9.94611018024839
2021-03-25,10.162819922223083
2021-03-26,10.348101501655348
2021-03-29,10.327721927197404
2021-03-30,10.30946002391559
2021-03-31,10.323061162021023
2021-04-01,10.3984543489309
2021-04-05,10.45840273560986
2021-04-06,10.427720493231485
2021-04-07,10.2594342033659
2021-04-08,10.346366514087562
2021-04-09,10.347761096981996
2021-04-12,10.307316774342576
2021-04-13,10.280353656132828
2021-04-14,10.381697839014326
2021-04-15,10.426790534851728
2021-04-16,10.44352623893535
2021-04-19,10.307781398857253
2021-04-20,10.285395508131167
2021-04-21,10.38271694927883
2021-04-22,10.287890324369672
2021-04-23,10.399435873485224
2021-04-26,10.421145953255463
2021-04-27,10.418900161714758
2021-04-28,10.415905772993817
2021-04-29,10.482284181967202
2021-04-30,10.413410195211892
2021-05-03,10.435869633705785
2021-05-04,10.371487230031887
2021-05-05,10.374731404994044
2021-05-06,10.457579713476024
2021-05-07,10.533689885792466
2021-05-10,10.470955168531582
2021-05-11,10.415523776041976
2021-05-12,10.33868095062731
2021-05-13,10.41808196475682
2021-05-14,10.509501910960724
2021-05-17,10.491067334774025
2021-05-18,10.445873503935251
2021-05-19,10.41660820215546
2021-05-20,10.494168451503908
2021-05-21,10.491710963125266
2021-05-24,10.598666311798034
2021-05-25,10.575150780693974
2021-05-26,10.596137668797935
2021-05-27,10.60170037474475
2021-05-28,10.62066403979523
2021-06-01,10.611308755165021
2021-06-02,10.627996101371957
2021-06-03,10.58855173979764
2021-06-04,10.68539328810352
2021-06-07,10.676020390286533
2021-06-08,10.692518865700494
2021-06-09,10.701277402844783
2021-06-10,10.745164057840324
2021-06-11,10.746153720072533
2021-06-14,10.74145246653716
2021-06-15,10.732533503104143
2021-06-16,10.665794431740702
2021-06-17,10.683125000190358
2021-06-18,10.624102224546123
2021-06-21,10.683138058822845
2021-06-22,10.721434863480773
2021-06-23,10.704287604222374
2021-06-24,10.735019806081835
2021-06-25,10.74289649271528
2021-06-28,10.770556052726516
2021-06-29,10.776257238403735
2021-06-30,10.764592778002273
2021-07-01,10.782818080235494
2021-07-02,10.92497521517779
2021-07-06,10.966528325829767
2021-07-07,11.026307851099135
2021-07-08,10.922059656269509
2021-07-09,11.022662568175656
2021-07-12,11.031411469668837
2021-07-13,11.076609863244292
2021-07-14,11.15825886128619
2021-07-15,11.066403738489054
2021-07-16,10.957051925089724
2021-07-19,10.92298650748196
2021-07-20,11.049872484226933
2021-07-21,11.135181508042605
2021-07-22,11.208788231952706
2021-07-23,11.339678047553813
2021-07-26,11.3486086759132
2021-07-27,11.223570480199015
2021-07-28,11.266686937364549
2021-07-29,11.286706131645222
2021-07-30,11.227882595849708
2021-08-02,11.228806486365103
2021-08-03,11.296868927314563
2021-08-04,11.26765091528959
2021-08-05,11.282825149125234
2021-08-06,11.259080726260986
2021-08-09,11.242474995003509
2021-08-10,11.238877716067124
2021-08-11,11.259108966392645
2021-08-12,11.27019108759919
2021-08-13,11.312834345092902
2021-08-16,11.338697443895711
2021-08-17,11.298638671076894
2021-08-18,11.300150817996025
2021-08-19,11.321414141169587
2021-08-20,11.361163718037748
2021-08-23,11.412582994872317
2021-08-24,11.406108708748157
2021-08-25,11.395699450658888
2021-08-26,11.362064051866186
2021-08-27,11.431344110882803
2021-08-30,11.467699626843205
2021-08-31,11.407381368392016
2021-09-01,11.410253196827995
2021-09-02,11.398046008500934
2021-09-03,11.443285250189083
2021-09-07,11.446157078625061
2021-09-08,11.40235429900466
2021-09-09,11.35927029826789
2021-09-10,11.31260672147707
2021-09-13,11.333861137194688
2021-09-14,11.324598433194568
2021-09-15,11.423747319830905
2021-09-16,11.430260435979271
2021-09-17,11.339883317266446
2021-09-20,11.409107639575444
2021-09-21,11.400308359645665
2021-09-22,11.461270999989576
2021-09-23,11.614800509484486
2021-09-24,11.622959098854592
2021-09-27,11.510222536210222
2021-09-28,11.432360056287354
2021-09-29,11.447948102610445
2021-09-30,11.384951163549067
2021-10-01,11.471869573074681
2021-10-04,11.390952735208792
2021-10-05,11.432457285687134
2021-10-06,11.457703955362014
2021-10-07,11.484346324189808
2021-10-08,11.39792861306609
2021-10-11,11.342724921050953
2021-10-12,11.354599840612016
2021-10-13,11.3859168148316
2021-10-14,11.642600798998304
2021-10-15,11.735940742855451
2021-10-18,11.835301581140692
2021-10-19,11.952728548472006
2021-10-20,11.919609034768433
2021-10-21,11.96552610774668
2021-10-22,11.924125279883137
2021-10-25,11.963266836602067
2021-10-26,11.99714097213686
2021-10-27,11.986602684006801
2021-10-28,12.107040098552162
2021-10-29,12.158979214545763
2021-11-01,12.14091308549969
2021-11-02,12.247802913288206
2021-11-03,12.319312807641275
2021-11-04,12.512013589783662
2021-11-05,12.576749116464676
2021-11-08,12.644495090359737
2021-11-09,12.592555974366133
2021-11-10,12.384800658978984
2021-11-11,12.442761817987945
2021-11-12,12.594061772266787
2021-11-15,12.581265361579376
2021-11-16,12.713746862155451
2021-11-17,12.675357630093218
2021-11-18,12.8018182362412
2021-11-19,12.895157031511085
2021-11-22,12.751383769560992
2021-11-23,12.722027027728164
2021-11-24,12.814614646928613
2021-11-26,12.88695653369932
2021-11-29,12.951474890194238
2021-11-30,12.864289909441082
2021-12-01,12.8971616371076
2021-12-02,12.98202385106305
2021-12-03,13.074782296151808
2021-12-06,13.119620735387334
2021-12-07,13.230379795723113
2021-12-08,13.29096355965058
2021-12-09,13.262858921700781
2021-12-10,13.528982734235552
2021-12-13,13.501317182512105
2021-12-14,13.443222421014301
2021-12-15,13.799434540242709
2021-12-16,13.752326788849249
2021-12-17,13.670773105097448
2021-12-20,13.592197691538722
2021-12-21,13.685918193813697
2021-12-22,13.864892958657283
2021-12-23,13.94228795027275
2021-12-27,14.241384564298043
2021-12-28,14.167215030332036
2021-12-29,14.179308651290022
2021-12-30,14.085790061882232
2021-12-31,14.01726323357529
2022-01-03,14.150285683203178
2022-01-04,14.000333886446434
2022-01-05,13.569827551617983
2022-01-06,13.501300723311044
2022-01-07,13.377146436991683
2022-01-10,13.367043653307277
2022-01-11,13.527324957576008
2022-01-12,13.590955219562339
2022-01-13,13.518972481151303
2022-01-14,13.633296044184066
2022-01-18,13.57057996516526
2022-01-19,13.516521233346502
2022-01-20,13.456202199207768
2022-01-21,13.473215797014658
2022-01-24,13.504260741737955
2022-01-25,13.516868426879359
2022-01-26,13.359608010916444
2022-01-27,13.30152198472941
2022-01-28,13.482093138588619
2022-01-31,13.603506582660954
2022-02-01,13.633755563748313
2022-02-02,13.71393578793561
2022-02-03,13.52351673383665
2022-02-04,13.503419045027048
2022-02-07,13.483572835302574
2022-02-08,13.51722323218394
2022-02-09,13.62528659042378
2022-02-10,13.440301875358427
2022-02-11,13.377434257204802
2022-02-14,13.366883123623596
2022-02-15,13.454682879413365
2022-02-16,13.476283936203426
2022-02-17,13.604434052194609
2022-02-18,13.582478479487147
2022-02-22,13.59605489182611
2022-02-23,13.591240885219452
2022-02-24,13.563379277420141
2022-02-25,13.711175865193015
2022-02-28,13.86015499927317
2022-03-01,14.047220119113991
2022-03-02,13.868568065585267
2022-03-03,13.93972621329965
2022-03-04,14.119894449271722
2022-03-07,14.19483612769184
2022-03-08,14.342968468431621
2022-03-09,14.08563061954832
2022-03-10,14.075282959357988
2022-03-11,14.023914191164195
2022-03-14,13.829427291892314
2022-03-15,13.69691702782399
2022-03-16,13.839361079470187
2022-03-17,13.912596402605455
2022-03-18,13.987476583963455
2022-03-21,13.894379171788948
2022-03-22,13.93759507114586
2022-03-23,13.894714616993149
2022-03-24,13.960766493642259
2022-03-25,13.92321554920632
2022-03-28,14.02225191144708
2022-03-29,14.14393538265716
2022-03-30,14.056599510929802
2022-03-31,13.961528960595771
2022-04-01,14.001097509544188
2022-04-04,14.121038995483508
2022-04-05,13.947722330811152
2022-04-06,13.853486310868439
2022-04-07,13.871228066217146
2022-04-08,13.817567411768861
2022-04-11,13.666313047058187
2022-04-12,13.673957275265229
2022-04-13,13.767363330613955
2022-04-14,13.619658344700325
2022-04-18,13.602707848021453
2022-04-19,13.66765867935783
2022-04-20,13.715949320234905
2022-04-21,13.575541922998353
2022-04-22,13.51285525960482
2022-04-25,13.43483896203413
2022-04-26,13.489908910327838
2022-04-27,13.401353932388304
2022-04-28,13.427816067956154
2022-04-29,13.39133125566239
2022-05-02,13.209227675769073
2022-05-03,13.2345014423754
2022-05-04,13.478816602163647
2022-05-05,13.38554091161638
2022-05-06,13.358442722396868
2022-05-09,13.311284981851655
2022-05-10,13.277297321234304
2022-05-11,13.372447026142666
2022-05-12,13.292033047843626
2022-05-13,13.203344153022343
2022-05-16,13.204222591169101
2022-05-17,13.290053573125729
2022-05-18,13.341021653607811
2022-05-19,13.463024251684812
2022-05-20,13.498983536692085
2022-05-23,13.489422000777042
2022-05-24,13.598315693338435
2022-05-25,13.571032626580402
2022-05-26,13.703364358728928
2022-05-27,13.881424959436822
2022-05-31,13.770022121924328
2022-06-01,13.667019775428459
2022-06-02,13.80714321386489
2022-06-03,13.680408476503892
2022-06-06,13.649880661951146
2022-06-07,13.742836928061475
2022-06-08,13.642580689825179
2022-06-09,13.614837592650472
2022-06-10,13.350535515804374
2022-06-13,13.055605006091168
2022-06-14,12.951239440805702
2022-06-15,13.126140209059056
2022-06-16,13.24279581122847
2022-06-17,13.190332240059401
2022-06-21,13.13146132317768
2022-06-22,13.240620922202353
2022-06-23,13.237427671788096
2022-06-24,13.424389206637915
2022-06-27,13.360926101138336
2022-06-28,13.358550896053778
2022-06-29,13.407152733146617
2022-06-30,13.417920226773091
2022-07-01,13.550523659908121
2022-07-05,13.588257590715415
2022-07-06,13.553503743649724
2022-07-07,13.613445377321968
2022-07-08,13.566516470104471
2022-07-11,13.542496963933859
2022-07-12,13.498465699492629
2022-07-13,13.49198483957779
2022-07-14,13.43825925146002
2022-07-15,13.58959444165469
2022-07-18,13.513651229925644
2022-07-19,13.49878572720243
2022-07-20,13.42870897140935
2022-07-21,13.573532057482037
2022-07-22,13.588284923514149
2022-07-25,13.57241878178477
2022-07-26,13.49474498162279
2022-07-27,13.683588606072945
2022-07-28,13.837095942030963
2022-07-29,13.940591987828743
2022-08-01,13.948450170190554
2022-08-02,13.80601491289303
2022-08-03,13.942615475135696
2022-08-04,13.973238843333409
2022-08-05,13.860387181945905
2022-08-08,13.893154804228494
2022-08-09,13.844901200528138
2022-08-10,14.240178087592398
2022-08-11,14.192911600120274
2022-08-12,14.482768976149513
2022-08-15,14.535661457409448
2022-08-16,14.541510852228605
2022-08-17,14.44090355639235
2022-08-18,14.515961106843418
2022-08-19,14.355938061284714
2022-08-22,14.174955329172203
2022-08-23,14.140442736132629
2022-08-24,14.139457707933973
2022-08-25,14.284565252680832
2022-08-26,14.034410886998224
2022-08-29,13.948098066862258
2022-08-30,13.869474526803085
2022-08-31,13.787972807171116
2022-09-01,13.742673058847307
2022-09-02,13.708713444925348
2022-09-06,13.606479594001522
2022-09-07,13.77318763378323
2022-09-08,13.792732568208278
2022-09-09,13.900561302108812
2022-09-12,13.919053691702523
2022-09-13,13.7893122025708
2022-09-14,13.819107224813461
2022-09-15,13.716916564938643
2022-09-16,13.64231486843549
2022-09-19,13.628213115285519
2022-09-20,13.547085859171828
2022-09-21,13.605549021067953
2022-09-22,13.445859187128981
2022-09-23,13.338051292793397
2022-09-26,13.149571149352052
2022-09-27,13.118162160534123
2022-09-28,13.402249639538322
2022-09-29,13.36976242147168
2022-09-30,13.352829282432774
2022-10-03,13.581207380766624
2022-10-04,13.692513675798859
2022-10-05,13.589757423874063
2022-10-06,13.544676873717078
2022-10-07,13.437168995066344
2022-10-10,13.29552398043235
2022-10-11,13.298696795028272
2022-10-12,13.355986910219306
2022-10-13,13.281695650999959
2022-10-14,13.161834902991409
2022-10-17,13.187743074587363
2022-10-18,13.21869431211681
2022-10-19,13.060986563944107
2022-10-20,13.001830650648833
2022-10-21,13.13241714795221
2022-10-24,13.10265904731267
2022-10-25,13.19928080947927
2022-10-26,13.274914455469759
2022-10-27,13.311615742053894
2022-10-28,13.209443867564898
2022-10-31,13.125595109519342
2022-11-01,13.17726503382313
2022-11-02,13.120133147461681
2022-11-03,13.066561646593566
2022-11-04,13.253151788806308
2022-11-07,13.203486639456473
2022-11-08,13.399950065739382
2022-11-09,13.389213496891994
2022-11-10,13.907334598045127
2022-11-11,13.960170178980583
2022-11-14,13.884058699085223
2022-11-15,13.994765152438477
2022-11-16,13.992909897134197
2022-11-17,13.923960973416085
2022-11-18,13.931034000737393
2022-11-21,13.901359339695416
2022-11-22,14.034687443391647
2022-11-23,14.116674564317178
2022-11-25,14.11291576176566
2022-11-28,14.003222455149952
2022-11-29,13.961647874162384
2022-11-30,14.24432799160778
2022-12-01,14.302567407636314
2022-12-02,14.30883995014028
2022-12-05,14.113576860422526
2022-12-06,14.176240187136395
2022-12-07,14.30233512730502
2022-12-08,14.267960490146242
2022-12-09,14.240415999944435
2022-12-12,14.171412001418
2022-12-13,14.356259272438084
2022-12-14,14.330024125597124
2022-12-15,14.154755997890263
2022-12-16,14.021332931288294
2022-12-19,13.905008725119703
2022-12-20,13.864054568318918
2022-12-21,13.976272373109174
2022-12-22,13.874422372981138
2022-12-23,13.882920633804359
2022-12-27,13.79743253319101
2022-12-28,13.695157419819148
2022-12-29,13.8520422656278
2022-12-30,13.80499408286744
2023-01-03,13.916822137354842
2023-01-04,14.035657147419665
2023-01-05,13.938174256915495
2023-01-06,14.187677713479694
2023-01-09,14.201682869455071
2023-01-10,14.206843566347615
2023-01-11,14.247624974408064
2023-01-12,14.299497484817845
2023-01-13,14.354972466651626
2023-01-17,14.328675634508354
2023-01-18,14.312850997324317
2023-01-19,14.247159408691894
2023-01-20,14.481951101739774
2023-01-23,14.472318102412688
2023-01-24,14.54022818704425
2023-01-25,14.58174332282148
2023-01-26,14.489351407060004
2023-01-27,14.468301566566797
2023-01-30,14.427085922854012
2023-01-31,14.48985496016254
2023-02-01,14.60336548743679
2023-02-02,14.706726769536765
2023-02-03,14.549625724376313
2023-02-06,14.502010150434371
2023-02-07,14.49088134116584
2023-02-08,14.535538827263498
2023-02-09,14.445358871383505
2023-02-10,14.427372071009497
2023-02-13,14.407866094993317
2023-02-14,14.371937130035809
2023-02-15,14.439076801519963
2023-02-16,14.31572200416904
2023-02-17,14.317942303070652
2023-02-21,14.096358222430167
2023-02-22,14.099209874993255
2023-02-23,14.164013799553658
2023-02-24,14.04552929890727
2023-02-27,14.09081370914422
2023-02-28,14.07582750788755
2023-03-01,13.978275214725672
2023-03-02,14.003879028412
2023-03-03,14.172540035970709
2023-03-06,14.124140183694974
2023-03-07,14.001435338863166
2023-03-08,13.995903415011277
2023-03-09,14.108298296615036
2023-03-10,14.390314010010163
2023-03-13,14.642661964230209
2023-03-14,14.531145401393971
2023-03-15,14.69283181828437
2023-03-16,14.641622089523507
2023-03-17,14.94137211865454
2023-03-20,14.914111822619839
2023-03-21,14.708488781951237
2023-03-22,14.930468445574283
2023-03-23,14.99350601072175
2023-03-24,15.04495188551234
2023-03-27,14.96638970787795
2023-03-28,14.945041208011395
2023-03-29,15.040769906772667
2023-03-30,15.096264292450996
2023-03-31,15.243999535742686
2023-04-03,15.219773251692132
2023-04-04,15.13598709191785
2023-04-05,14.963367116415975
2023-04-06,15.04816373157792
2023-04-10,15.04008779011829
2023-04-11,14.898761125067272
2023-04-12,14.813966050233661
2023-04-13,15.089550813607062
2023-04-14,15.005764653832781
2023-04-17,15.060276873603199
2023-04-18,15.106711611585652
2023-04-19,15.063305159109518
2023-04-20,14.96437757180364
2023-04-21,14.915921923045861
2023-04-24,14.960019615533357
2023-04-25,14.915290055044652
2023-04-26,14.85462624398106
2023-04-27,14.954037479476344
2023-04-28,15.073749985831618
2023-05-01,14.959581753590477
2023-05-02,14.972891816728223
2023-05-03,14.970362266208111
2023-05-04,14.915852069446492
2023-05-05,15.289912237852446
2023-05-08,15.281824291996422
2023-05-09,15.239061990415792
2023-05-10,15.404889358085683
2023-05-11,15.455111245193715
2023-05-12,15.398653147306174
2023-05-15,15.408187481420455
2023-05-16,15.331864190501953
2023-05-17,15.400124403593807
2023-05-18,15.715329078149685
2023-05-19,15.708345973632593
2023-05-22,15.738270737780482
2023-05-23,15.66287708508925
2023-05-24,15.586081882105896
2023-05-25,15.604742204299008
2023-05-26,15.720304199286858
2023-05-30,15.784927813531112
2023-05-31,15.771054679704623
2023-06-01,15.93137628083165
2023-06-02,16.02257699867685
2023-06-05,16.00475579170342
2023-06-06,16.027115609023667
2023-06-07,15.940961932008467
2023-06-08,16.04278146553424
2023-06-09,16.028317503290303
2023-06-12,16.114247938964702
2023-06-13,16.110113940075436
2023-06-14,16.276266643702627
2023-06-15,16.44038407139434
2023-06-16,16.304816342261244
2023-06-20,16.286926122564914
2023-06-21,16.06497291469487
2023-06-22,16.254521821220607
2023-06-23,16.093383575555777
2023-06-26,15.87764435306476
2023-06-27,16.15064652780594
2023-06-28,16.182164858703796
2023-06-29,16.149759202664615
2023-06-30,16.398791406336137
2023-07-03,16.437411047754345
2023-07-05,16.436966707836245
2023-07-06,16.31178477347077
2023-07-07,16.257628136562683
2023-07-10,16.262954796800386
2023-07-11,16.331844586825948
2023-07-12,16.51696954950373
2023-07-13,16.73247473611264
2023-07-14,16.707791890625206
2023-07-17,16.75064546005915
2023-07-18,16.822407321968036
2023-07-19,16.869785877230704
2023-07-20,16.746957180437725
2023-07-21,16.73840443496837
2023-07-24,16.75583207286604
2023-07-25,16.763029898294583
2023-07-26,16.707267763436924
2023-07-27,16.56085660270329
2023-07-28,16.862507445924603
2023-07-31,16.889141430440628
2023-08-01,16.794414583926127
2023-08-02,16.660797395969468
2023-08-03,16.57538008432107
2023-08-04,16.6260168323854
2023-08-07,16.678461228432663
2023-08-08,16.68441196307631
2023-08-09,16.63389430288991
2023-08-10,16.57321150541251
2023-08-11,16.4675462714682
2023-08-14,16.499876443318584
2023-08-15,16.38797292172475
2023-08-16,16.29639590918216
2023-08-17,16.223843047881502
2023-08-18,16.25208654562626
2023-08-21,16.254603106993894
2023-08-22,16.236084326762725
2023-08-23,16.414608076196735
2023-08-24,16.270326230346623
2023-08-25,16.339591782763826
2023-08-28,16.485227220540114
2023-08-29,16.66315462192802
2023-08-30,16.756080771722434
2023-08-31,16.806323444929525
2023-09-01,16.788538776091745
2023-09-05,16.70134709616193
2023-09-06,16.5542426705894
2023-09-07,16.4358532532162
2023-09-08,16.458823911653216
2023-09-11,16.498864533708815
2023-09-12,16.465100024584633
2023-09-13,16.484385895978914
2023-09-14,16.53695915747373
2023-09-15,16.253796918331552
2023-09-18,16.266420337624787
2023-09-19,16.21987621462885
2023-09-20,16.13920417023205
2023-09-21,16.020693127524275
2023-09-22,16.033999131709223
2023-09-25,16.00873807215005
2023-09-26,15.888526916146178
2023-09-27,15.856189429685712
2023-09-28,15.923856277689751
2023-09-29,15.906272110955396
2023-10-02,15.818012003298055
2023-10-03,15.646676823356959
2023-10-04,15.753271146492146
2023-10-05,15.765110566490584
2023-10-06,15.812586687741497
2023-10-09,15.964150819647521
2023-10-10,15.989945570357195
2023-10-11,16.06660436090742
2023-10-12,15.940403553649316
2023-10-13,15.951694109845263
2023-10-16,15.988406851376814
2023-10-17,15.909596199538852
2023-10-18,15.766397180302642
2023-10-19,15.65832891664534
2023-10-20,15.60789332782771
2023-10-23,15.631001436577105
2023-10-24,15.703837118377974
2023-10-25,15.522260709371425
2023-10-26,15.48844998999118
2023-10-27,15.465401737935908
2023-10-30,15.53209924435797
2023-10-31,15.564436724557337
2023-11-01,15.71518711680511
2023-11-02,15.91446412779602
2023-11-03,16.078279862891073
2023-11-06,16.050274484347682
2023-11-07,16.11892229484997
2023-11-08,16.157372095495734
2023-11-09,16.014451355981535
2023-11-10,16.432777513551187
2023-11-13,16.42043991136797
2023-11-14,16.74890318134888
2023-11-15,16.77006573838436
2023-11-16,16.85379078906268
2023-11-17,16.81882918909886
2023-11-20,17.062646442671365
2023-11-21,16.924636358631567
2023-11-22,17.00008254511735
2023-11-24,16.966960068791355
2023-11-27,16.96603910306127
2023-11-28,16.99824201756836
2023-11-29,17.03686214464401
2023-11-30,17.02865953901055
2023-12-01,17.136453681400912
2023-12-04,17.055941705603484
2023-12-05,17.083811361223603
2023-12-06,17.15062774876151
2023-12-07,17.152102543720115
2023-12-08,17.13364873719728
2023-12-11,17.167882004671192
2023-12-12,17.225358759910538
2023-12-13,17.47218404308206
2023-12-14,17.546845796176683
2023-12-15,17.63515879577187
2023-12-18,17.648958667009115
2023-12-19,17.716113548492302
2023-12-20,17.636750814167016
2023-12-21,17.706648506730417
2023-12-22,17.729728079495015
2023-12-26,17.77268958024705
2023-12-27,17.835386090831502
2023-12-28,17.76746376377334
2023-12-29,17.477494063207768
2024-01-02,17.395951163030823
2024-01-03,17.34575019839917
2024-01-04,17.265556925858558
2024-01-05,17.214780465572947
2024-01-08,17.524779753907833
2024-01-09,17.367998801484575
2024-01-10,17.377797695964684
2024-01-11,17.24150484681493
2024-01-12,17.212998477687886
2024-01-16,17.00009646058232
2024-01-17,16.878947110309372
2024-01-18,16.978718042995535
2024-01-19,17.14173391412878
2024-01-22,17.186035930325513
2024-01-23,17.189440569558993
2024-01-24,17.174406601533452
2024-01-25,17.258281233017108
2024-01-26,17.231898388190984
2024-01-29,17.351848813270202
2024-01-30,17.356945285066704
2024-01-31,17.28791309746624
2024-02-01,17.433306833883645
2024-02-02,17.41163302073055
2024-02-05,17.29520760437984
2024-02-06,17.36691993291136
2024-02-07,17.423827746380567
2024-02-08,17.688043083087123
2024-02-09,17.975705088565057
2024-02-12,17.980321023126493
2024-02-13,17.757643332451554
2024-02-14,18.170081662854855
2024-02-15,18.654604772900417
2024-02-16,18.40093730138005
2024-02-20,18.36598925364536
2024-02-21,18.344968575735685
2024-02-22,18.88203001557137
2024-02-23,18.82642707618198
2024-02-26,18.777937244233904
2024-02-27,18.774381990581073
2024-02-28,18.796041077359316
2024-02-29,18.848816625342717
2024-03-01,19.132621640804683
2024-03-04,19.101081694638406
2024-03-05,19.064441710678697
2024-03-06,19.135878203057995
2024-03-07,19.246968470860015
2024-03-08,19.196285357910543
2024-03-11,19.20180317868619
2024-03-12,19.265715093461427
2024-03-13,19.229258941740316
2024-03-14,19.139040540110052
2024-03-15,19.02757194229282
2024-03-18,19.07293902589537
2024-03-19,19.15346090655771
2024-03-20,19.33061707899618
2024-03-21,19.394499026706235
2024-03-22,19.357730807272677
2024-03-25,19.30424914259352
2024-03-26,19.268593943859216
2024-03-27,19.430523721110557
2024-03-28,19.42681062965358
2024-04-01,19.29395741544884
2024-04-02,19.211992627058386
2024-04-03,19.233866643373066
2024-04-04,19.149416143184865
2024-04-05,19.186127792826564
2024-04-08,19.169864463046164
2024-04-09,19.21911457704545
2024-04-10,18.995176944846445
2024-04-11,19.053442684629456
2024-04-12,18.96132379526368
2024-04-15,19.078198435443692
2024-04-16,19.023360150243914
2024-04-17,19.027452951657107
2024-04-18,18.974763446874693
2024-04-19,18.904379922777004
2024-04-22,18.99245700276545
2024-04-23,19.11756565846801
2024-04-24,19.083895114748163
2024-04-25,19.011182765793947
2024-04-26,19.12728346688647
2024-04-29,19.199829985866646
2024-04-30,18.963498141025614
2024-05-01,18.942042541369098
2024-05-02,19.075128081248856
2024-05-03,19.264047011066054
2024-05-06,19.371849356627074
2024-05-07,19.407657216707197
2024-05-08,19.381401673024328
2024-05-09,19.46656655556399
2024-05-10,19.447638566354396
2024-05-13,19.46050795304561
2024-05-14,19.533519581382492
2024-05-15,19.775403817112306
2024-05-16,19.73471575783042
2024-05-17,19.763085079414946
2024-05-20,19.785854353420387
2024-05-21,19.83437974535974
2024-05-22,19.777269740207206
2024-05-23,19.63281220692833
2024-05-24,19.762711439137085
2024-05-28,19.776522459651495
2024-05-29,19.659101752195273
2024-05-30,19.643091226021504
2024-05-31,19.822003433372508
2024-06-03,19.94563081466467
2024-06-04,19.91071777612018
2024-06-05,20.064792610179662
2024-06-06,20.13467551804827
2024-06-07,20.01634043260356
2024-06-10,20.025729091545386
2024-06-11,20.102741165952285
2024-06-12,20.547398713004398
2024-06-13,20.70992386074022
2024-06-14,20.78753273609596
2024-06-17,20.821913427182995
2024-06-18,20.848040689830455
2024-06-20,20.79326964068945
2024-06-21,20.756919913697736
2024-06-24,20.212573946748996
2024-06-25,20.58334698600792
2024-06-26,20.559719802128626
2024-06-27,20.56971618504933
2024-06-28,20.558810157629257
2024-07-01,20.714208221823217
2024-07-02,20.817806469068124
2024-07-03,21.098612062040736
2024-07-05,21.163134422102207
2024-07-08,21.307626458876094
2024-07-09,21.29035985322641
2024-07-10,21.405883133933337
2024-07-11,20.870015819703525
2024-07-12,21.056444363266536
2024-07-15,21.052134207641494
2024-07-16,20.982026450413358
2024-07-17,20.165898809064437
2024-07-18,20.059800252169158
2024-07-19,19.746001815368277
2024-07-22,19.838396189815178
2024-07-23,19.83018575259684
2024-07-24,19.773420308757164
2024-07-25,19.640750695805586
2024-07-26,19.79747043389952
2024-07-29,19.819958032283278
2024-07-30,19.93974006957959
2024-07-31,20.174973272428502
2024-08-01,20.152843088601546
2024-08-02,20.121321409588333
2024-08-05,20.003931611301965
2024-08-06,20.007153160460113
2024-08-07,19.96422492001652
2024-08-08,20.16500553137774
2024-08-09,20.250311580203558
2024-08-12,20.452186197458687
2024-08-13,20.6657256195147
2024-08-14,20.7121202953467
2024-08-15,20.824827213305657
2024-08-16,20.871516749955774
2024-08-19,20.985273051057714
2024-08-20,21.010311157299586
2024-08-21,21.067941976038675
2024-08-22,20.936791494363725
2024-08-23,21.605404872194583
2024-08-26,21.56639647149687
2024-08-27,21.596009244820937
2024-08-28,21.527794308462987
2024-08-29,21.681380554064603
2024-08-30,21.8072223631398
2024-09-03,21.622151235934616
2024-09-04,21.66327805967491
2024-09-05,21.662357384160767
2024-09-06,21.495505773740714
2024-09-09,21.631137620225793
2024-09-10,21.724364076253114
2024-09-11,21.828112069555967
2024-09-12,21.902379193603668
2024-09-13,21.98065730765077
2024-09-16,22.025787377197723
2024-09-17,22.010292123386723
2024-09-18,21.929832992418508
2024-09-19,22.381521031600684
2024-09-20,22.141687511142084
2024-09-23,22.06074221128358
2024-09-24,22.097717676598993
2024-09-25,22.028466967997634
2024-09-26,22.06427290370898
2024-09-27,22.09217612685198
2024-09-30,22.10612878112038
2024-10-01,22.014995536979466
2024-10-02,21.98825233254062
2024-10-03,21.912009059901745
2024-10-04,22.218186014204147
2024-10-07,22.07745049466639
2024-10-08,22.191036545635285
2024-10-09,22.226367307619174
2024-10-10,22.205760033425857
2024-10-11,22.275722551128872
2024-10-14,22.457900514900235
2024-10-15,22.428155051374276
2024-10-16,22.525636884168623
2024-10-17,22.52757060715791
2024-10-18,22.614224535643515
2024-10-21,22.577087137721115
2024-10-22,22.565095221893795
2024-10-23,22.35890935194849
2024-10-24,22.407264232071245
2024-10-25,22.378655831369745
2024-10-28,22.35315498575115
2024-10-29,22.47964465473376
2024-10-30,22.524915298912095
2024-10-31,22.344446712239876
2024-11-01,22.198144594939844
2024-11-04,22.273216531621227
2024-11-05,22.30423682971789
2024-11-06,22.46672863680093
2024-11-07,22.387173921000482
2024-11-08,22.551965625853466
2024-11-11,22.531588346764234
2024-11-12,22.42583586223761
2024-11-13,22.203900169225516
2024-11-14,21.90452403593827
2024-11-15,21.577759357872193
2024-11-18,21.620257283478452
2024-11-19,21.780807244064537
2024-11-20,21.809138233770515
2024-11-21,22.140625223803355
2024-11-22,22.54955265411135
2024-11-25,22.892370598979287
2024-11-26,22.724266668503134
2024-11-27,22.755432198227
2024-11-29,22.84231726243567
2024-12-02,22.83098486655328
2024-12-03,22.668547134018322
2024-12-04,22.7497660002858
2024-12-05,22.484388495693015
2024-12-06,22.564662034938767
2024-12-09,22.451333752972985
2024-12-10,22.396330721841387
2024-12-11,22.79727958114215
2024-12-12,22.650151129526883
2024-12-13,22.823523917049464
2024-12-16,23.152196479183168
2024-12-17,23.050238743987464
2024-12-18,22.702465406461016
2024-12-19,22.647543514589987
2024-12-20,22.845313226150257
2024-12-23,23.030751231075122
2024-12-24,23.343044241297186
2024-12-26,23.327185349332446
2024-12-27,23.017096829941217
2024-12-30,22.71097101723858
2024-12-31,22.518047152900962
2025-01-02,22.474000350739534
2025-01-03,22.841791417627828
2025-01-06,23.104308637931748
2025-01-07,22.692031214917584
2025-01-08,22.695996610009633
2025-01-10,22.340097695792306
2025-01-13,22.337847238923647
2025-01-14,22.356890631830584
2025-01-15,22.87124013916026
2025-01-16,22.71100445951679
2025-01-17,23.09433002697951
2025-01-21,23.23874761318202
2025-01-22,23.535875110759207
2025-01-23,23.5859130278403
2025-01-24,23.452626330272448
2025-01-27,23.36284004908109
2025-01-28,23.464466827131737
2025-01-29,23.39800704070596
2025-01-30,23.48596376121401
2025-01-31,23.4045626948792
2025-02-03,23.296877046810035
2025-02-04,23.403890682480295
2025-02-05,23.519268979912148
2025-02-06,23.64203256099199
2025-02-07,23.343828989186157
2025-02-10,23.626409195093736
2025-02-11,23.60494669319864
2025-02-12,23.48559872344059
2025-02-13,23.697415912694268
2025-02-14,23.74655902804833
2025-02-18,23.717801063031086
2025-02-19,23.76489222455957
2025-02-20,23.73974150077901
2025-02-21,23.606795020210967
2025-02-24,23.57827648142463
2025-02-25,23.61254378031764
2025-02-26,23.650935545255937
2025-02-27,23.448472853619517
2025-02-28,23.695745311816015
2025-03-03,23.860605564043418
2025-03-04,23.926850003916837
2025-03-05,23.988751262463875
2025-03-06,23.921463728908712
2025-03-07,23.97331501551856
2025-03-10,23.95217496048083
2025-03-11,24.04978527954855
2025-03-12,24.07804570971175
2025-03-13,23.96600602910413
2025-03-14,24.1718165535266
2025-03-17,24.275248145352094
2025-03-18,24.15817897459833
2025-03-19,24.326732195714467
2025-03-20,24.309490861937473
2025-03-21,24.2668093891154
2025-03-24,24.14255415463191
2025-03-25,24.21611630509569
2025-03-26,24.17796674793537
2025-03-27,24.329784379789128
2025-03-28,24.182813437027637
2025-03-31,24.392089924501878
2025-04-01,24.371799622591915
2025-04-02,24.385304326676142
2025-04-03,24.43704987312013
2025-04-04,24.185491605555413
2025-04-07,23.781649076748952
2025-04-08,23.78655808009862
2025-04-09,24.188919548058706
2025-04-10,24.408903363269047
2025-04-11,24.573062736177647
2025-04-14,24.601500593308934
2025-04-15,24.70240209123937
2025-04-16,25.15788421084436
2025-04-17,25.066884889149048
2025-04-21,25.387101778597668
2025-04-22,25.216343876405876
2025-04-23,24.927395763738843
2025-04-24,25.17619956885695
2025-04-25,25.31493045714188
2025-04-28,25.545717210697465
2025-04-29,25.670273998143166
2025-04-30,25.695439195598393
2025-05-01,25.68886477412042
2025-05-02,25.793307828364732
2025-05-05,25.696202823304503
2025-05-06,25.621433164011002
2025-05-07,25.709102938482054
2025-05-08,25.698561869719757
2025-05-09,25.691730124010924
2025-05-12,26.034561891223664
2025-05-13,26.11080783353652
2025-05-14,26.078716668430502
2025-05-15,26.114359184282595
2025-05-16,26.163369130737745
2025-05-19,26.170717491606425
2025-05-20,26.072527941916935
2025-05-21,25.762519806734453
2025-05-22,25.816003329238608
2025-05-23,25.765170190156713
2025-05-27,26.086587842428447
2025-05-28,25.975110881590517
2025-05-29,26.080319840378195
2025-05-30,25.99925149117663
2025-06-02,25.98587814948101
2025-06-03,26.04752350821178
2025-06-04,26.086080464553532
2025-06-05,25.984416656821164
2025-06-06,26.22981172279791
2025-06-09,26.358561645640968
2025-06-10,26.506018650012965
2025-06-11,26.447696078446125
2025-06-12,26.69309282354337
2025-06-13,26.494518461942143
2025-06-16,26.582621665794868
2025-06-17,26.53407572930468
2025-06-18,26.5405018072978
2025-06-20,26.478734589451168
2025-06-23,26.73632396225461
2025-06-24,27.216274499353087
2025-06-25,27.4485441746857
2025-06-26,27.637882567833294
2025-06-27,27.60485811699251
2025-06-30,27.875654918561587
2025-07-01,27.626873857655255
2025-07-02,27.918586200746606
2025-07-03,28.286254276863758
2025-07-07,28.061691034594446
2025-07-08,28.21250230150558
2025-07-09,28.38202367257803
2025-07-10,28.288458034531384
2025-07-11,28.164066664231544
2025-07-14,28.14094904473499
2025-07-15,28.390831984475135
2025-07-16,28.4788949471261
2025-07-17,28.737584519070012
2025-07-18,28.718872735215356
2025-07-21,28.756299662311353
2025-07-22,28.489903657304144
2025-07-23,28.65282383353379
2025-07-24,28.773912926718886
2025-07-25,28.839958469013766
2025-07-28,29.0700260663721
2025-07-29,29.071127945205912
2025-07-30,29.13607496805367
2025-07-31,28.922518756269053
2025-08-01,28.804352361287695
2025-08-04,29.04283015722645
2025-08-05,28.95859754999081
2025-08-06,29.284787309775112
2025-08-07,29.311508301970754
2025-08-08,29.604301068330628
2025-08-11,29.579686868283407
2025-08-12,30.037739318699185
2025-08-13,30.048939338696144
2025-08-14,29.983984691139778
2025-08-15,29.75663829804312
2025-08-18,29.82047191826992
2025-08-19,29.777194054154933
2025-08-20,29.759487770846597
2025-08-21,29.65617541221649
2025-08-22,30.818956891322216
2025-08-25,30.494795325300817
2025-08-26,30.746774801256848
2025-08-27,30.964632744888736
2025-08-28,31.00137962663931
2025-08-29,30.863577818797218
2025-09-02,30.652926757555914
2025-09-03,30.622785490455556
2025-09-04,31.00545540212939
2025-09-05,31.16009711968209
2025-09-08,31.223001242230744
2025-09-09,31.03953005159466
2025-09-10,31.126059466717013
2025-09-11,31.701372274087202
2025-09-12,31.377511860280247
2025-09-15,31.48692064143951
2025-09-16,31.474968068361264
2025-09-17,31.421414672091892
2025-09-18,32.20402307715726
2025-09-19,31.959375538049212
2025-09-22,32.144834577228345
2025-09-23,32.072492185314275
2025-09-24,31.77786427206734
2025-09-25,31.474026226028244
2025-09-26,31.7436649557068
2025-09-29,31.78049344486267
2025-09-30,31.82521547341091
2025-10-01,31.894926685527526
2025-10-02,32.09616878948713
2025-10-03,32.334239382602604
2025-10-06,32.463139094648135
2025-10-07,32.11458303406506
2025-10-08,32.45130179606278
2025-10-09,32.24216815971294
2025-10-10,31.90688478424144
2025-10-13,32.159905183303984
2025-10-14,32.1817215102655
2025-10-15,32.23494962509304
2025-10-16,32.19988127473361
2025-10-17,32.264862112175514
2025-10-20,32.454180840469085
2025-10-21,32.483890491338364
2025-10-22,32.402775310945195
2025-10-23,32.44579474237681
2025-10-24,32.842116731948146
2025-10-27,33.035847401541695
2025-10-28,33.09496879647031
2025-10-29,32.99608171347161
2025-10-30,32.59031766060029
2025-10-31,32.62177834692433
2025-11-03,32.75522635390078
2025-11-04,32.581459153552906
2025-11-05,32.70892897342749
2025-11-06,32.61679221424825
2025-11-07,32.50399379191747
2025-11-10,33.33531761372177
2025-11-11,33.05106682868868
2025-11-12,33.153713806089854
2025-11-13,32.83072719689754
2025-11-14,32.80085234156983
2025-11-17,32.666764926591476
2025-11-18,32.55667185429966
2025-11-19,32.60777507227829
2025-11-20,32.398070338028475
2025-11-21,32.61294439119087
2025-11-24,32.878117513255724
2025-11-25,32.96627520832648
2025-11-26,33.35652079942137
2025-11-28,33.64332745435657
2025-12-01,33.4267799048767
2025-12-02,33.47156421122657
2025-12-03,33.551396433825765
2025-12-04,33.676352752170985
2025-12-05,33.9227910453392
2025-12-08,33.83666955456865
2025-12-09,33.797464423129284
2025-12-10,33.96403543212272
2025-12-11,33.790482812611586
2025-12-12,32.813100748701764
2025-12-15,32.80195723012193
2025-12-16,32.803143301313845
2025-12-17,32.61926940376818
2025-12-18,32.78467261392454
2025-12-19,32.794731472359025
2025-12-22,32.87984726303069
2025-12-23,32.94814552709063
2025-12-24,33.04895166789203
2025-12-26,33.06271212099554
2025-12-29,33.02779831435184
2025-12-30,32.9905340060985
2025-12-31,32.813610684634355
2026-01-02,32.83003543700202
2026-01-05,32.98890717411086
2026-01-06,33.07502245940326
2026-01-07,33.0526267301456
2026-01-08,33.00127393192614
2026-01-09,33.129268792354104
2026-01-12,33.134640092425116
2026-01-13,33.122185049034854
2026-01-14,33.07517785683272
2026-01-15,33.08593914323946
2026-01-16,33.008516842678084
2026-01-20,32.60716706124261
2026-01-21,32.8379852776228
2026-01-22,32.92203010424652
2026-01-23,32.95549755865821
2026-01-26,33.06321619086175
2026-01-27,33.11015873972908
2026-01-28,33.09469323249349
2026-01-29,33.079110886956194
2026-01-30,33.01944407275992
2026-02-02,33.015477233623486
2026-02-03,32.89146448669091
2026-02-04,32.80836023684439
2026-02-05,32.69966567713328
2026-02-06,33.013333851674986
2026-02-09,33.096361160490005
2026-02-10,33.12505339894419
2026-02-11,33.07488854077082
2026-02-12,32.92078726882451
2026-02-13,32.99698099786842
2026-02-17,33.02190307020355
2026-02-18,33.07110787726986
2026-02-19,33.04283921890565
2026-02-20,33.16231857707222
2026-02-23,33.052777858088746
2026-02-24,33.16950729629167
2026-02-25,33.32695949024827
2026-02-26,33.504566026317036
2026-02-27,33.49106244467888
2026-03-02,33.35190934789391
2026-03-03,33.18603417309405
2026-03-04,33.26889457640127
2026-03-05,33.12460070914787
2026-03-06,33.376525759264915
2026-03-09,33.39389454324639
2026-03-10,33.313562552364296
2026-03-11,33.21665978172924
2026-03-12,32.836610258263704
2026-03-13,32.72652084121525
2026-03-16,32.96665611200867
2026-03-17,33.039201257120155
2026-03-18,32.73312642140004
2026-03-19,32.69108357008296
2026-03-20,32.266051299502465
2026-03-23,31.952549615686582
2026-03-24,31.845206664638884
2026-03-25,32.017866351402176
2026-03-26,31.602699429875308
2026-03-27,32.15890037394141
2026-03-30,32.26812816872818
2026-03-31,32.765902587577315
2026-04-01,32.82067625035192
2026-04-02,32.87344044440832
2026-04-06,32.907997021746915
2026-04-07,33.10961801788642
2026-04-08,33.56776026286045
2026-04-09,33.759780974447594
2026-04-10,33.67472379090067
2026-04-13,34.16058055451342
2026-04-14,34.630969157822385
2026-04-15,34.717316337957065
2026-04-16,34.78948535437571
2026-04-17,35.54081790966558
2026-04-20,35.488610349616145
2026-04-21,35.294678685185545
2026-04-22,36.07043465010941
2026-04-23,35.97212446646414
2026-04-24,36.983149136065876
2026-04-27,36.97243465832343
2026-04-28,36.86503157901025
2026-04-29,36.77510083666133
2026-04-30,36.8652414112672
2026-05-01,37.41301847796715
2026-05-04,37.454623719119986
2026-05-05,38.28206968623353
2026-05-06,39.29904045239026
2026-05-07,39.220457085147096
2026-05-08,40.56794564270171
2026-05-11,41.11341267863492
2026-05-12,40.493982336992
2026-05-13,40.87534901937417
2026-05-14,41.48784221518785
2026-05-15,40.738979615317476
2026-05-18,40.71593750303293
2026-05-19,40.50192702306099
2026-05-20,41.41370988600963
2026-05-21,41.755046087251905
2026-05-22,42.17353012758854
2026-05-25,42.17353012758854
2026-05-26,43.284036634511565
2026-05-27,43.11804356594135
2026-05-28,43.683820546644526
2026-05-29,44.658727936217346
2026-06-01,45.76689425159104
2026-06-02,46.33968467221189
2026-06-03,45.876776233454734
2026-06-04,45.16137682293117
