open_time,open,high,low,close,volume,close_time,quote_volume,trades,taker_buy_base_volume,taker_buy_quote_volume,symbol,open_time_formatted,close_time_formatted
1746316800000,0.17565,0.17744,0.1699,0.17049,487770520.0,1746403199999,84650392.55413,562162,220173695.0,38236907.57243,DOGEUSDT,2025-05-04,2025-05-04 23:59:59.999
1746403200000,0.17048,0.17465,0.16827,0.17062,487205270.0,1746489599999,83343024.00357,721858,232659458.0,39802533.37444,DOGEUSDT,2025-05-05,2025-05-05 23:59:59.999
1746489600000,0.17062,0.1726,0.16426,0.17219,596670817.0,1746575999999,100200602.33929,825007,278096564.0,46732237.85195,DOGEUSDT,2025-05-06,2025-05-06 23:59:59.999
1746576000000,0.1722,0.17445,0.16901,0.17202,528808392.0,1746662399999,90937705.63149,742530,263431169.0,45295717.26849,DOGEUSDT,2025-05-07,2025-05-07 23:59:59.999
1746662400000,0.17201,0.19842,0.17173,0.19817,1741876403.0,1746748799999,324738527.3421,1838580,903616021.0,168416432.6545,DOGEUSDT,2025-05-08,2025-05-08 23:59:59.999
1746748800000,0.19818,0.2145,0.19299,0.2053,2079031356.0,1746835199999,423507376.21799,2179148,1004471436.0,204671185.64118,DOGEUSDT,2025-05-09,2025-05-09 23:59:59.999
1746835200000,0.2053,0.25098,0.20336,0.25063,2356324644.0,1746921599999,536013762.92766,2091831,1174765915.0,267516396.4522,DOGEUSDT,2025-05-10,2025-05-10 23:59:59.999
1746921600000,0.25062,0.2597,0.22211,0.23181,2657615086.0,1747007999999,630967755.05094,2226011,1240268967.0,294124439.1863,DOGEUSDT,2025-05-11,2025-05-11 23:59:59.999
1747008000000,0.23181,0.25341,0.22011,0.23101,3356354027.0,1747094399999,801909719.27557,3663635,1644832451.0,393268522.8876,DOGEUSDT,2025-05-12,2025-05-12 23:59:59.999
1747094400000,0.23102,0.24309,0.21736,0.24078,1894212060.0,1747180799999,435202800.36901,1643148,952732086.0,219011763.01516,DOGEUSDT,2025-05-13,2025-05-13 23:59:59.999
1747180800000,0.24078,0.24759,0.22813,0.23278,1349205954.0,1747267199999,319738849.6961,1221499,641577388.0,152152369.34624,DOGEUSDT,2025-05-14,2025-05-14 23:59:59.999
1747267200000,0.23279,0.23676,0.21374,0.21939,1613975945.0,1747353599999,362767842.00985,1355315,777776201.0,174915882.21374,DOGEUSDT,2025-05-15,2025-05-15 23:59:59.999
1747353600000,0.2194,0.23095,0.21797,0.22111,991509008.0,1747439999999,223536369.09258,845856,487578243.0,109913410.69395,DOGEUSDT,2025-05-16,2025-05-16 23:59:59.999
1747440000000,0.22111,0.22225,0.21074,0.21457,867614251.0,1747526399999,187308735.24686,849009,418978531.0,90460533.50204,DOGEUSDT,2025-05-17,2025-05-17 23:59:59.999
1747526400000,0.21458,0.23779,0.21402,0.23304,1589243100.0,1747612799999,360024073.27071,1373019,812200184.0,183968494.17297,DOGEUSDT,2025-05-18,2025-05-18 23:59:59.999
1747612800000,0.23309,0.23581,0.21388,0.22445,1467077135.0,1747699199999,324304109.90827,1089047,714054738.0,157727586.10093,DOGEUSDT,2025-05-19,2025-05-19 23:59:59.999
1747699200000,0.22446,0.2308,0.21768,0.22625,1188057201.0,1747785599999,265615543.04725,1075439,578143360.0,129225608.88438,DOGEUSDT,2025-05-20,2025-05-20 23:59:59.999
1747785600000,0.22626,0.23813,0.22266,0.23404,1894442857.0,1747871999999,435133856.51108,2074400,923734534.0,212169997.42064,DOGEUSDT,2025-05-21,2025-05-21 23:59:59.999
1747872000000,0.23404,0.24579,0.23383,0.24558,1616956272.0,1747958399999,389242417.98554,1792018,803828361.0,193545986.38116,DOGEUSDT,2025-05-22,2025-05-22 23:59:59.999
1747958400000,0.24559,0.25441,0.22304,0.22521,2250495384.0,1748044799999,538713663.32888,2073439,1059083940.0,253804900.74667,DOGEUSDT,2025-05-23,2025-05-23 23:59:59.999
1748044800000,0.22521,0.23041,0.22355,0.22512,689220139.0,1748131199999,156871983.8191,987169,327513668.0,74525149.38693,DOGEUSDT,2025-05-24,2025-05-24 23:59:59.999
1748131200000,0.22512,0.22645,0.21567,0.22491,909550724.0,1748217599999,200536737.97606,998489,451349875.0,99558015.93203,DOGEUSDT,2025-05-25,2025-05-25 23:59:59.999
1748217600000,0.22491,0.23036,0.2225,0.22596,641865425.0,1748303999999,145306388.11551,824833,315021213.0,71350105.2815,DOGEUSDT,2025-05-26,2025-05-26 23:59:59.999
1748304000000,0.22596,0.23216,0.21965,0.22598,805405021.0,1748390399999,182829286.90899,954287,404684470.0,91842252.55923,DOGEUSDT,2025-05-27,2025-05-27 23:59:59.999
1748390400000,0.22599,0.22785,0.21678,0.22096,681513510.0,1748476799999,151211286.12714,777705,330804269.0,73468852.97416,DOGEUSDT,2025-05-28,2025-05-28 23:59:59.999
1748476800000,0.22096,0.22798,0.21402,0.21487,903435947.0,1748563199999,200334712.13194,931110,425159231.0,94315262.02425,DOGEUSDT,2025-05-29,2025-05-29 23:59:59.999
1748563200000,0.21487,0.21648,0.19061,0.19357,1863217282.0,1748649599999,378088955.39609,1647719,864806701.0,175463769.74317,DOGEUSDT,2025-05-30,2025-05-30 23:59:59.999
1748649600000,0.19358,0.19551,0.18555,0.19251,1086259533.0,1748735999999,206757211.71244,1278908,527603926.0,100441301.03706,DOGEUSDT,2025-05-31,2025-05-31 23:59:59.999
1748736000000,0.19251,0.19485,0.1864,0.19363,544186058.0,1748822399999,103797947.05727,732704,268140624.0,51159880.68914,DOGEUSDT,2025-06-01,2025-06-01 23:59:59.999
1748822400000,0.19364,0.19642,0.18846,0.19507,602359395.0,1748908799999,115481800.96922,772763,283740140.0,54413170.80045,DOGEUSDT,2025-06-02,2025-06-02 23:59:59.999
1748908800000,0.19507,0.20051,0.19141,0.19311,712519938.0,1748995199999,139828681.17278,774951,361338751.0,70950470.39425,DOGEUSDT,2025-06-03,2025-06-03 23:59:59.999
1748995200000,0.19311,0.19705,0.18703,0.18812,462365003.0,1749081599999,89135081.41012,616007,209166414.0,40307234.19061,DOGEUSDT,2025-06-04,2025-06-04 23:59:59.999
1749081600000,0.18811,0.19248,0.168,0.17105,1346305437.0,1749167999999,240663393.60467,1179336,612303970.0,109268991.07478,DOGEUSDT,2025-06-05,2025-06-05 23:59:59.999
1749168000000,0.17106,0.18446,0.16943,0.17878,1096946331.0,1749254399999,194045010.43752,1055698,569140903.0,100622861.23842,DOGEUSDT,2025-06-06,2025-06-06 23:59:59.999
1749254400000,0.17878,0.1887,0.17776,0.18511,579947806.0,1749340799999,106791753.356,652441,304133645.0,55959244.04701,DOGEUSDT,2025-06-07,2025-06-07 23:59:59.999
1749340800000,0.1851,0.18699,0.18046,0.18418,475018993.0,1749427199999,87349714.24146,540355,227075998.0,41767968.48484,DOGEUSDT,2025-06-08,2025-06-08 23:59:59.999
1749427200000,0.18417,0.19612,0.18022,0.1949,861702676.0,1749513599999,161089652.22207,882811,437613986.0,81897421.47867,DOGEUSDT,2025-06-09,2025-06-09 23:59:59.999
1749513600000,0.1949,0.19876,0.1888,0.1985,982365029.0,1749599999999,190270395.55173,1088920,475145793.0,92086260.33741,DOGEUSDT,2025-06-10,2025-06-10 23:59:59.999
1749600000000,0.19851,0.20672,0.19125,0.19294,1122709648.0,1749686399999,223875578.80856,1240200,537860535.0,107314477.77465,DOGEUSDT,2025-06-11,2025-06-11 23:59:59.999
1749686400000,0.19294,0.19368,0.18,0.1811,932640491.0,1749772799999,174841531.94321,946392,445072462.0,83475856.06735,DOGEUSDT,2025-06-12,2025-06-12 23:59:59.999
1749772800000,0.18111,0.18148,0.16987,0.1804,1429961655.0,1749859199999,249668927.40139,1339133,683994402.0,119412596.16477,DOGEUSDT,2025-06-13,2025-06-13 23:59:59.999
1749859200000,0.18041,0.18044,0.17459,0.17824,541713685.0,1749945599999,96124075.57769,526423,284386612.0,50488267.96163,DOGEUSDT,2025-06-14,2025-06-14 23:59:59.999
1749945600000,0.17825,0.17871,0.17142,0.17553,569564407.0,1750031999999,99974979.73445,514942,237781583.0,41723394.03604,DOGEUSDT,2025-06-15,2025-06-15 23:59:59.999
1750032000000,0.17554,0.18115,0.17209,0.17272,899995493.0,1750118399999,159364978.81491,799500,425398868.0,75402408.2526,DOGEUSDT,2025-06-16,2025-06-16 23:59:59.999
1750118400000,0.17271,0.17612,0.16392,0.16936,902753834.0,1750204799999,153673765.57628,915047,412401672.0,70256390.1827,DOGEUSDT,2025-06-17,2025-06-17 23:59:59.999
1750204800000,0.16936,0.17222,0.16405,0.17068,679592519.0,1750291199999,114472417.50859,698726,333812165.0,56260911.40697,DOGEUSDT,2025-06-18,2025-06-18 23:59:59.999
1750291200000,0.17069,0.17204,0.16773,0.17092,338033103.0,1750377599999,57431118.9557,366382,163821232.0,27831910.22014,DOGEUSDT,2025-06-19,2025-06-19 23:59:59.999
1750377600000,0.17091,0.17197,0.15839,0.16234,952028188.0,1750463999999,157797955.46659,795644,434031453.0,71913737.54801,DOGEUSDT,2025-06-20,2025-06-20 23:59:59.999
1750464000000,0.16235,0.16436,0.15025,0.15448,693909616.0,1750550399999,109095337.87256,637337,305104353.0,48045928.89472,DOGEUSDT,2025-06-21,2025-06-21 23:59:59.999
1750550400000,0.15448,0.15769,0.1427,0.15129,1801536004.0,1750636799999,269882943.13846,1283994,892764236.0,133696111.17262,DOGEUSDT,2025-06-22,2025-06-22 23:59:59.999
1750636800000,0.15128,0.16525,0.14861,0.16376,1060150458.0,1750723199999,164783738.40813,929449,547597089.0,85185810.45578,DOGEUSDT,2025-06-23,2025-06-23 23:59:59.999
1750723200000,0.16377,0.16767,0.16167,0.16571,889346979.0,1750809599999,145959726.9428,707835,390991831.0,64184356.61053,DOGEUSDT,2025-06-24,2025-06-24 23:59:59.999
1750809600000,0.16572,0.1677,0.16253,0.16459,678023426.0,1750895999999,112029950.75805,599099,329016017.0,54355886.2256,DOGEUSDT,2025-06-25,2025-06-25 23:59:59.999
1750896000000,0.16458,0.16809,0.15792,0.16001,764621210.0,1750982399999,123832331.85516,634090,393698705.0,63751978.69811,DOGEUSDT,2025-06-26,2025-06-26 23:59:59.999
1750982400000,0.16002,0.16307,0.15704,0.16104,436840031.0,1751068799999,70141716.92711,491220,209424391.0,33642048.59672,DOGEUSDT,2025-06-27,2025-06-27 23:59:59.999
1751068800000,0.16105,0.165,0.1604,0.16363,289205475.0,1751155199999,47034141.95458,258428,140610278.0,22867887.95545,DOGEUSDT,2025-06-28,2025-06-28 23:59:59.999
1751155200000,0.16362,0.17006,0.16259,0.16944,417646869.0,1751241599999,69213297.78465,362849,203584306.0,33760207.58204,DOGEUSDT,2025-06-29,2025-06-29 23:59:59.999
1751241600000,0.16945,0.16993,0.16222,0.16518,654158261.0,1751327999999,108362081.89976,568225,318361214.0,52733928.27133,DOGEUSDT,2025-06-30,2025-06-30 23:59:59.999
1751328000000,0.16518,0.16632,0.15674,0.15778,506350958.0,1751414399999,81428337.38272,469441,231120103.0,37189680.59759,DOGEUSDT,2025-07-01,2025-07-01 23:59:59.999
1751414400000,0.15779,0.17268,0.15655,0.16869,848237954.0,1751500799999,141531663.38009,720234,444490343.0,74114984.87873,DOGEUSDT,2025-07-02,2025-07-02 23:59:59.999
1751500800000,0.16868,0.17542,0.1674,0.17201,1014473641.0,1751587199999,174700056.05308,780009,510217632.0,87931272.61981,DOGEUSDT,2025-07-03,2025-07-03 23:59:59.999
1751587200000,0.17201,0.17296,0.16128,0.16288,756939150.0,1751673599999,125718537.37578,639270,382024948.0,63460875.78878,DOGEUSDT,2025-07-04,2025-07-04 23:59:59.999
1751673600000,0.16289,0.16507,0.1619,0.16421,292791372.0,1751759999999,47934203.04523,278827,125509320.0,20545688.09566,DOGEUSDT,2025-07-05,2025-07-05 23:59:59.999
1751760000000,0.16422,0.17524,0.16313,0.17196,879979321.0,1751846399999,149398052.76918,630424,483248648.0,81994505.12194,DOGEUSDT,2025-07-06,2025-07-06 23:59:59.999
1751846400000,0.17196,0.17719,0.16569,0.16792,859968572.0,1751932799999,146923845.8867,761246,423259781.0,72361145.70975,DOGEUSDT,2025-07-07,2025-07-07 23:59:59.999
1751932800000,0.16793,0.172,0.16589,0.17094,560967350.0,1752019199999,94974536.73373,525701,299198879.0,50636538.53517,DOGEUSDT,2025-07-08,2025-07-08 23:59:59.999
1752019200000,0.17094,0.18661,0.16991,0.18053,1188196945.0,1752105599999,209208452.04026,956099,590105798.0,104093500.43508,DOGEUSDT,2025-07-09,2025-07-09 23:59:59.999
1752105600000,0.18053,0.19641,0.17874,0.19507,1146142109.0,1752191999999,212625646.90915,1040881,556783161.0,103484891.84621,DOGEUSDT,2025-07-10,2025-07-10 23:59:59.999
1752192000000,0.19508,0.21366,0.19115,0.20103,2460231517.0,1752278399999,498563890.68926,2282243,1214130630.0,246186692.35141,DOGEUSDT,2025-07-11,2025-07-11 23:59:59.999
1752278400000,0.20103,0.20654,0.1919,0.19742,940327860.0,1752364799999,186848469.34616,1096622,430418344.0,85559209.98115,DOGEUSDT,2025-07-12,2025-07-12 23:59:59.999
1752364800000,0.19741,0.20412,0.19576,0.19855,820805906.0,1752451199999,163802067.0844,986034,398190665.0,79507368.0268,DOGEUSDT,2025-07-13,2025-07-13 23:59:59.999
1752451200000,0.19855,0.21097,0.19464,0.19749,1622802447.0,1752537599999,330347085.43806,1600771,804996178.0,163925050.82688,DOGEUSDT,2025-07-14,2025-07-14 23:59:59.999
1752537600000,0.19748,0.19934,0.18842,0.19919,1313854511.0,1752623999999,253628308.24066,1435520,656674402.0,126759570.93887,DOGEUSDT,2025-07-15,2025-07-15 23:59:59.999
1752624000000,0.1992,0.22073,0.19553,0.2127,1785566132.0,1752710399999,368001986.87784,1641646,882334416.0,181825307.72367,DOGEUSDT,2025-07-16,2025-07-16 23:59:59.999
1752710400000,0.21269,0.22236,0.2066,0.21826,2133077927.0,1752796799999,455996121.20446,2766474,1074151852.0,229759832.37403,DOGEUSDT,2025-07-17,2025-07-17 23:59:59.999
1752796800000,0.21826,0.2542,0.21618,0.2358,4213195060.0,1752883199999,1003528632.67305,5075861,2106654219.0,501427898.01485,DOGEUSDT,2025-07-18,2025-07-18 23:59:59.999
1752883200000,0.2358,0.25777,0.23558,0.24143,2332570036.0,1752969599999,576656743.32139,3395448,1189157634.0,294124523.88978,DOGEUSDT,2025-07-19,2025-07-19 23:59:59.999
1752969600000,0.24142,0.2783,0.23998,0.27375,3391965164.0,1753055999999,882595774.69651,4360513,1696311641.0,441752365.71926,DOGEUSDT,2025-07-20,2025-07-20 23:59:59.999
1753056000000,0.27375,0.2875,0.26428,0.27142,3119210733.0,1753142399999,856718613.92868,4117679,1575078100.0,432862685.99328,DOGEUSDT,2025-07-21,2025-07-21 23:59:59.999
1753142400000,0.27142,0.27492,0.25735,0.27093,2192290786.0,1753228799999,582380262.79653,3292199,1047931735.0,278580318.15411,DOGEUSDT,2025-07-22,2025-07-22 23:59:59.999
1753228800000,0.27094,0.27108,0.2305,0.24083,2256299182.0,1753315199999,561110090.39725,3087294,1062806930.0,264503220.09571,DOGEUSDT,2025-07-23,2025-07-23 23:59:59.999
1753315200000,0.24078,0.24665,0.22176,0.23218,2290016087.0,1753401599999,540995396.21605,2737843,1140085974.0,269622810.7808,DOGEUSDT,2025-07-24,2025-07-24 23:59:59.999
1753401600000,0.23219,0.23697,0.22085,0.23673,1957938127.0,1753487999999,446832437.42233,1817403,937418083.0,214105660.57788,DOGEUSDT,2025-07-25,2025-07-25 23:59:59.999
1753488000000,0.23673,0.24029,0.23296,0.23543,733863730.0,1753574399999,174064427.82114,917292,355744001.0,84408229.95045,DOGEUSDT,2025-07-26,2025-07-26 23:59:59.999
1753574400000,0.23544,0.24372,0.23432,0.24071,1038317435.0,1753660799999,247866861.56982,1168179,491537152.0,117429921.05742,DOGEUSDT,2025-07-27,2025-07-27 23:59:59.999
1753660800000,0.24071,0.24859,0.22426,0.22615,1620312126.0,1753747199999,384585889.28529,1626873,766836712.0,182347676.00499,DOGEUSDT,2025-07-28,2025-07-28 23:59:59.999
1753747200000,0.22616,0.23276,0.21744,0.22392,1192564427.0,1753833599999,268659829.49662,1379363,581721130.0,131097842.15109,DOGEUSDT,2025-07-29,2025-07-29 23:59:59.999
1753833600000,0.22392,0.22655,0.209,0.21999,1217881143.0,1753919999999,266285612.51686,1324787,586140850.0,128289061.19976,DOGEUSDT,2025-07-30,2025-07-30 23:59:59.999
1753920000000,0.21998,0.22566,0.20814,0.20974,843884315.0,1754006399999,183965767.27791,1003149,398975110.0,87016352.05038,DOGEUSDT,2025-07-31,2025-07-31 23:59:59.999
1754006400000,0.20975,0.2125,0.19583,0.20097,1936437804.0,1754092799999,397578220.30481,1612569,933088944.0,191624069.11908,DOGEUSDT,2025-08-01,2025-08-01 23:59:59.999
1754092800000,0.20098,0.20352,0.18944,0.19098,1340154059.0,1754179199999,262590864.62308,1318455,583050412.0,114384582.07298,DOGEUSDT,2025-08-02,2025-08-02 23:59:59.999
1754179200000,0.19098,0.20047,0.18845,0.19876,743628957.0,1754265599999,145995992.51874,822856,387279763.0,76137156.47825,DOGEUSDT,2025-08-03,2025-08-03 23:59:59.999
1754265600000,0.19875,0.21127,0.1985,0.21039,1016575695.0,1754351999999,207193074.34464,969213,572455181.0,116603409.04774,DOGEUSDT,2025-08-04,2025-08-04 23:59:59.999
1754352000000,0.21038,0.21106,0.19602,0.19981,844023791.0,1754438399999,171261936.42343,1012835,394992332.0,80133245.20101,DOGEUSDT,2025-08-05,2025-08-05 23:59:59.999
1754438400000,0.19982,0.20716,0.1956,0.20524,624926690.0,1754524799999,125769302.51841,724785,316317015.0,63692108.18532,DOGEUSDT,2025-08-06,2025-08-06 23:59:59.999
1754524800000,0.20525,0.22304,0.20331,0.22228,1122885382.0,1754611199999,238459586.04281,934938,584468275.0,124120069.63076,DOGEUSDT,2025-08-07,2025-08-07 23:59:59.999
1754611200000,0.22228,0.23254,0.21953,0.23039,1206447226.0,1754697599999,270909957.44395,1291917,591222276.0,132849191.13525,DOGEUSDT,2025-08-08,2025-08-08 23:59:59.999
1754697600000,0.23039,0.24676,0.22972,0.23995,1460081482.0,1754783999999,348718501.41256,1525089,739067638.0,176481669.50107,DOGEUSDT,2025-08-09,2025-08-09 23:59:59.999
1754784000000,0.23995,0.24348,0.22941,0.23385,1100909731.0,1754870399999,259095647.38236,967778,493638321.0,116266643.43748,DOGEUSDT,2025-08-10,2025-08-10 23:59:59.999
1754870400000,0.23385,0.24179,0.22117,0.22207,1438550271.0,1754956799999,334164812.68073,1352563,704126382.0,163859731.11061,DOGEUSDT,2025-08-11,2025-08-11 23:59:59.999
1754956800000,0.22208,0.23835,0.21865,0.23582,1379181817.0,1755043199999,314305490.77185,1389484,669339821.0,152707771.23721,DOGEUSDT,2025-08-12,2025-08-12 23:59:59.999
1755043200000,0.23582,0.25058,0.23132,0.24482,2104113623.0,1755129599999,509995375.47661,1847383,1081523513.0,261974125.96946,DOGEUSDT,2025-08-13,2025-08-13 23:59:59.999
1755129600000,0.24483,0.25574,0.21578,0.22382,3238378909.0,1755215999999,756542920.91445,2623172,1616172933.0,377576265.47437,DOGEUSDT,2025-08-14,2025-08-14 23:59:59.999
1755216000000,0.22381,0.23299,0.22006,0.22886,1696292315.0,1755302399999,385423338.94535,1920983,817993433.0,185947073.51671,DOGEUSDT,2025-08-15,2025-08-15 23:59:59.999
1755302400000,0.22885,0.23622,0.22522,0.23115,1061437464.0,1755388799999,245340768.57232,1285014,529555041.0,122427656.5954,DOGEUSDT,2025-08-16,2025-08-16 23:59:59.999
1755388800000,0.23115,0.24259,0.22835,0.23456,1209978791.0,1755475199999,284394057.5692,1348556,593550272.0,139587113.12523,DOGEUSDT,2025-08-17,2025-08-17 23:59:59.999
1755475200000,0.23457,0.23553,0.21992,0.22262,1827107692.0,1755561599999,408916113.87339,1970079,882996955.0,197557255.1948,DOGEUSDT,2025-08-18,2025-08-18 23:59:59.999
1755561600000,0.22262,0.22567,0.20869,0.20943,1798094261.0,1755647999999,389054666.70365,2248123,884866169.0,191575970.87358,DOGEUSDT,2025-08-19,2025-08-19 23:59:59.999
1755648000000,0.20944,0.22287,0.20747,0.22169,2102107149.0,1755734399999,450073909.23134,1783951,1054463148.0,225713872.13888,DOGEUSDT,2025-08-20,2025-08-20 23:59:59.999
1755734400000,0.22168,0.2245,0.21388,0.21473,983634414.0,1755820799999,215301640.49663,997564,455699742.0,99731000.77687,DOGEUSDT,2025-08-21,2025-08-21 23:59:59.999
1755820800000,0.21473,0.24222,0.20828,0.24054,2470614941.0,1755907199999,560893726.16404,1880029,1235968781.0,280288640.69721,DOGEUSDT,2025-08-22,2025-08-22 23:59:59.999
1755907200000,0.24054,0.2409,0.22902,0.23631,1383693143.0,1755993599999,326140492.77971,967764,629441777.0,148389310.70451,DOGEUSDT,2025-08-23,2025-08-23 23:59:59.999
1755993600000,0.23631,0.24496,0.22761,0.23182,1758616432.0,1756079999999,411239251.64081,1404492,814765991.0,190859242.75251,DOGEUSDT,2025-08-24,2025-08-24 23:59:59.999
1756080000000,0.23182,0.23459,0.20585,0.20965,2157373271.0,1756166399999,471504088.95554,1714738,1070861177.0,233493063.69119,DOGEUSDT,2025-08-25,2025-08-25 23:59:59.999
1756166400000,0.20965,0.21999,0.20711,0.21839,1261490195.0,1756252799999,267962242.60181,1136069,624649800.0,132718020.9785,DOGEUSDT,2025-08-26,2025-08-26 23:59:59.999
1756252800000,0.21839,0.22388,0.21606,0.21892,1293545133.0,1756339199999,285219670.68846,1043076,619484806.0,136647154.46503,DOGEUSDT,2025-08-27,2025-08-27 23:59:59.999
1756339200000,0.21891,0.22597,0.21668,0.22437,958072860.0,1756425599999,213147433.77123,851792,467744461.0,104175522.13787,DOGEUSDT,2025-08-28,2025-08-28 23:59:59.999
1756425600000,0.22438,0.22539,0.20977,0.21391,1424776798.0,1756511999999,307430560.88607,972672,673127440.0,145234415.84133,DOGEUSDT,2025-08-29,2025-08-29 23:59:59.999
1756512000000,0.21391,0.21885,0.21126,0.21595,538763691.0,1756598399999,116090587.04342,472818,240649985.0,51882031.99579,DOGEUSDT,2025-08-30,2025-08-30 23:59:59.999
1756598400000,0.21595,0.22134,0.21327,0.21371,490963065.0,1756684799999,106889059.29161,486900,239809731.0,52241534.4693,DOGEUSDT,2025-08-31,2025-08-31 23:59:59.999
1756684800000,0.21371,0.21988,0.20476,0.21073,1522561758.0,1756771199999,323216732.96328,1214090,734355277.0,155809860.17754,DOGEUSDT,2025-09-01,2025-09-01 23:59:59.999
1756771200000,0.21074,0.21557,0.20658,0.21489,1031360496.0,1756857599999,218454942.67994,922930,497124790.0,105310811.38017,DOGEUSDT,2025-09-02,2025-09-02 23:59:59.999
1756857600000,0.21489,0.22351,0.21249,0.2203,824904593.0,1756943999999,179440183.471,699534,410559985.0,89316546.78341,DOGEUSDT,2025-09-03,2025-09-03 23:59:59.999
1756944000000,0.2203,0.22111,0.21047,0.21241,689472854.0,1757030399999,148219588.38683,591177,316287967.0,67951070.77626,DOGEUSDT,2025-09-04,2025-09-04 23:59:59.999
1757030400000,0.21241,0.22097,0.21182,0.21788,1176623712.0,1757116799999,255141089.22739,799000,570423290.0,123759583.03656,DOGEUSDT,2025-09-05,2025-09-05 23:59:59.999
1757116800000,0.21788,0.21888,0.21225,0.21595,482954635.0,1757203199999,103997609.16899,360232,233925239.0,50354006.66899,DOGEUSDT,2025-09-06,2025-09-06 23:59:59.999
1757203200000,0.21595,0.22926,0.21568,0.22877,882527071.0,1757289599999,196435261.83628,535216,468027713.0,104276315.54085,DOGEUSDT,2025-09-07,2025-09-07 23:59:59.999
1757289600000,0.22876,0.24413,0.22653,0.24164,1683689246.0,1757375999999,396211227.9766,1155660,832591294.0,195933244.75984,DOGEUSDT,2025-09-08,2025-09-08 23:59:59.999
1757376000000,0.24165,0.24952,0.23359,0.24063,1932725888.0,1757462399999,466290114.3566,1492602,965719102.0,233177900.00477,DOGEUSDT,2025-09-09,2025-09-09 23:59:59.999
1757462400000,0.24063,0.24868,0.23618,0.24536,1344178632.0,1757548799999,325747007.8931,1027231,675480891.0,163893398.03274,DOGEUSDT,2025-09-10,2025-09-10 23:59:59.999
1757548800000,0.24535,0.25699,0.24228,0.25603,1760794865.0,1757635199999,440156880.2398,1458157,893792298.0,223556013.44549,DOGEUSDT,2025-09-11,2025-09-11 23:59:59.999
1757635200000,0.25604,0.2786,0.25481,0.2755,2082678041.0,1757721599999,553334736.42513,1832176,1076144962.0,286120699.97394,DOGEUSDT,2025-09-12,2025-09-12 23:59:59.999
1757721600000,0.2755,0.30684,0.27266,0.28938,4015592199.0,1757807999999,1167713347.86586,3392820,1965085977.0,571801317.19645,DOGEUSDT,2025-09-13,2025-09-13 23:59:59.999
1757808000000,0.28937,0.2951,0.2727,0.27796,2428234193.0,1757894399999,688582622.28456,2171509,1147857883.0,325343731.90413,DOGEUSDT,2025-09-14,2025-09-14 23:59:59.999
1757894400000,0.27795,0.28205,0.25862,0.26831,2516149434.0,1757980799999,672793645.18847,2112096,1201672654.0,321332479.34478,DOGEUSDT,2025-09-15,2025-09-15 23:59:59.999
1757980800000,0.2683,0.27204,0.257,0.26995,1849895166.0,1758067199999,491815282.79188,1720821,898088950.0,238828182.14002,DOGEUSDT,2025-09-16,2025-09-16 23:59:59.999
1758067200000,0.26994,0.28384,0.26045,0.28256,2009871469.0,1758153599999,541864114.6387,2073070,996297572.0,268849461.50654,DOGEUSDT,2025-09-17,2025-09-17 23:59:59.999
1758153600000,0.28257,0.28879,0.27559,0.27857,1751271695.0,1758239999999,493411319.02706,1762586,868702978.0,244839591.24404,DOGEUSDT,2025-09-18,2025-09-18 23:59:59.999
1758240000000,0.27856,0.28492,0.26312,0.26527,1436428172.0,1758326399999,390484196.42366,1400662,683214168.0,185760732.62244,DOGEUSDT,2025-09-19,2025-09-19 23:59:59.999
1758326400000,0.26526,0.26947,0.263,0.26759,710812856.0,1758412799999,189155698.1073,794706,374690142.0,99738028.43049,DOGEUSDT,2025-09-20,2025-09-20 23:59:59.999
1758412800000,0.26758,0.26965,0.26031,0.26074,710044749.0,1758499199999,188307837.94746,805968,290445110.0,77041019.86281,DOGEUSDT,2025-09-21,2025-09-21 23:59:59.999
1758499200000,0.26074,0.26239,0.23067,0.24122,2981639624.0,1758585599999,724740626.96639,2237838,1464115347.0,355790175.95265,DOGEUSDT,2025-09-22,2025-09-22 23:59:59.999
1758585600000,0.24123,0.24389,0.23402,0.23709,1428526604.0,1758671999999,342759368.19628,1347302,710108601.0,170594806.40866,DOGEUSDT,2025-09-23,2025-09-23 23:59:59.999
1758672000000,0.23709,0.25057,0.23098,0.24107,1685738370.0,1758758399999,405814680.39375,1469745,837243454.0,201896504.95627,DOGEUSDT,2025-09-24,2025-09-24 23:59:59.999
1758758400000,0.24107,0.24197,0.22046,0.22292,2241106701.0,1758844799999,515218699.01015,1933925,1073035925.0,246789777.69614,DOGEUSDT,2025-09-25,2025-09-25 23:59:59.999
1758844800000,0.22292,0.23331,0.22134,0.23244,1426204065.0,1758931199999,323547021.81998,1374518,704035246.0,159851531.42515,DOGEUSDT,2025-09-26,2025-09-26 23:59:59.999
1758931200000,0.23244,0.23431,0.2278,0.23077,566664585.0,1759017599999,130738857.58556,604913,268218012.0,61913212.62972,DOGEUSDT,2025-09-27,2025-09-27 23:59:59.999
1759017600000,0.23077,0.23768,0.225,0.23735,630215145.0,1759103999999,145083386.61014,718014,320215176.0,73742897.01269,DOGEUSDT,2025-09-28,2025-09-28 23:59:59.999
1759104000000,0.23735,0.23896,0.22862,0.23478,968604652.0,1759190399999,226412299.55434,1043096,481567000.0,112592577.06128,DOGEUSDT,2025-09-29,2025-09-29 23:59:59.999
1759190400000,0.23478,0.23592,0.2263,0.23293,761018697.0,1759276799999,176002119.97493,1038031,343500367.0,79503732.61183,DOGEUSDT,2025-09-30,2025-09-30 23:59:59.999
1759276800000,0.23294,0.24921,0.23034,0.24906,1175210733.0,1759363199999,284146170.38218,1196321,639949004.0,154852958.65703,DOGEUSDT,2025-10-01,2025-10-01 23:59:59.999
1759363200000,0.24906,0.26414,0.2467,0.262,1386592793.0,1759449599999,354337073.29459,1631413,667566232.0,170726280.22358,DOGEUSDT,2025-10-02,2025-10-02 23:59:59.999
1759449600000,0.26201,0.26534,0.25274,0.25819,1381551315.0,1759535999999,356895475.20819,1588814,633675906.0,163747847.93872,DOGEUSDT,2025-10-03,2025-10-03 23:59:59.999
1759536000000,0.25819,0.25979,0.2467,0.25084,885524209.0,1759622399999,223172746.5259,956054,402338276.0,101343773.52513,DOGEUSDT,2025-10-04,2025-10-04 23:59:59.999
1759622400000,0.25085,0.26518,0.24953,0.25284,1454155392.0,1759708799999,375343385.06292,1501952,672260614.0,173451886.07503,DOGEUSDT,2025-10-05,2025-10-05 23:59:59.999
1759708800000,0.25283,0.27044,0.25057,0.26603,1517510251.0,1759795199999,398221535.62705,1650855,714073129.0,187319546.02169,DOGEUSDT,2025-10-06,2025-10-06 23:59:59.999
1759795200000,0.26604,0.26831,0.24622,0.24682,1838407762.0,1759881599999,472158118.28653,1792338,829067171.0,212905069.92008,DOGEUSDT,2025-10-07,2025-10-07 23:59:59.999
1759881600000,0.24681,0.2611,0.24291,0.25564,1276623512.0,1759967999999,321688079.17086,1378571,635824191.0,160138657.17828,DOGEUSDT,2025-10-08,2025-10-08 23:59:59.999
1759968000000,0.25565,0.25593,0.24099,0.24849,1415402413.0,1760054399999,349529058.8239,1410249,671962605.0,165954660.1485,DOGEUSDT,2025-10-09,2025-10-09 23:59:59.999
1760054400000,0.2485,0.25403,0.095,0.19349,6030550997.0,1760140799999,1219139327.47886,5176557,2731827970.0,551255518.11194,DOGEUSDT,2025-10-10,2025-10-10 23:59:59.999
1760140800000,0.19348,0.20048,0.17816,0.18527,4960779079.0,1760227199999,950618505.36174,3794087,2500347760.0,479566181.06934,DOGEUSDT,2025-10-11,2025-10-11 23:59:59.999
1760227200000,0.18527,0.21421,0.18072,0.20717,3290490159.0,1760313599999,656520684.11004,2515164,1681357231.0,335323558.57013,DOGEUSDT,2025-10-12,2025-10-12 23:59:59.999
1760313600000,0.20717,0.2183,0.20188,0.2138,2645862967.0,1760399999999,554840730.14391,2290327,1315957303.0,276130765.27287,DOGEUSDT,2025-10-13,2025-10-13 23:59:59.999
1760400000000,0.2138,0.21565,0.1933,0.20437,2781575747.0,1760486399999,561157934.54856,2922946,1301975186.0,262564441.30304,DOGEUSDT,2025-10-14,2025-10-14 23:59:59.999
1760486400000,0.20436,0.20853,0.1942,0.19621,1356303348.0,1760572799999,272550379.38898,1773407,652210286.0,131084463.98595,DOGEUSDT,2025-10-15,2025-10-15 23:59:59.999
1760572800000,0.19621,0.2015,0.18469,0.1885,1903922965.0,1760659199999,368375709.42337,2360389,934463874.0,180791296.45183,DOGEUSDT,2025-10-16,2025-10-16 23:59:59.999
1760659200000,0.1885,0.19114,0.17555,0.1847,1800990961.0,1760745599999,328520532.36343,2384521,883554351.0,161304692.81403,DOGEUSDT,2025-10-17,2025-10-17 23:59:59.999
1760745600000,0.18471,0.19057,0.18426,0.18962,586500546.0,1760831999999,110030658.32596,734133,289694527.0,54355030.07146,DOGEUSDT,2025-10-18,2025-10-18 23:59:59.999
1760832000000,0.18961,0.19861,0.186,0.19535,1044321198.0,1760918399999,201455017.39781,1165044,502668436.0,97000242.04496,DOGEUSDT,2025-10-19,2025-10-19 23:59:59.999
1760918400000,0.19534,0.20249,0.19168,0.2,1140819006.0,1761004799999,227058568.27568,1289248,531713339.0,105829733.79475,DOGEUSDT,2025-10-20,2025-10-20 23:59:59.999
1761004800000,0.2,0.20563,0.19201,0.19427,1456441398.0,1761091199999,288958818.2335,1699566,663301778.0,131570021.61226,DOGEUSDT,2025-10-21,2025-10-21 23:59:59.999
1761091200000,0.19427,0.19544,0.18467,0.18993,1335843365.0,1761177599999,254789363.78925,1665330,645713286.0,123198722.25386,DOGEUSDT,2025-10-22,2025-10-22 23:59:59.999
1761177600000,0.18993,0.19745,0.18959,0.19493,940124512.0,1761263999999,182467433.02111,960482,459549104.0,89182119.43741,DOGEUSDT,2025-10-23,2025-10-23 23:59:59.999
1761264000000,0.19492,0.20095,0.19391,0.19775,762978840.0,1761350399999,150122766.36847,777606,379767298.0,74747432.07033,DOGEUSDT,2025-10-24,2025-10-24 23:59:59.999
1761350400000,0.19774,0.19985,0.19595,0.19652,680294016.0,1761436799999,134628322.50121,457707,264976068.0,52442343.23508,DOGEUSDT,2025-10-25,2025-10-25 23:59:59.999
1761436800000,0.19651,0.20742,0.19465,0.20577,909622908.0,1761523199999,183148344.98835,770417,462072863.0,93076809.22405,DOGEUSDT,2025-10-26,2025-10-26 23:59:59.999
1761523200000,0.20577,0.20953,0.19887,0.20038,1010297382.0,1761609599999,206851053.0037,1036931,494285131.0,101292590.33582,DOGEUSDT,2025-10-27,2025-10-27 23:59:59.999
1761609600000,0.20038,0.20311,0.19006,0.19362,1128616251.0,1761695999999,223153868.71805,1271442,554690359.0,109749701.19016,DOGEUSDT,2025-10-28,2025-10-28 23:59:59.999
1761696000000,0.19362,0.19728,0.1871,0.19237,1276743754.0,1761782399999,246724528.94368,1433067,612753124.0,118453501.46251,DOGEUSDT,2025-10-29,2025-10-29 23:59:59.999
1761782400000,0.19237,0.1946,0.17642,0.18268,1657462065.0,1761868799999,305638364.9249,1956543,795504747.0,146715744.63142,DOGEUSDT,2025-10-30,2025-10-30 23:59:59.999
1761868800000,0.18268,0.18816,0.18228,0.18644,693564340.0,1761955199999,128531571.40372,880427,347386716.0,64392010.41669,DOGEUSDT,2025-10-31,2025-10-31 23:59:59.999
1761955200000,0.18644,0.18837,0.18512,0.18736,381304623.0,1762041599999,71209659.96216,422093,181277879.0,33856615.30916,DOGEUSDT,2025-11-01,2025-11-01 23:59:59.999
1762041600000,0.18736,0.18884,0.18172,0.18638,422142934.0,1762127999999,78224426.82371,544434,202317692.0,37489144.06183,DOGEUSDT,2025-11-02,2025-11-02 23:59:59.999
1762128000000,0.18639,0.18666,0.16017,0.16741,2233966267.0,1762214399999,381967727.8722,2350318,1084666860.0,185221318.7454,DOGEUSDT,2025-11-03,2025-11-03 23:59:59.999
1762214400000,0.16741,0.1711,0.15159,0.16223,3239546286.0,1762300799999,523039971.28713,4022396,1539378572.0,248565018.93181,DOGEUSDT,2025-11-04,2025-11-04 23:59:59.999
1762300800000,0.16224,0.16886,0.15456,0.16719,1450649552.0,1762387199999,237866129.35671,1995705,718006629.0,117804087.55873,DOGEUSDT,2025-11-05,2025-11-05 23:59:59.999
1762387200000,0.16718,0.1678,0.15693,0.16164,991019158.0,1762473599999,160882419.0731,1587215,484917473.0,78718696.33641,DOGEUSDT,2025-11-06,2025-11-06 23:59:59.999
1762473600000,0.16164,0.18166,0.1596,0.17877,1612295661.0,1762559999999,274447812.14544,2514764,821920238.0,140139713.17803,DOGEUSDT,2025-11-07,2025-11-07 23:59:59.999
1762560000000,0.17877,0.18332,0.173,0.17605,1232860279.0,1762646399999,220196788.27929,1809853,574118081.0,102604557.89372,DOGEUSDT,2025-11-08,2025-11-08 23:59:59.999
1762646400000,0.17605,0.18158,0.17123,0.1793,824680933.0,1762732799999,145583477.48335,1263036,424689755.0,75002258.17827,DOGEUSDT,2025-11-09,2025-11-09 23:59:59.999
1762732800000,0.1793,0.18575,0.17722,0.18179,1123195034.0,1762819199999,203326142.68801,1766819,546154499.0,98917107.54017,DOGEUSDT,2025-11-10,2025-11-10 23:59:59.999
1762819200000,0.18178,0.1864,0.17154,0.17206,1194191122.0,1762905599999,212793476.02652,1736558,522907388.0,93181666.79533,DOGEUSDT,2025-11-11,2025-11-11 23:59:59.999
1762905600000,0.17207,0.17855,0.16721,0.17018,974860769.0,1762991999999,168173143.30219,1465940,486770012.0,83938319.82098,DOGEUSDT,2025-11-12,2025-11-12 23:59:59.999
1762992000000,0.17018,0.17766,0.16,0.16384,1568645541.0,1763078399999,265963501.79588,2233294,741313006.0,125548645.90806,DOGEUSDT,2025-11-13,2025-11-13 23:59:59.999
1763078400000,0.16383,0.16628,0.15472,0.15765,1838238578.0,1763164799999,297423027.04033,2502044,906671213.0,146787796.10209,DOGEUSDT,2025-11-14,2025-11-14 23:59:59.999
1763164800000,0.15765,0.16482,0.15721,0.16316,673862028.0,1763251199999,109410937.29115,903438,302901265.0,49179294.05672,DOGEUSDT,2025-11-15,2025-11-15 23:59:59.999
1763251200000,0.16316,0.16563,0.1536,0.15857,1032632939.0,1763337599999,164446278.80501,1460110,508542943.0,80998227.60197,DOGEUSDT,2025-11-16,2025-11-16 23:59:59.999
1763337600000,0.15856,0.1651,0.15066,0.15214,1608346754.0,1763423999999,253950192.51438,2145355,764759059.0,120629897.1322,DOGEUSDT,2025-11-17,2025-11-17 23:59:59.999
1763424000000,0.15214,0.16294,0.14943,0.16173,1453866633.0,1763510399999,227011193.46541,1803750,675422666.0,105433980.18207,DOGEUSDT,2025-11-18,2025-11-18 23:59:59.999
1763510400000,0.16172,0.1625,0.14712,0.1546,1411295703.0,1763596799999,218131668.74551,1806737,724535935.0,111865871.6307,DOGEUSDT,2025-11-19,2025-11-19 23:59:59.999
1763596800000,0.15459,0.15972,0.14623,0.14892,1600374682.0,1763683199999,245907244.87903,2008160,775072604.0,118904565.78885,DOGEUSDT,2025-11-20,2025-11-20 23:59:59.999
1763683200000,0.14892,0.15109,0.13321,0.14029,2835442265.0,1763769599999,397756816.83951,3499278,1410564504.0,197659220.40253,DOGEUSDT,2025-11-21,2025-11-21 23:59:59.999
1763769600000,0.14029,0.1424,0.13549,0.14027,978144036.0,1763855999999,135288111.48891,1479305,474072305.0,65537444.27807,DOGEUSDT,2025-11-22,2025-11-22 23:59:59.999
1763856000000,0.14027,0.14775,0.13966,0.145,846522905.0,1763942399999,122133108.03203,1053125,414666348.0,59809653.07521,DOGEUSDT,2025-11-23,2025-11-23 23:59:59.999
1763942400000,0.145,0.15397,0.14279,0.15181,1133652374.0,1764028799999,167653300.62482,1600326,553374743.0,81896231.53156,DOGEUSDT,2025-11-24,2025-11-24 23:59:59.999
1764028800000,0.1518,0.15504,0.14585,0.15301,936141701.0,1764115199999,140700452.77329,1174781,471052901.0,70802948.31268,DOGEUSDT,2025-11-25,2025-11-25 23:59:59.999
1764115200000,0.15301,0.15681,0.14862,0.15474,858785986.0,1764201599999,131087713.76661,1018475,404607217.0,61690086.34114,DOGEUSDT,2025-11-26,2025-11-26 23:59:59.999
1764201600000,0.15473,0.15559,0.1521,0.15264,442592040.0,1764287999999,68040858.20601,581336,218694145.0,33627527.34619,DOGEUSDT,2025-11-27,2025-11-27 23:59:59.999
1764288000000,0.15264,0.15554,0.14825,0.15017,708146301.0,1764374399999,107095802.04868,926224,326943506.0,49459797.90487,DOGEUSDT,2025-11-28,2025-11-28 23:59:59.999
1764374400000,0.15016,0.15095,0.14725,0.14837,301506106.0,1764460799999,44925679.58414,409185,128397741.0,19135078.91574,DOGEUSDT,2025-11-29,2025-11-29 23:59:59.999
1764460800000,0.14837,0.15059,0.14588,0.14599,359178345.0,1764547199999,53548691.72101,457849,168585917.0,25131915.95072,DOGEUSDT,2025-11-30,2025-11-30 23:59:59.999
1764547200000,0.14599,0.14637,0.13177,0.13547,1194651951.0,1764633599999,163990841.14855,1472485,592595066.0,81261941.79874,DOGEUSDT,2025-12-01,2025-12-01 23:59:59.999
1764633600000,0.13546,0.14783,0.13443,0.14577,805736367.0,1764719999999,114537885.31766,1069841,360028491.0,51143411.5755,DOGEUSDT,2025-12-02,2025-12-02 23:59:59.999
1764720000000,0.14578,0.1534,0.1452,0.15166,900651276.0,1764806399999,134838064.56002,1035539,423210434.0,63376231.34346,DOGEUSDT,2025-12-03,2025-12-03 23:59:59.999
1764806400000,0.15167,0.1532,0.14557,0.14739,637362886.0,1764892799999,95182658.60535,842424,295122166.0,44055200.49489,DOGEUSDT,2025-12-04,2025-12-04 23:59:59.999
1764892800000,0.14739,0.14838,0.13722,0.13956,719213185.0,1764979199999,102375567.22146,938298,356658092.0,50731429.08547,DOGEUSDT,2025-12-05,2025-12-05 23:59:59.999
1764979200000,0.13956,0.14076,0.13836,0.13975,312444302.0,1765065599999,43631044.40816,412351,167495556.0,23393126.89894,DOGEUSDT,2025-12-06,2025-12-06 23:59:59.999
1765065600000,0.13976,0.14291,0.13486,0.13867,638350242.0,1765151999999,88448350.64566,849601,328945767.0,45591756.65629,DOGEUSDT,2025-12-07,2025-12-07 23:59:59.999
1765152000000,0.13868,0.14505,0.13799,0.14259,637568327.0,1765238399999,90888154.74413,919954,306870184.0,43720399.72943,DOGEUSDT,2025-12-08,2025-12-08 23:59:59.999
1765238400000,0.1426,0.15319,0.13942,0.14797,993044372.0,1765324799999,145567168.96872,1235272,482566597.0,70709485.30382,DOGEUSDT,2025-12-09,2025-12-09 23:59:59.999
1765324800000,0.14796,0.15031,0.14235,0.14332,770619026.0,1765411199999,112877219.37327,1243644,384116332.0,56287381.15277,DOGEUSDT,2025-12-10,2025-12-10 23:59:59.999
1765411200000,0.14332,0.1436,0.13623,0.14033,829996639.0,1765497599999,115122620.90269,1074716,426681625.0,59144117.98266,DOGEUSDT,2025-12-11,2025-12-11 23:59:59.999
1765497600000,0.14034,0.14155,0.13428,0.13692,532296809.0,1765583999999,73478361.65309,805252,258717112.0,35700614.99145,DOGEUSDT,2025-12-12,2025-12-12 23:59:59.999
1765584000000,0.13692,0.14002,0.13691,0.13905,215402184.0,1765670399999,29842107.606,362734,102272304.0,14169909.08112,DOGEUSDT,2025-12-13,2025-12-13 23:59:59.999
1765670400000,0.13906,0.13925,0.13261,0.13408,446980516.0,1765756799999,60561975.03456,616398,234955347.0,31822198.30614,DOGEUSDT,2025-12-14,2025-12-14 23:59:59.999
1765756800000,0.13407,0.13845,0.12661,0.12975,784404436.0,1765843199999,103760387.9744,1310628,382946682.0,50600643.95475,DOGEUSDT,2025-12-15,2025-12-15 23:59:59.999
1765843200000,0.12975,0.13305,0.12716,0.13179,537676555.0,1765929599999,70278117.09634,1047737,268646477.0,35132206.25551,DOGEUSDT,2025-12-16,2025-12-16 23:59:59.999
1765929600000,0.13179,0.13631,0.12481,0.12633,818900138.0,1766015999999,106165185.1301,1429160,399347491.0,51749651.58268,DOGEUSDT,2025-12-17,2025-12-17 23:59:59.999
1766016000000,0.12633,0.13072,0.11993,0.12207,1170003699.0,1766102399999,146269162.40867,1639224,559390043.0,69941078.71328,DOGEUSDT,2025-12-18,2025-12-18 23:59:59.999
1766102400000,0.12207,0.13353,0.12056,0.13222,886504087.0,1766188799999,113723980.36218,1297588,430316894.0,55202651.63998,DOGEUSDT,2025-12-19,2025-12-19 23:59:59.999
1766188800000,0.13222,0.13261,0.13069,0.13194,256897701.0,1766275199999,33842068.50028,345971,129326496.0,17038193.77742,DOGEUSDT,2025-12-20,2025-12-20 23:59:59.999
1766275200000,0.13193,0.13342,0.12871,0.13112,315017725.0,1766361599999,41161056.1624,561601,165065115.0,21573546.59771,DOGEUSDT,2025-12-21,2025-12-21 23:59:59.999
1766361600000,0.13113,0.1354,0.12952,0.13258,578553795.0,1766447999999,76773375.92192,1098065,300273786.0,39840863.21676,DOGEUSDT,2025-12-22,2025-12-22 23:59:59.999
1766448000000,0.13258,0.13369,0.12789,0.12928,507414870.0,1766534399999,66083836.7402,832612,244458747.0,31824516.99284,DOGEUSDT,2025-12-23,2025-12-23 23:59:59.999
1766534400000,0.12929,0.13038,0.12651,0.12856,335694754.0,1766620799999,43001950.02828,584106,146592371.0,18776669.28176,DOGEUSDT,2025-12-24,2025-12-24 23:59:59.999
1766620800000,0.12855,0.12909,0.123,0.12365,418798463.0,1766707199999,52978871.95817,535964,179558572.0,22709969.66989,DOGEUSDT,2025-12-25,2025-12-25 23:59:59.999
1766707200000,0.12364,0.12752,0.12064,0.12211,719882140.0,1766793599999,89239314.19039,881797,337367998.0,41777340.18919,DOGEUSDT,2025-12-26,2025-12-26 23:59:59.999
1766793600000,0.12211,0.12492,0.12193,0.12435,242221247.0,1766879999999,29801690.22024,300811,119253044.0,14675045.52455,DOGEUSDT,2025-12-27,2025-12-27 23:59:59.999
1766880000000,0.12435,0.1249,0.12277,0.12393,221394199.0,1766966399999,27434653.703,296777,103035385.0,12770667.9963,DOGEUSDT,2025-12-28,2025-12-28 23:59:59.999
1766966400000,0.12394,0.12805,0.12228,0.12288,673526124.0,1767052799999,84263156.10882,819860,332152299.0,41524902.2109,DOGEUSDT,2025-12-29,2025-12-29 23:59:59.999
1767052800000,0.12288,0.12537,0.1224,0.12336,627500697.0,1767139199999,77819799.98121,536882,333965158.0,41450894.79203,DOGEUSDT,2025-12-30,2025-12-30 23:59:59.999
1767139200000,0.12335,0.12381,0.11612,0.11747,670335608.0,1767225599999,80135267.84825,564325,369364260.0,44142884.47731,DOGEUSDT,2025-12-31,2025-12-31 23:59:59.999
1767225600000,0.11747,0.1275,0.11742,0.12683,886565713.0,1767311999999,109222807.65797,732788,463111788.0,57029308.94303,DOGEUSDT,2026-01-01,2026-01-01 23:59:59.999
1767312000000,0.12682,0.14498,0.12592,0.14188,2240031844.0,1767398399999,301880200.6481,2227286,1110891203.0,149715680.50156,DOGEUSDT,2026-01-02,2026-01-02 23:59:59.999
1767398400000,0.14187,0.14451,0.13914,0.14315,1027895793.0,1767484799999,146034233.39091,1049478,471070511.0,66963097.90784,DOGEUSDT,2026-01-03,2026-01-03 23:59:59.999
1767484800000,0.14314,0.15418,0.14278,0.14953,1371022860.0,1767571199999,206060792.29788,1852562,706343081.0,106130396.23559,DOGEUSDT,2026-01-04,2026-01-04 23:59:59.999
1767571200000,0.14952,0.1545,0.14581,0.15171,1115045910.0,1767657599999,167321227.9625,1820724,555255819.0,83388824.84122,DOGEUSDT,2026-01-05,2026-01-05 23:59:59.999
1767657600000,0.15171,0.15656,0.14352,0.15055,1272318747.0,1767743999999,190733595.84774,1981622,641066634.0,96118237.36429,DOGEUSDT,2026-01-06,2026-01-06 23:59:59.999
1767744000000,0.15055,0.15405,0.14487,0.14642,797102416.0,1767830399999,118316149.7839,1389926,379600916.0,56385093.74156,DOGEUSDT,2026-01-07,2026-01-07 23:59:59.999
1767830400000,0.14642,0.14777,0.138,0.14194,959509517.0,1767916799999,136352793.37517,1484439,435572946.0,61893203.47157,DOGEUSDT,2026-01-08,2026-01-08 23:59:59.999
1767916800000,0.14195,0.14462,0.13825,0.14071,703610941.0,1768003199999,99368656.28199,1199113,325364639.0,45971079.84402,DOGEUSDT,2026-01-09,2026-01-09 23:59:59.999
1768003200000,0.1407,0.14072,0.13904,0.13965,219649749.0,1768089599999,30755979.35387,328469,100248494.0,14036599.72501,DOGEUSDT,2026-01-10,2026-01-10 23:59:59.999
1768089600000,0.13965,0.1412,0.13585,0.13801,419409403.0,1768175999999,58090364.37931,625549,215933067.0,29915394.61439,DOGEUSDT,2026-01-11,2026-01-11 23:59:59.999
1768176000000,0.13801,0.14237,0.13492,0.13662,721042880.0,1768262399999,99590291.64411,1330250,313539143.0,43321064.68768,DOGEUSDT,2026-01-12,2026-01-12 23:59:59.999
1768262400000,0.13661,0.15095,0.13626,0.14828,962128224.0,1768348799999,137700404.73251,1316054,449487356.0,64298658.20271,DOGEUSDT,2026-01-13,2026-01-13 23:59:59.999
1768348800000,0.14828,0.15133,0.14562,0.14718,873212059.0,1768435199999,129478917.44994,1283982,421256612.0,62484224.6196,DOGEUSDT,2026-01-14,2026-01-14 23:59:59.999
1768435200000,0.14719,0.14721,0.13881,0.14004,785586188.0,1768521599999,111954090.23683,1089532,357924677.0,51020796.14058,DOGEUSDT,2026-01-15,2026-01-15 23:59:59.999
1768521600000,0.14005,0.14045,0.1351,0.13813,990841345.0,1768607999999,136644568.9314,840282,394001863.0,54316784.91133,DOGEUSDT,2026-01-16,2026-01-16 23:59:59.999
1768608000000,0.13813,0.14003,0.13682,0.13788,343127679.0,1768694399999,47431412.01649,404198,174921658.0,24194886.24261,DOGEUSDT,2026-01-17,2026-01-17 23:59:59.999
1768694400000,0.13788,0.13835,0.13133,0.13164,479039950.0,1768780799999,65010668.85132,617973,242357798.0,32881888.8337,DOGEUSDT,2026-01-18,2026-01-18 23:59:59.999
1768780800000,0.13163,0.13163,0.12,0.12916,1347363841.0,1768867199999,171112347.27312,1306614,710287530.0,90160957.8914,DOGEUSDT,2026-01-19,2026-01-19 23:59:59.999
1768867200000,0.12917,0.12934,0.12178,0.12336,794330118.0,1768953599999,99645234.24613,1091120,388313184.0,48707055.24721,DOGEUSDT,2026-01-20,2026-01-20 23:59:59.999
1768953600000,0.12336,0.12884,0.12029,0.12654,942674775.0,1769039999999,117620449.73392,1389867,470337968.0,58690832.60507,DOGEUSDT,2026-01-21,2026-01-21 23:59:59.999
1769040000000,0.12653,0.12794,0.12322,0.12437,424956417.0,1769126399999,53357861.9913,696418,208857511.0,26230851.10951,DOGEUSDT,2026-01-22,2026-01-22 23:59:59.999
1769126400000,0.12437,0.12788,0.12203,0.12477,533582852.0,1769212799999,66655838.82565,843058,245730942.0,30691537.58195,DOGEUSDT,2026-01-23,2026-01-23 23:59:59.999
1769212800000,0.12478,0.12494,0.12291,0.12423,168690655.0,1769299199999,20957716.10475,221239,74577831.0,9266941.82704,DOGEUSDT,2026-01-24,2026-01-24 23:59:59.999
1769299200000,0.12422,0.12435,0.11764,0.11945,644477476.0,1769385599999,77738981.03316,764548,278299012.0,33554130.57425,DOGEUSDT,2026-01-25,2026-01-25 23:59:59.999
1769385600000,0.11945,0.12381,0.11924,0.12236,708086997.0,1769471999999,86361407.30227,785399,322702057.0,39378837.61449,DOGEUSDT,2026-01-26,2026-01-26 23:59:59.999
1769472000000,0.12236,0.12666,0.12139,0.12619,704522307.0,1769558399999,87039828.82422,761291,359695298.0,44445017.82241,DOGEUSDT,2026-01-27,2026-01-27 23:59:59.999
1769558400000,0.1262,0.12775,0.12372,0.125,651222550.0,1769644799999,81771631.94224,792974,299946785.0,37627070.94268,DOGEUSDT,2026-01-28,2026-01-28 23:59:59.999
1769644800000,0.125,0.12525,0.1144,0.11728,1189313828.0,1769731199999,140656491.76514,1152266,645915888.0,76338551.193,DOGEUSDT,2026-01-29,2026-01-29 23:59:59.999
1769731200000,0.11729,0.11871,0.11217,0.11581,1164836231.0,1769817599999,134166968.39185,1513685,543491954.0,62591377.467,DOGEUSDT,2026-01-30,2026-01-30 23:59:59.999
1769817600000,0.11582,0.11593,0.09461,0.10426,2462959641.0,1769903999999,258114346.50166,2351739,1176843499.0,123228960.84252,DOGEUSDT,2026-01-31,2026-01-31 23:59:59.999
1769904000000,0.10426,0.10685,0.10103,0.10426,1128141338.0,1769990399999,117912128.72529,1526153,523522306.0,54710322.9538,DOGEUSDT,2026-02-01,2026-02-01 23:59:59.999
1769990400000,0.10427,0.11056,0.09955,0.10792,1604582722.0,1770076799999,167945160.16619,2198095,803949408.0,84238419.70618,DOGEUSDT,2026-02-02,2026-02-02 23:59:59.999
1770076800000,0.10791,0.11053,0.10226,0.10602,1614342566.0,1770163199999,172598524.73871,1830028,799277519.0,85533166.46991,DOGEUSDT,2026-02-03,2026-02-03 23:59:59.999
1770163200000,0.10602,0.10947,0.10127,0.10383,1322881491.0,1770249599999,139066982.2845,1728093,647022485.0,68048165.72451,DOGEUSDT,2026-02-04,2026-02-04 23:59:59.999
1770249600000,0.10383,0.10477,0.08675,0.08849,3166815594.0,1770335999999,300880029.8884,3783582,1494751777.0,142042736.1939,DOGEUSDT,2026-02-05,2026-02-05 23:59:59.999
1770336000000,0.08848,0.10211,0.08001,0.09848,2894496776.0,1770422399999,264062397.69446,3200222,1401477270.0,128008577.69184,DOGEUSDT,2026-02-06,2026-02-06 23:59:59.999
1770422400000,0.09847,0.09948,0.09472,0.09823,1448690461.0,1770508799999,140960623.39996,1419343,702935360.0,68407202.1539,DOGEUSDT,2026-02-07,2026-02-07 23:59:59.999
1770508800000,0.09823,0.09902,0.0951,0.09663,616525440.0,1770595199999,60038530.16109,843738,298647211.0,29097025.28657,DOGEUSDT,2026-02-08,2026-02-08 23:59:59.999
1770595200000,0.09663,0.09748,0.09243,0.09611,682487562.0,1770681599999,65036532.79777,916460,326108237.0,31088319.78982,DOGEUSDT,2026-02-09,2026-02-09 23:59:59.999
1770681600000,0.09612,0.09657,0.09182,0.09277,497491627.0,1770767999999,46577224.48477,731248,240837011.0,22534532.8298,DOGEUSDT,2026-02-10,2026-02-10 23:59:59.999
1770768000000,0.09277,0.09362,0.0879,0.09112,788143970.0,1770854399999,71416512.93377,1056084,378554972.0,34288756.39276,DOGEUSDT,2026-02-11,2026-02-11 23:59:59.999
1770854400000,0.09113,0.09455,0.09069,0.093,647408732.0,1770940799999,59886781.13044,847022,309435481.0,28638529.19711,DOGEUSDT,2026-02-12,2026-02-12 23:59:59.999
1770940800000,0.09299,0.09764,0.09179,0.09667,727434615.0,1771027199999,69152340.90265,701710,396279344.0,37721422.70446,DOGEUSDT,2026-02-13,2026-02-13 23:59:59.999
1771027200000,0.09668,0.11383,0.0963,0.11104,1350008258.0,1771113599999,142481721.99147,1232085,661158935.0,69531885.42641,DOGEUSDT,2026-02-14,2026-02-14 23:59:59.999
1771113600000,0.11104,0.11757,0.10155,0.10269,2260569216.0,1771199999999,251358678.60656,2210913,1128210473.0,125622153.503,DOGEUSDT,2026-02-15,2026-02-15 23:59:59.999
1771200000000,0.10268,0.1036,0.0985,0.10102,1011576182.0,1771286399999,102601192.71794,1158131,537235909.0,54540041.45157,DOGEUSDT,2026-02-16,2026-02-16 23:59:59.999
1771286400000,0.10103,0.1036,0.09836,0.10066,813594093.0,1771372799999,81791588.56452,992675,393567966.0,39591074.35877,DOGEUSDT,2026-02-17,2026-02-17 23:59:59.999
1771372800000,0.10067,0.1023,0.09749,0.09855,540244921.0,1771459199999,54061793.2844,780323,248199115.0,24851054.59512,DOGEUSDT,2026-02-18,2026-02-18 23:59:59.999
1771459200000,0.09855,0.09924,0.09551,0.09837,628133019.0,1771545599999,61364130.36333,775293,284316805.0,27776032.54962,DOGEUSDT,2026-02-19,2026-02-19 23:59:59.999
1771545600000,0.09836,0.10244,0.09566,0.10011,879726429.0,1771631999999,87475574.71295,1052097,448475152.0,44601640.67999,DOGEUSDT,2026-02-20,2026-02-20 23:59:59.999
1771632000000,0.10011,0.10098,0.0984,0.09841,366330724.0,1771718399999,36546500.94811,433431,153524838.0,15331143.27696,DOGEUSDT,2026-02-21,2026-02-21 23:59:59.999
1771718400000,0.09842,0.09855,0.09457,0.09558,393579573.0,1771804799999,37913900.94865,450697,169641260.0,16338020.52316,DOGEUSDT,2026-02-22,2026-02-22 23:59:59.999
1771804800000,0.09559,0.0976,0.09145,0.09266,885845121.0,1771891199999,83326543.64038,1079495,412893666.0,38850539.51709,DOGEUSDT,2026-02-23,2026-02-23 23:59:59.999
1771891200000,0.09267,0.0936,0.08996,0.09137,690018269.0,1771977599999,63291370.41416,841983,373039875.0,34236206.76053,DOGEUSDT,2026-02-24,2026-02-24 23:59:59.999
1771977600000,0.09138,0.10618,0.0909,0.10095,1467184174.0,1772063999999,145945867.17479,1622695,725932402.0,72082240.84268,DOGEUSDT,2026-02-25,2026-02-25 23:59:59.999
1772064000000,0.10095,0.1017,0.0954,0.09701,796682755.0,1772150399999,78678758.50825,1088677,395653776.0,39105543.61555,DOGEUSDT,2026-02-26,2026-02-26 23:59:59.999
1772150400000,0.09702,0.09911,0.09198,0.09337,688625162.0,1772236799999,65836479.6197,882478,346960073.0,33180919.87503,DOGEUSDT,2026-02-27,2026-02-27 23:59:59.999
1772236800000,0.09337,0.095,0.08771,0.09405,1263091942.0,1772323199999,114525214.80442,1296760,645346498.0,58542670.15727,DOGEUSDT,2026-02-28,2026-02-28 23:59:59.999
1772323200000,0.09406,0.09788,0.09056,0.0919,1025310501.0,1772409599999,96619318.75648,1108289,477874586.0,45042470.5296,DOGEUSDT,2026-03-01,2026-03-01 23:59:59.999
1772409600000,0.0919,0.09771,0.0908,0.09356,939663669.0,1772495999999,88600859.84502,1169244,484339480.0,45704228.58757,DOGEUSDT,2026-03-02,2026-03-02 23:59:59.999
1772496000000,0.09356,0.09385,0.08847,0.08997,1057244496.0,1772582399999,95698611.05617,1190127,559753401.0,50661361.80832,DOGEUSDT,2026-03-03,2026-03-03 23:59:59.999
1772582400000,0.08998,0.10434,0.08859,0.09893,2260563245.0,1772668799999,218706278.43243,2097069,1086872151.0,105049232.08799,DOGEUSDT,2026-03-04,2026-03-04 23:59:59.999
1772668800000,0.09893,0.09924,0.09275,0.09356,1069888791.0,1772755199999,102466483.54141,1128319,551713300.0,52825382.19105,DOGEUSDT,2026-03-05,2026-03-05 23:59:59.999
1772755200000,0.09356,0.09441,0.09,0.09129,871355799.0,1772841599999,80056712.30538,681217,425206711.0,39090050.19599,DOGEUSDT,2026-03-06,2026-03-06 23:59:59.999
1772841600000,0.09129,0.09213,0.08927,0.08993,443785459.0,1772927999999,40126795.51676,311150,231492830.0,20940427.24983,DOGEUSDT,2026-03-07,2026-03-07 23:59:59.999
1772928000000,0.08993,0.09133,0.08666,0.08915,834121407.0,1773014399999,74195726.86505,624797,377274214.0,33573623.99585,DOGEUSDT,2026-03-08,2026-03-08 23:59:59.999
1773014400000,0.08914,0.09283,0.089,0.09049,996650758.0,1773100799999,90618107.25605,796926,482554727.0,43889646.77255,DOGEUSDT,2026-03-09,2026-03-09 23:59:59.999
1773100800000,0.09048,0.10046,0.09033,0.09452,1835766129.0,1773187199999,176216399.29186,1347361,919785264.0,88242429.36137,DOGEUSDT,2026-03-10,2026-03-10 23:59:59.999
1773187200000,0.09452,0.09509,0.0912,0.09288,1179985494.0,1773273599999,109772578.96679,821484,616586457.0,57351362.27453,DOGEUSDT,2026-03-11,2026-03-11 23:59:59.999
1773273600000,0.09289,0.09586,0.0918,0.09475,829896186.0,1773359999999,77947460.63539,736588,419331211.0,39376853.61686,DOGEUSDT,2026-03-12,2026-03-12 23:59:59.999
1773360000000,0.09474,0.10199,0.09454,0.09596,1677294975.0,1773446399999,164706201.27397,1250525,797361747.0,78294893.97106,DOGEUSDT,2026-03-13,2026-03-13 23:59:59.999
1773446400000,0.09596,0.09643,0.094,0.09604,645440544.0,1773532799999,61431547.30614,377156,299275077.0,28485773.93309,DOGEUSDT,2026-03-14,2026-03-14 23:59:59.999
1773532800000,0.09605,0.09809,0.09445,0.09738,811760787.0,1773619199999,77968888.08746,555193,411230656.0,39516799.34269,DOGEUSDT,2026-03-15,2026-03-15 23:59:59.999
1773619200000,0.09738,0.10375,0.09704,0.10304,2122489632.0,1773705599999,214102653.72698,1430274,1024443047.0,103349233.10868,DOGEUSDT,2026-03-16,2026-03-16 23:59:59.999
1773705600000,0.10304,0.10449,0.0983,0.10015,1140650949.0,1773791999999,115188171.54234,871019,551581466.0,55709313.65249,DOGEUSDT,2026-03-17,2026-03-17 23:59:59.999
1773792000000,0.10015,0.10185,0.09328,0.09526,1318080266.0,1773878399999,127138507.76042,900412,629065572.0,60633247.53167,DOGEUSDT,2026-03-18,2026-03-18 23:59:59.999
1773878400000,0.09526,0.09609,0.09177,0.09354,734075989.0,1773964799999,68874087.18295,579114,326791119.0,30665993.02002,DOGEUSDT,2026-03-19,2026-03-19 23:59:59.999
1773964800000,0.09353,0.09541,0.09287,0.09416,514985689.0,1774051199999,48460656.90013,468079,268996223.0,25323203.3313,DOGEUSDT,2026-03-20,2026-03-20 23:59:59.999
1774051200000,0.09417,0.09499,0.09061,0.09135,403560564.0,1774137599999,37682102.27571,275786,212056208.0,19822173.31424,DOGEUSDT,2026-03-21,2026-03-21 23:59:59.999
1774137600000,0.09133,0.09287,0.08916,0.09015,726682148.0,1774223999999,66191312.50356,527107,381206622.0,34737297.90938,DOGEUSDT,2026-03-22,2026-03-22 23:59:59.999
1774224000000,0.09015,0.09578,0.08925,0.09415,1021392653.0,1774310399999,95162738.04752,902311,528469227.0,49267481.8643,DOGEUSDT,2026-03-23,2026-03-23 23:59:59.999
1774310400000,0.09416,0.09562,0.09245,0.0951,602456245.0,1774396799999,56638900.40693,551196,278904888.0,26237001.57225,DOGEUSDT,2026-03-24,2026-03-24 23:59:59.999
1774396800000,0.09511,0.09796,0.09441,0.09618,801581697.0,1774483199999,77341717.65324,547461,404473246.0,39035545.58372,DOGEUSDT,2026-03-25,2026-03-25 23:59:59.999
1774483200000,0.09618,0.09627,0.09056,0.09205,847613271.0,1774569599999,78254414.59101,554824,398090295.0,36792932.04697,DOGEUSDT,2026-03-26,2026-03-26 23:59:59.999
1774569600000,0.09205,0.09271,0.0893,0.09011,534311702.0,1774655999999,48343465.70778,439905,237128001.0,21470481.42368,DOGEUSDT,2026-03-27,2026-03-27 23:59:59.999
1774656000000,0.0901,0.09533,0.08969,0.091,662603823.0,1774742399999,61277477.10663,447079,309052975.0,28576917.205,DOGEUSDT,2026-03-28,2026-03-28 23:59:59.999
1774742400000,0.09099,0.09169,0.088,0.09045,432289764.0,1774828799999,39061544.70514,388856,199981028.0,18085927.84024,DOGEUSDT,2026-03-29,2026-03-29 23:59:59.999
1774828800000,0.09046,0.09394,0.09026,0.09083,808515385.0,1774915199999,74693442.8929,594298,345532525.0,31923252.00896,DOGEUSDT,2026-03-30,2026-03-30 23:59:59.999
1774915200000,0.09084,0.09284,0.08937,0.09232,727310486.0,1775001599999,66417355.37075,612790,355809744.0,32506569.35068,DOGEUSDT,2026-03-31,2026-03-31 23:59:59.999
1775001600000,0.09232,0.09453,0.0916,0.09219,641844567.0,1775087999999,59649716.61121,544213,314774992.0,29250894.73049,DOGEUSDT,2026-04-01,2026-04-01 23:59:59.999
1775088000000,0.09218,0.09273,0.08899,0.0904,672578495.0,1775174399999,60736275.7905,622542,325866310.0,29423982.39444,DOGEUSDT,2026-04-02,2026-04-02 23:59:59.999
1775174400000,0.0904,0.09259,0.08992,0.09156,390119550.0,1775260799999,35666042.1285,336481,190848142.0,17449896.53437,DOGEUSDT,2026-04-03,2026-04-03 23:59:59.999
1775260800000,0.09155,0.09312,0.09073,0.09207,294338905.0,1775347199999,27008020.37718,218160,149950542.0,13753517.28945,DOGEUSDT,2026-04-04,2026-04-04 23:59:59.999
1775347200000,0.09206,0.09244,0.08971,0.09238,446283605.0,1775433599999,40490382.22638,307330,211274786.0,19171979.3706,DOGEUSDT,2026-04-05,2026-04-05 23:59:59.999
1775433600000,0.09239,0.09362,0.08993,0.09061,786154494.0,1775519999999,72475376.24702,580348,363485013.0,33510224.83946,DOGEUSDT,2026-04-06,2026-04-06 23:59:59.999
1775520000000,0.0906,0.09606,0.09005,0.09492,1070228638.0,1775606399999,99035215.43523,627510,547943441.0,50696680.58096,DOGEUSDT,2026-04-07,2026-04-07 23:59:59.999
1775606400000,0.09492,0.0956,0.09213,0.0924,827978693.0,1775692799999,77973313.82005,569201,383164404.0,36090876.68157,DOGEUSDT,2026-04-08,2026-04-08 23:59:59.999
1775692800000,0.0924,0.09499,0.09091,0.0926,802899034.0,1775779199999,74101271.16613,551882,412787061.0,38086400.62241,DOGEUSDT,2026-04-09,2026-04-09 23:59:59.999
1775779200000,0.09259,0.09529,0.09192,0.09368,701107655.0,1775865599999,65618644.96664,519067,368503502.0,34496444.61641,DOGEUSDT,2026-04-10,2026-04-10 23:59:59.999
1775865600000,0.09369,0.09489,0.09224,0.09309,526565984.0,1775951999999,49167820.48518,355709,247604483.0,23128884.7387,DOGEUSDT,2026-04-11,2026-04-11 23:59:59.999
1775952000000,0.09309,0.09326,0.09028,0.09084,762424475.0,1776038399999,69548173.35383,412404,368514417.0,33607078.72943,DOGEUSDT,2026-04-12,2026-04-12 23:59:59.999
1776038400000,0.09085,0.09437,0.09069,0.09411,907826579.0,1776124799999,83838639.83903,492570,451922763.0,41771825.96443,DOGEUSDT,2026-04-13,2026-04-13 23:59:59.999
1776124800000,0.09411,0.09805,0.09239,0.09297,1316956334.0,1776211199999,124757682.64605,840570,630183431.0,59702816.16866,DOGEUSDT,2026-04-14,2026-04-14 23:59:59.999
1776211200000,0.09297,0.09679,0.09257,0.09488,643749772.0,1776297599999,60629234.04494,521461,320221962.0,30146164.3906,DOGEUSDT,2026-04-15,2026-04-15 23:59:59.999
1776297600000,0.09489,0.09988,0.09449,0.09921,1593856365.0,1776383999999,155091554.66684,986725,872707256.0,85057828.21037,DOGEUSDT,2026-04-16,2026-04-16 23:59:59.999
1776384000000,0.09921,0.10218,0.09671,0.09941,1377548839.0,1776470399999,137323312.14745,951714,670159767.0,66858810.86112,DOGEUSDT,2026-04-17,2026-04-17 23:59:59.999
1776470400000,0.0994,0.09976,0.0941,0.09479,904717066.0,1776556799999,87582285.44545,534498,398638095.0,38551520.85327,DOGEUSDT,2026-04-18,2026-04-18 23:59:59.999
1776556800000,0.0948,0.09643,0.09255,0.09302,1088500058.0,1776643199999,102887224.53967,614169,530843193.0,50213538.08353,DOGEUSDT,2026-04-19,2026-04-19 23:59:59.999
1776643200000,0.09303,0.09609,0.0929,0.09521,741757963.0,1776729599999,70244453.18055,487866,394130081.0,37320558.50692,DOGEUSDT,2026-04-20,2026-04-20 23:59:59.999
1776729600000,0.09521,0.096,0.09356,0.09518,511817527.0,1776815999999,48642184.57973,409404,260959208.0,24814847.22097,DOGEUSDT,2026-04-21,2026-04-21 23:59:59.999
1776816000000,0.09519,0.0986,0.09487,0.09565,856611555.0,1776902399999,83252827.38061,534855,435501031.0,42327369.341,DOGEUSDT,2026-04-22,2026-04-22 23:59:59.999
1776902400000,0.09564,0.09803,0.09516,0.09714,913044373.0,1776988799999,88045741.52634,528922,457519629.0,44128010.42882,DOGEUSDT,2026-04-23,2026-04-23 23:59:59.999
1776988800000,0.09714,0.09957,0.09682,0.09843,980704980.0,1777075199999,96061390.59027,522455,523526825.0,51284109.76134,DOGEUSDT,2026-04-24,2026-04-24 23:59:59.999
1777075200000,0.09842,0.0991,0.09738,0.098,495014209.0,1777161599999,48659362.72102,292249,247876838.0,24367346.72291,DOGEUSDT,2026-04-25,2026-04-25 23:59:59.999
1777161600000,0.09799,0.09994,0.09748,0.09922,571675655.0,1777247999999,56421478.13645,348327,325255321.0,32105204.03589,DOGEUSDT,2026-04-26,2026-04-26 23:59:59.999
1777248000000,0.09922,0.10086,0.09694,0.09895,877426665.0,1777334399999,86520853.44241,564277,476965794.0,47035091.53373,DOGEUSDT,2026-04-27,2026-04-27 23:59:59.999
1777334400000,0.09894,0.10103,0.09806,0.09935,1086723968.0,1777420799999,108069697.51631,598040,548538598.0,54592461.43299,DOGEUSDT,2026-04-28,2026-04-28 23:59:59.999
1777420800000,0.09934,0.112,0.09924,0.10408,2813781661.0,1777507199999,295279733.1968,1861994,1462339710.0,153277816.02262,DOGEUSDT,2026-04-29,2026-04-29 23:59:59.999
1777507200000,0.10407,0.10841,0.10397,0.1065,1455486372.0,1777593599999,154830765.54775,1200862,739948596.0,78735145.03867,DOGEUSDT,2026-04-30,2026-04-30 23:59:59.999
1777593600000,0.1065,0.11055,0.10641,0.10853,1132037099.0,1777679999999,123195114.15324,837703,582204587.0,63366374.11055,DOGEUSDT,2026-05-01,2026-05-01 23:59:59.999
1777680000000,0.10853,0.10936,0.10714,0.10851,560055038.0,1777766399999,60676972.12805,396905,279285604.0,30263536.5534,DOGEUSDT,2026-05-02,2026-05-02 23:59:59.999
1777766400000,0.10851,0.1094,0.10715,0.10866,341690817.0,1777852799999,36955326.34293,250724,180092491.0,19478380.60365,DOGEUSDT,2026-05-03,2026-05-03 23:59:59.999
